#
# A fatal error has been detected by the Java Runtime Environment:
#
#  SIGSEGV (0xb) at pc=0x00007f9bac658735, pid=2768, tid=2827
#
# JRE version: OpenJDK Runtime Environment Temurin-21.0.12+8 (21.0.12+8) (build 21.0.12+8-LTS)
# Java VM: OpenJDK 64-Bit Server VM Temurin-21.0.12+8 (21.0.12+8-LTS, mixed mode, sharing, tiered, compressed oops, compressed class ptrs, g1 gc, linux-amd64)
# Problematic frame:
# C  [librobolectric-nativeruntime.so+0x458735]  sqlite3_column_count+0x5
#
# Core dump will be written. Default location: core.2768 (may not exist)
#
# If you would like to submit a bug report, please visit:
#   https://github.com/adoptium/adoptium-support/issues
# The crash happened outside the Java Virtual Machine in native code.
# See problematic frame for where to report the bug.
#

---------------  S U M M A R Y ------------

Command Line: -Djava.awt.headless=true -Djava.library.path=/usr/java/packages/lib:/usr/lib64:/lib64:/lib:/usr/lib:/app/applet/app/src/testDebug/jniLibs:/app/applet/app/src/test/jniLibs -Dorg.gradle.internal.worker.tmpdir=/app/applet/app/build/tmp/testDebugUnitTest/work --add-opens=java.base/java.io=ALL-UNNAMED -Xmx512m -Dfile.encoding=UTF-8 -Duser.country=US -Duser.language=en -Duser.variant -ea worker.org.gradle.process.internal.worker.GradleWorkerMain 'Gradle Test Executor 3'

Host: unknown, 4 cores, 12G, Ubuntu 22.04.5 LTS
Time: Fri Sep 11 00:45:13 2026 UTC elapsed time: 8.976591 seconds (0d 0h 0m 8s)

---------------  T H R E A D  ---------------

Current thread (0x00007f9b80001fc0):  JavaThread "WM.task-11" daemon [_thread_in_native, id=2827, stack(0x00007f9bad200000,0x00007f9bad300000) (1024K)]

Stack: [0x00007f9bad200000,0x00007f9bad300000],  sp=0x00007f9bad2fc908,  free space=1010k
Native frames: (J=compiled Java code, j=interpreted, Vv=VM code, C=native code)
C  [librobolectric-nativeruntime.so+0x458735]  sqlite3_column_count+0x5
j  org.robolectric.shadows.ShadowNativeSQLiteConnection.lambda$nativeGetColumnCount$12(JJ)Ljava/lang/Integer;+2
j  org.robolectric.shadows.ShadowNativeSQLiteConnection$$Lambda+0x00007f9bb08328a8.get()Ljava/lang/Object;+8
J 4946 c2 org.robolectric.util.PerfStatsCollector.measure(Ljava/lang/String;Lorg/robolectric/util/PerfStatsCollector$ThrowingSupplier;)Ljava/lang/Object; (44 bytes) @ 0x00007f9c0c5b09b4 [0x00007f9c0c5b08c0+0x00000000000000f4]
j  org.robolectric.shadows.ShadowNativeSQLiteConnection.nativeGetColumnCount(JJ)I+12
J 7765 c2 java.lang.invoke.LambdaForm$DMH+0x00007f9bb068c800.invokeStatic(Ljava/lang/Object;JJ)I java.base@21.0.12 (17 bytes) @ 0x00007f9c0c3e1edc [0x00007f9c0c3e1ea0+0x000000000000003c]
J 5254 c1 java.lang.invoke.LambdaForm$MH+0x00007f9bb0691400.guardWithCatch(Ljava/lang/Object;JJ)I java.base@21.0.12 (77 bytes) @ 0x00007f9c04fd68ec [0x00007f9c04fd6620+0x00000000000002cc]
j  java.lang.invoke.LambdaForm$MH+0x00007f9bb0693c00.reinvoke(Ljava/lang/Object;JJ)I+22 java.base@21.0.12
J 5181 c1 java.lang.invoke.LambdaForm$MH+0x00007f9bb0694400.guard(Ljava/lang/Object;JJ)I java.base@21.0.12 (100 bytes) @ 0x00007f9c04fa5c84 [0x00007f9c04fa5720+0x0000000000000564]
j  java.lang.invoke.LambdaForm$MH+0x00007f9bb0693400.invoke(Ljava/lang/Object;JJ)I+52 java.base@21.0.12
j  java.lang.invoke.LambdaForm$MH+0x00007f9bb0693c00.reinvoke(Ljava/lang/Object;JJ)I+22 java.base@21.0.12
J 7739 c1 android.database.sqlite.SQLiteConnection.nativeGetColumnCount(JJ)I (8 bytes) @ 0x00007f9c04f34cbc [0x00007f9c04f34200+0x0000000000000abc]
j  android.database.sqlite.SQLiteConnection.$$robo$$android_database_sqlite_SQLiteConnection$prepare(Ljava/lang/String;Landroid/database/sqlite/SQLiteStatementInfo;)V+66
J 6939 c2 java.lang.invoke.DirectMethodHandle$Holder.invokeSpecial(Ljava/lang/Object;Ljava/lang/Object;Ljava/lang/Object;Ljava/lang/Object;)V java.base@21.0.12 (18 bytes) @ 0x00007f9c0c45bef4 [0x00007f9c0c45bea0+0x0000000000000054]
J 4046 c1 java.lang.invoke.LambdaForm$MH+0x00007f9bb021a400.guardWithCatch(Ljava/lang/Object;Ljava/lang/Object;Ljava/lang/Object;Ljava/lang/Object;)V java.base@21.0.12 (79 bytes) @ 0x00007f9c04885924 [0x00007f9c04885520+0x0000000000000404]
J 5167 c1 java.lang.invoke.LambdaForm$MH+0x00007f9bb021b400.reinvoke(Ljava/lang/Object;Ljava/lang/Object;Ljava/lang/Object;Ljava/lang/Object;)V java.base@21.0.12 (27 bytes) @ 0x00007f9c04f9e244 [0x00007f9c04f9dd80+0x00000000000004c4]
J 3523 c1 java.lang.invoke.LambdaForm$MH+0x00007f9bb021b800.guard(Ljava/lang/Object;Ljava/lang/Object;Ljava/lang/Object;Ljava/lang/Object;)V java.base@21.0.12 (103 bytes) @ 0x00007f9c04e86d2c [0x00007f9c04e865c0+0x000000000000076c]
j  java.lang.invoke.LambdaForm$MH+0x00007f9bb021b000.invoke(Ljava/lang/Object;Ljava/lang/Object;Ljava/lang/Object;Ljava/lang/Object;)V+53 java.base@21.0.12
J 5167 c1 java.lang.invoke.LambdaForm$MH+0x00007f9bb021b400.reinvoke(Ljava/lang/Object;Ljava/lang/Object;Ljava/lang/Object;Ljava/lang/Object;)V java.base@21.0.12 (27 bytes) @ 0x00007f9c04f9e244 [0x00007f9c04f9dd80+0x00000000000004c4]
J 7746 c1 android.database.sqlite.SQLiteSession.$$robo$$android_database_sqlite_SQLiteSession$prepare(Ljava/lang/String;ILandroid/os/CancellationSignal;Landroid/database/sqlite/SQLiteStatementInfo;)V (56 bytes) @ 0x00007f9c051c63a4 [0x00007f9c051c4b00+0x00000000000018a4]
J 6454 c1 android.database.sqlite.SQLiteSession.prepare(Ljava/lang/String;ILandroid/os/CancellationSignal;Landroid/database/sqlite/SQLiteStatementInfo;)V (12 bytes) @ 0x00007f9c052c5e64 [0x00007f9c052c5cc0+0x00000000000001a4]
J 6193 c1 android.database.sqlite.SQLiteProgram.$$robo$$android_database_sqlite_SQLiteProgram$__constructor__(Landroid/database/sqlite/SQLiteDatabase;Ljava/lang/String;[Ljava/lang/Object;Landroid/os/CancellationSignal;)V (245 bytes) @ 0x00007f9c051d907c [0x00007f9c051d4ea0+0x00000000000041dc]
J 6192 c1 android.database.sqlite.SQLiteProgram.<init>(Landroid/database/sqlite/SQLiteDatabase;Ljava/lang/String;[Ljava/lang/Object;Landroid/os/CancellationSignal;)V (20 bytes) @ 0x00007f9c051d1e24 [0x00007f9c051cfd20+0x0000000000002104]
J 7229 c1 android.database.sqlite.SQLiteQuery.<init>(Landroid/database/sqlite/SQLiteDatabase;Ljava/lang/String;Landroid/os/CancellationSignal;)V (22 bytes) @ 0x00007f9c054c1104 [0x00007f9c054c1040+0x00000000000000c4]
J 7228 c1 android.database.sqlite.SQLiteDirectCursorDriver.$$robo$$android_database_sqlite_SQLiteDirectCursorDriver$query(Landroid/database/sqlite/SQLiteDatabase$CursorFactory;[Ljava/lang/String;)Landroid/database/Cursor; (85 bytes) @ 0x00007f9c054b4394 [0x00007f9c054b4280+0x0000000000000114]
J 7233 c1 android.database.sqlite.SQLiteDatabase.$$robo$$android_database_sqlite_SQLiteDatabase$rawQueryWithFactory(Landroid/database/sqlite/SQLiteDatabase$CursorFactory;Ljava/lang/String;[Ljava/lang/String;Ljava/lang/String;Landroid/os/CancellationSignal;)Landroid/database/Cursor; (57 bytes) @ 0x00007f9c054c63c4 [0x00007f9c054c4b00+0x00000000000018c4]
J 7010 c1 android.database.sqlite.SQLiteDatabase.rawQueryWithFactory(Landroid/database/sqlite/SQLiteDatabase$CursorFactory;Ljava/lang/String;[Ljava/lang/String;Ljava/lang/String;Landroid/os/CancellationSignal;)Landroid/database/Cursor; (14 bytes) @ 0x00007f9c04e4a77c [0x00007f9c04e49540+0x000000000000123c]
J 7230 c1 android.database.sqlite.SQLiteDatabase.$$robo$$android_database_sqlite_SQLiteDatabase$rawQueryWithFactory(Landroid/database/sqlite/SQLiteDatabase$CursorFactory;Ljava/lang/String;[Ljava/lang/String;Ljava/lang/String;)Landroid/database/Cursor; (11 bytes) @ 0x00007f9c049b6dcc [0x00007f9c049b6d40+0x000000000000008c]
J 6668 c1 android.database.sqlite.SQLiteDatabase.rawQueryWithFactory(Landroid/database/sqlite/SQLiteDatabase$CursorFactory;Ljava/lang/String;[Ljava/lang/String;Ljava/lang/String;)Landroid/database/Cursor; (12 bytes) @ 0x00007f9c05386fe4 [0x00007f9c05386020+0x0000000000000fc4]
J 6849 c1 androidx.sqlite.db.framework.FrameworkSQLiteDatabase.query(Landroidx/sqlite/db/SupportSQLiteQuery;)Landroid/database/Cursor; (43 bytes) @ 0x00007f9c05428c8c [0x00007f9c054281a0+0x0000000000000aec]
j  androidx.room.RoomDatabase.query(Landroidx/sqlite/db/SupportSQLiteQuery;Landroid/os/CancellationSignal;)Landroid/database/Cursor;+48
j  androidx.room.util.DBUtil__DBUtil_androidKt.query(Landroidx/room/RoomDatabase;Landroidx/sqlite/db/SupportSQLiteQuery;ZLandroid/os/CancellationSignal;)Landroid/database/Cursor;+15
j  androidx.room.util.DBUtil.query(Landroidx/room/RoomDatabase;Landroidx/sqlite/db/SupportSQLiteQuery;ZLandroid/os/CancellationSignal;)Landroid/database/Cursor;+4
j  androidx.work.impl.model.WorkSpecDao_Impl.getWorkSpecIdAndStatesForName(Ljava/lang/String;)Ljava/util/List;+49
j  androidx.work.impl.WorkerUpdater.enqueueUniquelyNamedPeriodic$lambda$4(Landroidx/work/impl/WorkManagerImpl;Ljava/lang/String;Landroidx/work/impl/OperationImpl;Lkotlin/jvm/functions/Function0;Landroidx/work/WorkRequest;)V+48
j  androidx.work.impl.WorkerUpdater$$Lambda+0x00007f9bb06c4ac8.run()V+20
j  androidx.work.impl.utils.SerialExecutorImpl$Task.run()V+4
j  java.util.concurrent.ThreadPoolExecutor.runWorker(Ljava/util/concurrent/ThreadPoolExecutor$Worker;)V+92 java.base@21.0.12
j  java.util.concurrent.ThreadPoolExecutor$Worker.run()V+5 java.base@21.0.12
j  java.lang.Thread.runWith(Ljava/lang/Object;Ljava/lang/Runnable;)V+5 java.base@21.0.12
j  java.lang.Thread.run()V+19 java.base@21.0.12
v  ~StubRoutines::call_stub 0x00007f9c0bd37cc6
V  [libjvm.so+0x91cbd5]  JavaCalls::call_helper(JavaValue*, methodHandle const&, JavaCallArguments*, JavaThread*)+0x2e5
V  [libjvm.so+0x91e552]  JavaCalls::call_virtual(JavaValue*, Handle, Klass*, Symbol*, Symbol*, JavaThread*)+0x1d2
V  [libjvm.so+0x9f3e0e]  thread_entry(JavaThread*, JavaThread*)+0x8e
V  [libjvm.so+0x9343f8]  JavaThread::thread_main_inner()+0x1d8
V  [libjvm.so+0xfa1c88]  Thread::call_run()+0xa8
V  [libjvm.so+0xd1385a]  thread_native_entry(Thread*)+0xda
Java frames: (J=compiled Java code, j=interpreted, Vv=VM code)
j  org.robolectric.nativeruntime.SQLiteConnectionNatives.nativeGetColumnCount(JJ)I+0
j  org.robolectric.shadows.ShadowNativeSQLiteConnection.lambda$nativeGetColumnCount$12(JJ)Ljava/lang/Integer;+2
j  org.robolectric.shadows.ShadowNativeSQLiteConnection$$Lambda+0x00007f9bb08328a8.get()Ljava/lang/Object;+8
J 4946 c2 org.robolectric.util.PerfStatsCollector.measure(Ljava/lang/String;Lorg/robolectric/util/PerfStatsCollector$ThrowingSupplier;)Ljava/lang/Object; (44 bytes) @ 0x00007f9c0c5b09b4 [0x00007f9c0c5b08c0+0x00000000000000f4]
j  org.robolectric.shadows.ShadowNativeSQLiteConnection.nativeGetColumnCount(JJ)I+12
J 7765 c2 java.lang.invoke.LambdaForm$DMH+0x00007f9bb068c800.invokeStatic(Ljava/lang/Object;JJ)I java.base@21.0.12 (17 bytes) @ 0x00007f9c0c3e1edc [0x00007f9c0c3e1ea0+0x000000000000003c]
J 5254 c1 java.lang.invoke.LambdaForm$MH+0x00007f9bb0691400.guardWithCatch(Ljava/lang/Object;JJ)I java.base@21.0.12 (77 bytes) @ 0x00007f9c04fd68ec [0x00007f9c04fd6620+0x00000000000002cc]
j  java.lang.invoke.LambdaForm$MH+0x00007f9bb0693c00.reinvoke(Ljava/lang/Object;JJ)I+22 java.base@21.0.12
J 5181 c1 java.lang.invoke.LambdaForm$MH+0x00007f9bb0694400.guard(Ljava/lang/Object;JJ)I java.base@21.0.12 (100 bytes) @ 0x00007f9c04fa5c84 [0x00007f9c04fa5720+0x0000000000000564]
j  java.lang.invoke.LambdaForm$MH+0x00007f9bb0693400.invoke(Ljava/lang/Object;JJ)I+52 java.base@21.0.12
j  java.lang.invoke.LambdaForm$MH+0x00007f9bb0693c00.reinvoke(Ljava/lang/Object;JJ)I+22 java.base@21.0.12
J 7739 c1 android.database.sqlite.SQLiteConnection.nativeGetColumnCount(JJ)I (8 bytes) @ 0x00007f9c04f34cbc [0x00007f9c04f34200+0x0000000000000abc]
j  android.database.sqlite.SQLiteConnection.$$robo$$android_database_sqlite_SQLiteConnection$prepare(Ljava/lang/String;Landroid/database/sqlite/SQLiteStatementInfo;)V+66
J 6939 c2 java.lang.invoke.DirectMethodHandle$Holder.invokeSpecial(Ljava/lang/Object;Ljava/lang/Object;Ljava/lang/Object;Ljava/lang/Object;)V java.base@21.0.12 (18 bytes) @ 0x00007f9c0c45bef4 [0x00007f9c0c45bea0+0x0000000000000054]
J 4046 c1 java.lang.invoke.LambdaForm$MH+0x00007f9bb021a400.guardWithCatch(Ljava/lang/Object;Ljava/lang/Object;Ljava/lang/Object;Ljava/lang/Object;)V java.base@21.0.12 (79 bytes) @ 0x00007f9c04885924 [0x00007f9c04885520+0x0000000000000404]
J 5167 c1 java.lang.invoke.LambdaForm$MH+0x00007f9bb021b400.reinvoke(Ljava/lang/Object;Ljava/lang/Object;Ljava/lang/Object;Ljava/lang/Object;)V java.base@21.0.12 (27 bytes) @ 0x00007f9c04f9e244 [0x00007f9c04f9dd80+0x00000000000004c4]
J 3523 c1 java.lang.invoke.LambdaForm$MH+0x00007f9bb021b800.guard(Ljava/lang/Object;Ljava/lang/Object;Ljava/lang/Object;Ljava/lang/Object;)V java.base@21.0.12 (103 bytes) @ 0x00007f9c04e86d2c [0x00007f9c04e865c0+0x000000000000076c]
j  java.lang.invoke.LambdaForm$MH+0x00007f9bb021b000.invoke(Ljava/lang/Object;Ljava/lang/Object;Ljava/lang/Object;Ljava/lang/Object;)V+53 java.base@21.0.12
J 5167 c1 java.lang.invoke.LambdaForm$MH+0x00007f9bb021b400.reinvoke(Ljava/lang/Object;Ljava/lang/Object;Ljava/lang/Object;Ljava/lang/Object;)V java.base@21.0.12 (27 bytes) @ 0x00007f9c04f9e244 [0x00007f9c04f9dd80+0x00000000000004c4]
J 7746 c1 android.database.sqlite.SQLiteSession.$$robo$$android_database_sqlite_SQLiteSession$prepare(Ljava/lang/String;ILandroid/os/CancellationSignal;Landroid/database/sqlite/SQLiteStatementInfo;)V (56 bytes) @ 0x00007f9c051c63a4 [0x00007f9c051c4b00+0x00000000000018a4]
J 6454 c1 android.database.sqlite.SQLiteSession.prepare(Ljava/lang/String;ILandroid/os/CancellationSignal;Landroid/database/sqlite/SQLiteStatementInfo;)V (12 bytes) @ 0x00007f9c052c5e64 [0x00007f9c052c5cc0+0x00000000000001a4]
J 6193 c1 android.database.sqlite.SQLiteProgram.$$robo$$android_database_sqlite_SQLiteProgram$__constructor__(Landroid/database/sqlite/SQLiteDatabase;Ljava/lang/String;[Ljava/lang/Object;Landroid/os/CancellationSignal;)V (245 bytes) @ 0x00007f9c051d907c [0x00007f9c051d4ea0+0x00000000000041dc]
J 6192 c1 android.database.sqlite.SQLiteProgram.<init>(Landroid/database/sqlite/SQLiteDatabase;Ljava/lang/String;[Ljava/lang/Object;Landroid/os/CancellationSignal;)V (20 bytes) @ 0x00007f9c051d1e24 [0x00007f9c051cfd20+0x0000000000002104]
J 7229 c1 android.database.sqlite.SQLiteQuery.<init>(Landroid/database/sqlite/SQLiteDatabase;Ljava/lang/String;Landroid/os/CancellationSignal;)V (22 bytes) @ 0x00007f9c054c1104 [0x00007f9c054c1040+0x00000000000000c4]
J 7228 c1 android.database.sqlite.SQLiteDirectCursorDriver.$$robo$$android_database_sqlite_SQLiteDirectCursorDriver$query(Landroid/database/sqlite/SQLiteDatabase$CursorFactory;[Ljava/lang/String;)Landroid/database/Cursor; (85 bytes) @ 0x00007f9c054b4394 [0x00007f9c054b4280+0x0000000000000114]
J 7233 c1 android.database.sqlite.SQLiteDatabase.$$robo$$android_database_sqlite_SQLiteDatabase$rawQueryWithFactory(Landroid/database/sqlite/SQLiteDatabase$CursorFactory;Ljava/lang/String;[Ljava/lang/String;Ljava/lang/String;Landroid/os/CancellationSignal;)Landroid/database/Cursor; (57 bytes) @ 0x00007f9c054c63c4 [0x00007f9c054c4b00+0x00000000000018c4]
J 7010 c1 android.database.sqlite.SQLiteDatabase.rawQueryWithFactory(Landroid/database/sqlite/SQLiteDatabase$CursorFactory;Ljava/lang/String;[Ljava/lang/String;Ljava/lang/String;Landroid/os/CancellationSignal;)Landroid/database/Cursor; (14 bytes) @ 0x00007f9c04e4a77c [0x00007f9c04e49540+0x000000000000123c]
J 7230 c1 android.database.sqlite.SQLiteDatabase.$$robo$$android_database_sqlite_SQLiteDatabase$rawQueryWithFactory(Landroid/database/sqlite/SQLiteDatabase$CursorFactory;Ljava/lang/String;[Ljava/lang/String;Ljava/lang/String;)Landroid/database/Cursor; (11 bytes) @ 0x00007f9c049b6dcc [0x00007f9c049b6d40+0x000000000000008c]
J 6668 c1 android.database.sqlite.SQLiteDatabase.rawQueryWithFactory(Landroid/database/sqlite/SQLiteDatabase$CursorFactory;Ljava/lang/String;[Ljava/lang/String;Ljava/lang/String;)Landroid/database/Cursor; (12 bytes) @ 0x00007f9c05386fe4 [0x00007f9c05386020+0x0000000000000fc4]
J 6849 c1 androidx.sqlite.db.framework.FrameworkSQLiteDatabase.query(Landroidx/sqlite/db/SupportSQLiteQuery;)Landroid/database/Cursor; (43 bytes) @ 0x00007f9c05428c8c [0x00007f9c054281a0+0x0000000000000aec]
j  androidx.room.RoomDatabase.query(Landroidx/sqlite/db/SupportSQLiteQuery;Landroid/os/CancellationSignal;)Landroid/database/Cursor;+48
j  androidx.room.util.DBUtil__DBUtil_androidKt.query(Landroidx/room/RoomDatabase;Landroidx/sqlite/db/SupportSQLiteQuery;ZLandroid/os/CancellationSignal;)Landroid/database/Cursor;+15
j  androidx.room.util.DBUtil.query(Landroidx/room/RoomDatabase;Landroidx/sqlite/db/SupportSQLiteQuery;ZLandroid/os/CancellationSignal;)Landroid/database/Cursor;+4
j  androidx.work.impl.model.WorkSpecDao_Impl.getWorkSpecIdAndStatesForName(Ljava/lang/String;)Ljava/util/List;+49
j  androidx.work.impl.WorkerUpdater.enqueueUniquelyNamedPeriodic$lambda$4(Landroidx/work/impl/WorkManagerImpl;Ljava/lang/String;Landroidx/work/impl/OperationImpl;Lkotlin/jvm/functions/Function0;Landroidx/work/WorkRequest;)V+48
j  androidx.work.impl.WorkerUpdater$$Lambda+0x00007f9bb06c4ac8.run()V+20
j  androidx.work.impl.utils.SerialExecutorImpl$Task.run()V+4
j  java.util.concurrent.ThreadPoolExecutor.runWorker(Ljava/util/concurrent/ThreadPoolExecutor$Worker;)V+92 java.base@21.0.12
j  java.util.concurrent.ThreadPoolExecutor$Worker.run()V+5 java.base@21.0.12
j  java.lang.Thread.runWith(Ljava/lang/Object;Ljava/lang/Runnable;)V+5 java.base@21.0.12
j  java.lang.Thread.run()V+19 java.base@21.0.12
v  ~StubRoutines::call_stub 0x00007f9c0bd37cc6

siginfo: si_signo: 11 (SIGSEGV), si_code: 1 (SEGV_MAPERR), si_addr: 0x0000000000000204

Registers:
RAX=0x00007f9bac63f2e0, RBX=0x00007f9ba769f2c0, RCX=0x0000000000000144, RDX=0x00000000000000ca
RSP=0x00007f9bad2fc908, RBP=0x00007f9bad2fc980, RSI=0x00007f9bad2fc990, RDI=0x0000000000000144
R8 =0x000000009b04fc4e, R9 =0x000000004f6ccab8, R10=0x00007f9c0bd43a91, R11=0x00000000ebf75498
R12=0x0000000000000000, R13=0x00007f9ba769f2c0, R14=0x00007f9bad2fc9b8, R15=0x00007f9b80001fc0
RIP=0x00007f9bac658735, EFLAGS=0x0000000000011206, CSGSFS=0x002b000000000033, ERR=0x0000000000000000
  TRAPNO=0x0000000000000000

XMM[0]=0x0000000000000000 0x0000000000000000
XMM[1]=0x00007f9b840ca4b0 0x00007f9b840ca4a0
XMM[2]=0x0000000000000000 0x00007f9c2532d28b
XMM[3]=0x0000000000000000 0x00000000fffffffe
XMM[4]=0x0000000000000000 0x00007f9b840ca4b0
XMM[5]=0x0000000000000000 0x00007f9b80001fc0
XMM[6]=0x00007f9b80001fc0 0x00007f9baf704988
XMM[7]=0x0000000000000000 0x00007f9c04e71e0c
XMM[8]=0x062a48703d6e765c 0x8e8662f2fbd6b3fb
XMM[9]=0xf01b11a2f01b11a2 0xf01b11a22a03493c
XMM[10]=0x0000000000000000 0x0000000039e8379a
XMM[11]=0xce2a08edce2a08ed 0xce2a08edf82d5229
XMM[12]=0x0000000000000000 0x000000002a03493c
XMM[13]=0x0000000000000000 0xfcd265c3fdcb5a62
XMM[14]=0x0000000000000000 0x0000000000f8f49f
XMM[15]=0x0000000000000000 0x00000000ebf49780
  MXCSR=0x00001fa2


Register to memory mapping:

RAX=0x00007f9bac63f2e0: <offset 0x000000000043f2e0> in /tmp/robolectric-nativeruntime7071639389297866002/librobolectric-nativeruntime.so at 0x00007f9bac200000
RBX={method} {0x00007f9ba769f2c0} 'nativeGetColumnCount' '(JJ)I' in 'org/robolectric/nativeruntime/SQLiteConnectionNatives'
RCX=0x0000000000000144 is an unknown value
RDX=0x00000000000000ca is an unknown value
RSP=0x00007f9bad2fc908 is pointing into the stack for thread: 0x00007f9b80001fc0
RBP=0x00007f9bad2fc980 is pointing into the stack for thread: 0x00007f9b80001fc0
RSI=0x00007f9bad2fc990 is pointing into the stack for thread: 0x00007f9b80001fc0
RDI=0x0000000000000144 is an unknown value
R8 =0x000000009b04fc4e is an unknown value
R9 =0x000000004f6ccab8 is an unknown value
R10=0x00007f9c0bd43a91 is at code_begin+1009 in an Interpreter codelet
native method entry point (kind = native)  [0x00007f9c0bd436a0, 0x00007f9c0bd44210]  2928 bytes
R11=0x00000000ebf75498 is an oop: java.lang.Class 
{0x00000000ebf75498} - klass: 'java/lang/Class'
 - ---- fields (total size 14 words):
 - private volatile transient 'classRedefinedCount' 'I' @12  0 (0x00000000)
 - injected 'klass' 'J' @16  140306658044616 (0x00007f9bb0832ac8)
 - injected 'array_klass' 'J' @24  0 (0x0000000000000000)
 - injected 'oop_size' 'I' @32  14 (0x0000000e)
 - injected 'static_oop_field_count' 'I' @36  0 (0x00000000)
 - private volatile transient 'cachedConstructor' 'Ljava/lang/reflect/Constructor;' @40  null (0x00000000)
 - private transient 'name' 'Ljava/lang/String;' @44  "org.robolectric.nativeruntime.SQLiteConnectionNatives"{0x00000000ebf789b8} (0xebf789b8)
 - private transient 'module' 'Ljava/lang/Module;' @48  a 'java/lang/Module'{0x00000000ffd330e8} (0xffd330e8)
 - private final 'classLoader' 'Ljava/lang/ClassLoader;' @52  a 'org/robolectric/internal/AndroidSandbox$SdkSandboxClassLoader'{0x00000000ffd18f58} (0xffd18f58)
 - private transient 'classData' 'Ljava/lang/Object;' @56  null (0x00000000)
 - private transient 'packageName' 'Ljava/lang/String;' @60  "org.robolectric.nativeruntime"{0x00000000fea8ec68} (0xfea8ec68)
 - private final 'componentType' 'Ljava/lang/Class;' @64  null (0x00000000)
 - private volatile transient 'reflectionData' 'Ljava/lang/ref/SoftReference;' @68  null (0x00000000)
 - private volatile transient 'genericInfo' 'Lsun/reflect/generics/repository/ClassRepository;' @72  null (0x00000000)
 - private volatile transient 'enumConstants' '[Ljava/lang/Object;' @76  null (0x00000000)
 - private volatile transient 'enumConstantDirectory' 'Ljava/util/Map;' @80  null (0x00000000)
 - private volatile transient 'annotationData' 'Ljava/lang/Class$AnnotationData;' @84  null (0x00000000)
 - private volatile transient 'annotationType' 'Lsun/reflect/annotation/AnnotationType;' @88  null (0x00000000)
 - transient 'classValueMap' 'Ljava/lang/ClassValue$ClassValueMap;' @92  null (0x00000000)
 - injected 'protection_domain' 'Ljava/lang/Object;' @96  a 'java/security/ProtectionDomain'{0x00000000ffd18fd0} (0xffd18fd0)
 - injected 'signers_name' 'Ljava/lang/Object;' @100  null (0x00000000)
 - injected 'source_file' 'Ljava/lang/Object;' @104  "SQLiteConnectionNatives.java"{0x00000000ebf78a18} (0xebf78a18)
 - injected '<init_lock>' 'Ljava/lang/Object;' @108  null (0x00000000)
 - signature: Lorg/robolectric/nativeruntime/SQLiteConnectionNatives;
 - ---- static fields (0):
R12=0x0 is null
R13={method} {0x00007f9ba769f2c0} 'nativeGetColumnCount' '(JJ)I' in 'org/robolectric/nativeruntime/SQLiteConnectionNatives'
R14=0x00007f9bad2fc9b8 is pointing into the stack for thread: 0x00007f9b80001fc0
R15=0x00007f9b80001fc0 is a thread

Top of Stack: (sp=0x00007f9bad2fc908)
0x00007f9bad2fc908:   00007f9c0bd43ac0 00007f9b840ca4a0   .:..............
0x00007f9bad2fc918:   00007f9b840ca4b0 00007f9bad2fc990   ........../.....
0x00007f9bad2fc928:   00007f9c24a91a95 00007f9c256eb3c0   ...$......n%....
0x00007f9bad2fc938:   00007f9bad2fc938 0000000000000000   8./.............
0x00007f9bad2fc948:   0000000000000007 00007f9ba72c1ca8   ..........,.....
0x00007f9bad2fc958:   0000000000000000 00000000ebf75498   .........T......
0x00007f9bad2fc968:   00007f9ba769f2c0 0000000000000000   ..i.............
0x00007f9bad2fc978:   00007f9bad2fc9a0 00007f9bad2fca08   ../......./.....
0x00007f9bad2fc988:   00007f9c0bd3f2a8 00000000ebf75498   .........T......
0x00007f9bad2fc998:   00007f9c0bd40fd5 0000000000000144   ........D.......
0x00007f9bad2fc9a8:   0000000000000000 00000000000000ca   ................
0x00007f9bad2fc9b8:   0000000000000000 00007f9bad2fc9c0   ........../.....
0x00007f9bad2fc9c8:   00007f9ba700b6ca 0000000000000005   ................
0x00007f9bad2fc9d8:   00007f9ba72c1000 0000000000000000   ..,.............
0x00007f9bad2fc9e8:   00000000fe979948 00007f9ba700b6f8   H...............
0x00007f9bad2fc9f8:   00007f9bad2fc9a0 00007f9bad2fca18   ../......./.....
0x00007f9bad2fca08:   00007f9bad2fca80 00007f9c0bd3f2f2   ../.............
0x00007f9bad2fca18:   0000000000000144 0000000000000000   D...............
0x00007f9bad2fca28:   00000000000000ca 0000000000000000   ................
0x00007f9bad2fca38:   00007f9bad2fca38 00007f9ba788ca50   8./.....P.......
0x00007f9bad2fca48:   0000000000000002 00007f9ba7371f40   ........@.7.....
0x00007f9bad2fca58:   0000000000000000 00000000ebf75428   ........(T......
0x00007f9bad2fca68:   00007f9ba7c4f5c8 00007f9bad2fca18   ........../.....
0x00007f9bad2fca78:   00007f9bad2fcaa0 00000000ff9e5af0   ../......Z......
0x00007f9bad2fca88:   00007f9c0c5b09b4 00000000e86078f0   ..[......x`.....
0x00007f9bad2fca98:   00007f9c0c5b09b4 00000000e86078f0   ..[......x`.....
0x00007f9bad2fcaa8:   00000000e8607910 00007f9bad2fcb40   .y`.....@./.....
0x00007f9bad2fcab8:   00007f9c0bd3f9d8 00000000e943fca8   ..........C.....
0x00007f9bad2fcac8:   0000000000000144 00007f9bad2fcb40   D.......@./.....
0x00007f9bad2fcad8:   00007f9c0bd3f2f2 00000000e86078f0   .........x`.....
0x00007f9bad2fcae8:   00000000e943f798 00000000ffd190c8   ..C.............
0x00007f9bad2fcaf8:   00007f9bad2fcaf8 00007f9ba7009bb4   ../.............

Instructions: (pc=0x00007f9bac658735)
0x00007f9bac658635:   7b 08 48 89 cd ff d0 48 89 e9 eb 63 49 89 cd 49
0x00007f9bac658645:   8b 3c 24 48 85 ff 74 0c be 20 00 00 00 e8 d9 01
0x00007f9bac658655:   01 00 eb 0a bf 20 00 00 00 e8 4d 46 ff ff 48 89
0x00007f9bac658665:   c3 48 85 c0 4c 89 e9 74 4d 0f 57 c0 0f 11 43 10
0x00007f9bac658675:   0f 11 03 41 8b 47 20 89 03 89 6b 04 49 8b 84 24
0x00007f9bac658685:   20 01 00 00 48 89 43 18 49 89 9c 24 20 01 00 00
0x00007f9bac658695:   41 83 7f 24 00 75 08 41 c7 47 24 ff ff ff ff 4c
0x00007f9bac6586a5:   89 73 08 48 89 4b 10 48 83 c4 08 5b 41 5c 41 5d
0x00007f9bac6586b5:   41 5e 41 5f 5d c3 48 85 c9 74 ec 4c 89 f7 48 83
0x00007f9bac6586c5:   c4 08 5b 41 5c 41 5d 41 5e 41 5f 5d ff e1 66 2e
0x00007f9bac6586d5:   0f 1f 84 00 00 00 00 00 0f 1f 00 41 56 53 50 49
0x00007f9bac6586e5:   89 f6 48 85 ff 74 0a 4c 89 f6 e8 3c 01 01 00 eb
0x00007f9bac6586f5:   08 4c 89 f7 e8 b2 45 ff ff 48 89 c3 48 85 c0 74
0x00007f9bac658705:   0d 48 89 df 31 f6 4c 89 f2 e8 fd 4e 83 00 48 89
0x00007f9bac658715:   d8 48 83 c4 08 5b 41 5e c3 66 90 48 8b 47 10 8b
0x00007f9bac658725:   40 0c c3 0f 1f 84 00 00 00 00 00 48 85 ff 74 08
0x00007f9bac658735:   0f b7 87 c0 00 00 00 c3 31 c0 c3 31 c0 48 85 ff
0x00007f9bac658745:   74 11 48 83 bf a0 00 00 00 00 74 07 0f b7 87 c0
0x00007f9bac658755:   00 00 00 c3 0f 1f 80 00 00 00 00 48 85 ff 74 79
0x00007f9bac658765:   55 41 56 53 89 f5 48 89 fb 48 8b 07 48 8b 78 18
0x00007f9bac658775:   48 85 ff 74 06 ff 15 70 23 89 00 48 8b bb a0 00
0x00007f9bac658785:   00 00 48 85 ff 74 17 0f b7 83 c0 00 00 00 39 e8
0x00007f9bac658795:   76 0c 48 63 c5 48 6b c0 38 48 01 c7 eb 1b 48 8b
0x00007f9bac6587a5:   3b c7 47 50 19 00 00 00 be 19 00 00 00 e8 39 3b
0x00007f9bac6587b5:   01 00 48 8d 3d 2a 56 d9 ff e8 fd 5b 83 00 49 89
0x00007f9bac6587c5:   c6 48 8b 3b 8b 43 38 3d 0a 0c 00 00 74 17 80 7f
0x00007f9bac6587d5:   61 00 75 11 23 47 54 eb 19 48 8d 3d 03 56 d9 ff
0x00007f9bac6587e5:   e9 d6 5b 83 00 e8 01 3e 02 00 48 8b 3b b8 07 00
0x00007f9bac6587f5:   00 00 89 43 38 48 8b 7f 18 48 85 ff 74 06 ff 15
0x00007f9bac658805:   f7 22 89 00 4c 89 f0 5b 41 5e 5d c3 66 2e 0f 1f
0x00007f9bac658815:   84 00 00 00 00 00 0f 1f 44 00 00 55 41 56 53 48
0x00007f9bac658825:   89 fb 4c 8d 35 ba 55 d9 ff 48 85 ff 74 4e 89 f5


Stack slot to memory mapping:

stack at sp + 0 slots: 0x00007f9c0bd43ac0 is at code_begin+1056 in an Interpreter codelet
native method entry point (kind = native)  [0x00007f9c0bd436a0, 0x00007f9c0bd44210]  2928 bytes
stack at sp + 1 slots: 0x00007f9b840ca4a0 points into unknown readable memory: 0x0000000000000000 | 00 00 00 00 00 00 00 00
stack at sp + 2 slots: 0x00007f9b840ca4b0 points into unknown readable memory: 0x6e616c2e6176616a | 6a 61 76 61 2e 6c 61 6e
stack at sp + 3 slots: 0x00007f9bad2fc990 is pointing into the stack for thread: 0x00007f9b80001fc0
stack at sp + 4 slots: 0x00007f9c24a91a95: <offset 0x00000000008a9a95> in /usr/lib/jvm/temurin-21-jdk-amd64/lib/server/libjvm.so at 0x00007f9c241e8000
stack at sp + 5 slots: 0x00007f9c256eb3c0: <offset 0x00000000015033c0> in /usr/lib/jvm/temurin-21-jdk-amd64/lib/server/libjvm.so at 0x00007f9c241e8000
stack at sp + 6 slots: 0x00007f9bad2fc938 is pointing into the stack for thread: 0x00007f9b80001fc0
stack at sp + 7 slots: 0x0 is null


Compiled method (c2) 8999 4946   !   4       org.robolectric.util.PerfStatsCollector::measure (44 bytes)
 total in heap  [0x00007f9c0c5b0710,0x00007f9c0c5b0d50] = 1600
 relocation     [0x00007f9c0c5b0868,0x00007f9c0c5b08b8] = 80
 main code      [0x00007f9c0c5b08c0,0x00007f9c0c5b0ae0] = 544
 stub code      [0x00007f9c0c5b0ae0,0x00007f9c0c5b0b08] = 40
 oops           [0x00007f9c0c5b0b08,0x00007f9c0c5b0b10] = 8
 metadata       [0x00007f9c0c5b0b10,0x00007f9c0c5b0b50] = 64
 scopes data    [0x00007f9c0c5b0b50,0x00007f9c0c5b0c50] = 256
 scopes pcs     [0x00007f9c0c5b0c50,0x00007f9c0c5b0ce0] = 144
 dependencies   [0x00007f9c0c5b0ce0,0x00007f9c0c5b0cf0] = 16
 handler table  [0x00007f9c0c5b0cf0,0x00007f9c0c5b0d38] = 72
 nul chk table  [0x00007f9c0c5b0d38,0x00007f9c0c5b0d50] = 24

[Constant Pool (empty)]

[MachCode]
[Entry Point]
  # {method} {0x00007f9ba4666d50} 'measure' '(Ljava/lang/String;Lorg/robolectric/util/PerfStatsCollector$ThrowingSupplier;)Ljava/lang/Object;' in 'org/robolectric/util/PerfStatsCollector'
  # this:     rsi:rsi   = 'org/robolectric/util/PerfStatsCollector'
  # parm0:    rdx:rdx   = 'java/lang/String'
  # parm1:    rcx:rcx   = 'org/robolectric/util/PerfStatsCollector$ThrowingSupplier'
  #           [sp+0x40]  (sp of caller)
  0x00007f9c0c5b08c0: 448b 5608 | 49bb 0000 | 00af 9b7f | 0000 4d03 | d349 3bc2 

  0x00007f9c0c5b08d4: ;   {runtime_call ic_miss_stub}
  0x00007f9c0c5b08d4: 0f85 a649 | 7dff 6690 | 0f1f 4000 
[Verified Entry Point]
  0x00007f9c0c5b08e0: 8984 2400 | c0fe ff55 | 4883 ec30 | 4181 7f20 | 0c00 0000 | 0f85 dc01 | 0000 4889 | 5424 0848 
  0x00007f9c0c5b0900: 8bee 4889 | 0c24 4d8b | 8fb8 0100 | 004d 8bd1 | 4983 c220 | 4d3b 97c8 | 0100 000f | 83c0 0000 
  0x00007f9c0c5b0920: 004d 8997 | b801 0000 | 410f 0d8a | c000 0000 | 49c7 0101 | 0000 004d | 8bd1 4983 

  0x00007f9c0c5b093c: ;   {metadata('org/robolectric/util/PerfStatsCollector$Event')}
  0x00007f9c0c5b093c: c210 41c7 | 4108 0050 | 1001 c5fd | efc0 c4c1 | 79d6 0245 | 8961 1c4c | 8bd5 418b | 6a10 4d8b 
  0x00007f9c0c5b095c: da4c 8b54 | 2408 4d8b | c245 8941 | 0c45 8959 | 184c 894c | 2408 448b 

  0x00007f9c0c5b0974: ;   {metadata('org/robolectric/util/PerfStatsCollector$$Lambda+0x00007f9bb01077f8')}
  0x00007f9c0c5b0974: 5d08 4181 | fbf8 7710 | 010f 857d | 0000 0049 | ba10 6bf0 | 249c 7f00 | 0041 ffd2 

  0x00007f9c0c5b0990: ;   {other}
  0x00007f9c0c5b0990: 0f1f 8400 | 0000 0000 | 4c8b 5424 | 0849 8942 | 1048 8b34 | 2448 b870 | 0904 489b 

  0x00007f9c0c5b09ac: ;   {virtual_call}
  0x00007f9c0c5b09ac: 7f00 00e8 

  0x00007f9c0c5b09b0: ; ImmutableOopMap {[8]=Oop }
                      ;*invokeinterface get {reexecute=0 rethrow=0 return_oop=1}
                      ; - org.robolectric.util.PerfStatsCollector::measure@10 (line 52)
  0x00007f9c0c5b09b0: cc8b 8bff 

  0x00007f9c0c5b09b4: ;   {other}
  0x00007f9c0c5b09b4: 0f1f 8400 | a402 0000 | 4c8b 5424 | 0845 8b5a | 1841 0fb6 | 6b0c 85ed | 7546 4883 

  0x00007f9c0c5b09d0: ;   {poll_return}
  0x00007f9c0c5b09d0: c430 5d49 | 3ba7 5004 | 0000 0f87 | e000 0000 

  0x00007f9c0c5b09e0: ;   {metadata('org/robolectric/util/PerfStatsCollector$Event')}
  0x00007f9c0c5b09e0: c348 be00 | 5010 b09b 

  0x00007f9c0c5b09e8: ;   {runtime_call _new_instance_Java}
  0x00007f9c0c5b09e8: 7f00 00e8 

  0x00007f9c0c5b09ec: ; ImmutableOopMap {rbp=Oop [0]=Oop [8]=Oop }
                      ;*new {reexecute=0 rethrow=0 return_oop=1}
                      ; - org.robolectric.util.PerfStatsCollector::startEvent@0 (line 44)
                      ; - org.robolectric.util.PerfStatsCollector::measure@4 (line 50)
  0x00007f9c0c5b09ec: 1010 8bff 

  0x00007f9c0c5b09f0: ;   {other}
  0x00007f9c0c5b09f0: 0f1f 8400 | e002 0001 | 4c8b c8e9 | 53ff ffff | bede ffff 

  0x00007f9c0c5b0a04: ;   {runtime_call UncommonTrapBlob}
  0x00007f9c0c5b0a04: ff66 90e8 

  0x00007f9c0c5b0a08: ; ImmutableOopMap {rbp=NarrowOop [0]=Oop [8]=Oop }
                      ;*invokeinterface nanoTime {reexecute=0 rethrow=0 return_oop=0}
                      ; - org.robolectric.util.PerfStatsCollector$Event::<init>@19 (line 126)
                      ; - org.robolectric.util.PerfStatsCollector::startEvent@6 (line 44)
                      ; - org.robolectric.util.PerfStatsCollector::measure@4 (line 50)
  0x00007f9c0c5b0a08: 74db 7dff 

  0x00007f9c0c5b0a0c: ;   {other}
  0x00007f9c0c5b0a0c: 0f1f 8400 | fc02 0002 | be45 ffff | ff4c 8914 | 2448 8944 

  0x00007f9c0c5b0a20: ;   {runtime_call UncommonTrapBlob}
  0x00007f9c0c5b0a20: 2408 90e8 

  0x00007f9c0c5b0a24: ; ImmutableOopMap {[0]=Oop [8]=Oop }
                      ;*ifne {reexecute=1 rethrow=0 return_oop=0}
                      ; - (reexecute) org.robolectric.util.PerfStatsCollector$Event::finished@7 (line 134)
                      ; - org.robolectric.util.PerfStatsCollector::measure@20 (line 57)
  0x00007f9c0c5b0a24: 58db 7dff 

  0x00007f9c0c5b0a28: ;   {other}
  0x00007f9c0c5b0a28: 0f1f 8400 | 1803 0003 | bef6 ffff | ff48 8b2c 

  0x00007f9c0c5b0a38: ;   {runtime_call UncommonTrapBlob}
  0x00007f9c0c5b0a38: 2466 90e8 

  0x00007f9c0c5b0a3c: ; ImmutableOopMap {rbp=Oop }
                      ;*invokeinterface nanoTime {reexecute=0 rethrow=0 return_oop=0}
                      ; - org.robolectric.util.PerfStatsCollector$Event::<init>@19 (line 126)
                      ; - org.robolectric.util.PerfStatsCollector::startEvent@6 (line 44)
                      ; - org.robolectric.util.PerfStatsCollector::measure@4 (line 50)
  0x00007f9c0c5b0a3c: 40db 7dff 

  0x00007f9c0c5b0a40: ;   {other}
  0x00007f9c0c5b0a40: 0f1f 8400 | 3003 0004 | bef6 ffff | ff49 8bea | 4889 0424 

  0x00007f9c0c5b0a54: ;   {runtime_call UncommonTrapBlob}
  0x00007f9c0c5b0a54: 6666 90e8 

  0x00007f9c0c5b0a58: ; ImmutableOopMap {rbp=Oop [0]=Oop }
                      ;*getfield enabled {reexecute=1 rethrow=0 return_oop=0}
                      ; - (reexecute) org.robolectric.util.PerfStatsCollector::access$300@1 (line 17)
                      ; - org.robolectric.util.PerfStatsCollector$Event::finished@4 (line 134)
                      ; - org.robolectric.util.PerfStatsCollector::measure@20 (line 57)
  0x00007f9c0c5b0a58: 24db 7dff 

  0x00007f9c0c5b0a5c: ;   {other}
  0x00007f9c0c5b0a5c: 0f1f 8400 | 4c03 0005 | 488b f0eb | 4648 8bf0 | eb41 488b | e844 8b58 

  0x00007f9c0c5b0a74: ;   {metadata('java/lang/Exception')}
  0x00007f9c0c5b0a74: 0849 ba20 | c000 af9b | 7f00 0049 | b800 0000 | af9b 7f00 | 004d 03c3 | 4d8b 5840 | 4d3b da75 
  0x00007f9c0c5b0a94: 2433 d248 | 8b74 2408 

  0x00007f9c0c5b0a9c: ;   {optimized virtual_call}
  0x00007f9c0c5b0a9c: 6666 90e8 

  0x00007f9c0c5b0aa0: ; ImmutableOopMap {rbp=Oop }
                      ;*invokevirtual finished {reexecute=0 rethrow=0 return_oop=0}
                      ; - org.robolectric.util.PerfStatsCollector::measure@38 (line 57)
  0x00007f9c0c5b0aa0: 9cfa ffff 

  0x00007f9c0c5b0aa4: ;   {other}
  0x00007f9c0c5b0aa4: 0f1f 8400 | 9403 0006 | 488b f548 | 83c4 305d 

  0x00007f9c0c5b0ab4: ;   {runtime_call _rethrow_Java}
  0x00007f9c0c5b0ab4: e947 6f8b | ffba 0100 | 0000 ebd7 

  0x00007f9c0c5b0ac0: ;   {internal_word}
  0x00007f9c0c5b0ac0: 49ba d309 | 5b0c 9c7f | 0000 4d89 | 9768 0400 

  0x00007f9c0c5b0ad0: ;   {runtime_call SafepointBlob}
  0x00007f9c0c5b0ad0: 00e9 2ac9 

  0x00007f9c0c5b0ad4: ;   {runtime_call StubRoutines (final stubs)}
  0x00007f9c0c5b0ad4: 7dff e825 | c77b ffe9 | 1afe ffff 
[Stub Code]
  0x00007f9c0c5b0ae0: ;   {no_reloc}
  0x00007f9c0c5b0ae0: 48bb 0000 | 0000 0000 

  0x00007f9c0c5b0ae8: ;   {runtime_call nmethod}
  0x00007f9c0c5b0ae8: 0000 e9fb 

  0x00007f9c0c5b0aec: ;   {runtime_call ExceptionBlob}
  0x00007f9c0c5b0aec: ffff ffe9 | 0c12 8bff 
[Deopt Handler Code]
  0x00007f9c0c5b0af4: e800 0000 | 0048 832c 

  0x00007f9c0c5b0afc: ;   {runtime_call DeoptimizationBlob}
  0x00007f9c0c5b0afc: 2405 e99d | dd7d fff4 | f4f4 f4f4 
[/MachCode]


Compiled method (c2) 9002 7765       4       java.lang.invoke.LambdaForm$DMH/0x00007f9bb068c800::invokeStatic (17 bytes)
 total in heap  [0x00007f9c0c3e1d10,0x00007f9c0c3e2068] = 856
 relocation     [0x00007f9c0c3e1e68,0x00007f9c0c3e1e98] = 48
 main code      [0x00007f9c0c3e1ea0,0x00007f9c0c3e1f60] = 192
 stub code      [0x00007f9c0c3e1f60,0x00007f9c0c3e1f88] = 40
 oops           [0x00007f9c0c3e1f88,0x00007f9c0c3e1f90] = 8
 metadata       [0x00007f9c0c3e1f90,0x00007f9c0c3e1fa8] = 24
 scopes data    [0x00007f9c0c3e1fa8,0x00007f9c0c3e1fe8] = 64
 scopes pcs     [0x00007f9c0c3e1fe8,0x00007f9c0c3e2038] = 80
 dependencies   [0x00007f9c0c3e2038,0x00007f9c0c3e2040] = 8
 handler table  [0x00007f9c0c3e2040,0x00007f9c0c3e2058] = 24
 nul chk table  [0x00007f9c0c3e2058,0x00007f9c0c3e2068] = 16

[Constant Pool (empty)]

[MachCode]
[Verified Entry Point]
  # {method} {0x00007f9ba71d0288} 'invokeStatic' '(Ljava/lang/Object;JJ)I' in 'java/lang/invoke/LambdaForm$DMH+0x00007f9bb068c800'
  # parm0:    rsi:rsi   = 'java/lang/Object'
  # parm1:    rdx:rdx   = long
  # parm2:    rcx:rcx   = long
  #           [sp+0x30]  (sp of caller)
  0x00007f9c0c3e1ea0: 8984 2400 | c0fe ff55 | 4883 ec20 | 4181 7f20 | 0c00 0000 | 0f85 9c00 | 0000 4c8b | d144 8b5e 
  0x00007f9c0c3e1ec0: ;   {metadata('java/lang/invoke/DirectMethodHandle')}
  0x00007f9c0c3e1ec0: 0841 81fb | 78f1 0900 | 752d 448b | 5e20 498b | cb48 8bf2 

  0x00007f9c0c3e1ed4: ;   {static_call}
  0x00007f9c0c3e1ed4: 498b d2e8 

  0x00007f9c0c3e1ed8: ; ImmutableOopMap {}
                      ;*invokestatic linkToStatic {reexecute=0 rethrow=0 return_oop=0}
                      ; - java.lang.invoke.LambdaForm$DMH/0x00007f9bb068c800::invokeStatic@13
  0x00007f9c0c3e1ed8: a4b8 1b00 

  0x00007f9c0c3e1edc: ;   {other}
  0x00007f9c0c3e1edc: 0f1f 8400 | cc01 0000 | 4883 c420 

  0x00007f9c0c3e1ee8: ;   {poll_return}
  0x00007f9c0c3e1ee8: 5d49 3ba7 | 5004 0000 | 0f87 4a00 | 0000 c348 | 8bea 4889 | 0c24 4889 | 7424 08be | 66ff ffff 
  0x00007f9c0c3e1f08: ;   {runtime_call UncommonTrapBlob}
  0x00007f9c0c3e1f08: 6666 90e8 

  0x00007f9c0c3e1f0c: ; ImmutableOopMap {[8]=Oop }
                      ;*checkcast {reexecute=0 rethrow=0 return_oop=0}
                      ; - java.lang.invoke.DirectMethodHandle::internalMemberName@1 (line 327)
                      ; - java.lang.invoke.LambdaForm$DMH/0x00007f9bb068c800::invokeStatic@1
  0x00007f9c0c3e1f0c: 70c6 9aff 

  0x00007f9c0c3e1f10: ;   {other}
  0x00007f9c0c3e1f10: 0f1f 8400 | 0002 0001 | 488b f048 | 83c4 205d 

  0x00007f9c0c3e1f20: ;   {runtime_call _rethrow_Java}
  0x00007f9c0c3e1f20: e9db 5aa8 | ffbe 5cff | ffff 488b | ea48 890c 

  0x00007f9c0c3e1f30: ;   {runtime_call UncommonTrapBlob}
  0x00007f9c0c3e1f30: 2466 90e8 

  0x00007f9c0c3e1f34: ; ImmutableOopMap {}
                      ;*checkcast {reexecute=0 rethrow=0 return_oop=0}
                      ; - java.lang.invoke.DirectMethodHandle::internalMemberName@1 (line 327)
                      ; - java.lang.invoke.LambdaForm$DMH/0x00007f9bb068c800::invokeStatic@1
  0x00007f9c0c3e1f34: 48c6 9aff 

  0x00007f9c0c3e1f38: ;   {other}
  0x00007f9c0c3e1f38: 0f1f 8400 | 2802 0002 

  0x00007f9c0c3e1f40: ;   {internal_word}
  0x00007f9c0c3e1f40: 49ba e91e | 3e0c 9c7f | 0000 4d89 | 9768 0400 

  0x00007f9c0c3e1f50: ;   {runtime_call SafepointBlob}
  0x00007f9c0c3e1f50: 00e9 aab4 

  0x00007f9c0c3e1f54: ;   {runtime_call StubRoutines (final stubs)}
  0x00007f9c0c3e1f54: 9aff e8a5 | b298 ffe9 | 5aff ffff 
[Stub Code]
  0x00007f9c0c3e1f60: ;   {no_reloc}
  0x00007f9c0c3e1f60: 48bb 0000 | 0000 0000 

  0x00007f9c0c3e1f68: ;   {runtime_call nmethod}
  0x00007f9c0c3e1f68: 0000 e9fb 

  0x00007f9c0c3e1f6c: ;   {runtime_call ExceptionBlob}
  0x00007f9c0c3e1f6c: ffff ffe9 | 8cfd a7ff 
[Deopt Handler Code]
  0x00007f9c0c3e1f74: e800 0000 | 0048 832c 

  0x00007f9c0c3e1f7c: ;   {runtime_call DeoptimizationBlob}
  0x00007f9c0c3e1f7c: 2405 e91d | c99a fff4 | f4f4 f4f4 
[/MachCode]


Compiled method (c1) 9003 5254   !   3       java.lang.invoke.LambdaForm$MH/0x00007f9bb0691400::guardWithCatch (77 bytes)
 total in heap  [0x00007f9c04fd6410,0x00007f9c04fd6fb8] = 2984
 relocation     [0x00007f9c04fd6568,0x00007f9c04fd6608] = 160
 main code      [0x00007f9c04fd6620,0x00007f9c04fd6d68] = 1864
 stub code      [0x00007f9c04fd6d68,0x00007f9c04fd6dc8] = 96
 oops           [0x00007f9c04fd6dc8,0x00007f9c04fd6dd0] = 8
 metadata       [0x00007f9c04fd6dd0,0x00007f9c04fd6dd8] = 8
 scopes data    [0x00007f9c04fd6dd8,0x00007f9c04fd6e70] = 152
 scopes pcs     [0x00007f9c04fd6e70,0x00007f9c04fd6f40] = 208
 dependencies   [0x00007f9c04fd6f40,0x00007f9c04fd6f48] = 8
 handler table  [0x00007f9c04fd6f48,0x00007f9c04fd6f90] = 72
 nul chk table  [0x00007f9c04fd6f90,0x00007f9c04fd6fb8] = 40

[Constant Pool (empty)]

[MachCode]
[Verified Entry Point]
  # {method} {0x00007f9ba71dbb88} 'guardWithCatch' '(Ljava/lang/Object;JJ)I' in 'java/lang/invoke/LambdaForm$MH+0x00007f9bb0691400'
  # parm0:    rsi:rsi   = 'java/lang/Object'
  # parm1:    rdx:rdx   = long
  # parm2:    rcx:rcx   = long
  #           [sp+0x80]  (sp of caller)
  0x00007f9c04fd6620: 8984 2400 | c0fe ff55 | 4883 ec70 | 4181 7f20 | 0c00 0000 

  0x00007f9c04fd6634: ;   {runtime_call StubRoutines (final stubs)}
  0x00007f9c04fd6634: 7405 e8c5 

  0x00007f9c04fd6638: ;   {metadata(method data for {method} {0x00007f9ba71dbb88} 'guardWithCatch' '(Ljava/lang/Object;JJ)I' in 'java/lang/invoke/LambdaForm$MH+0x00007f9bb0691400')}
  0x00007f9c04fd6638: 6bd9 0648 | bf00 103d | a79b 7f00 | 0048 8dbf | b803 0000 | 4885 f675 | 0cf6 0701 | 754c f048 
  0x00007f9c04fd6658: 830f 01eb | 458b 5e08 | 49ba 0000 | 00af 9b7f | 0000 4903 | da4c 8bd3 | 4833 1f48 | f7c3 fcff 
  0x00007f9c04fd6678: ffff 7426 | f6c3 0275 | 2148 f707 | feff ffff | 7415 498b | da48 331f | 48f7 c3fc | ffff ff74 
  0x00007f9c04fd6698: 0948 830f | 02eb 0348 

  0x00007f9c04fd66a0: ;   {metadata(method data for {method} {0x00007f9ba71dbb88} 'guardWithCatch' '(Ljava/lang/Object;JJ)I' in 'java/lang/invoke/LambdaForm$MH+0x00007f9bb0691400')}
  0x00007f9c04fd66a0: 891f 48bf | 0010 3da7 | 9b7f 0000 | 8b9f f400 | 0000 83c3 | 0289 9ff4 | 0000 0081 | e3fe 0700 
  0x00007f9c04fd66c0: 0085 db0f | 84c1 0500 | 0048 85f6 

  0x00007f9c04fd66cc: ;   {metadata(method data for {method} {0x00007f9ba71dbb88} 'guardWithCatch' '(Ljava/lang/Object;JJ)I' in 'java/lang/invoke/LambdaForm$MH+0x00007f9bb0691400')}
  0x00007f9c04fd66cc: 7516 48bb | 0010 3da7 | 9b7f 0000 | 808b 3101 | 0000 01e9 | cc00 0000 

  0x00007f9c04fd66e4: ;   {metadata('java/lang/invoke/BoundMethodHandle$Species_LLLLL')}
  0x00007f9c04fd66e4: 48b8 8818 | 23af 9b7f | 0000 8b7e | 0849 ba00 | 0000 af9b | 7f00 0049 | 03fa 483b | c70f 858d 
  0x00007f9c04fd6704: ;   {metadata(method data for {method} {0x00007f9ba71dbb88} 'guardWithCatch' '(Ljava/lang/Object;JJ)I' in 'java/lang/invoke/LambdaForm$MH+0x00007f9bb0691400')}
  0x00007f9c04fd6704: 0000 0048 | bb00 103d | a79b 7f00 | 008b 4608 | 49ba 0000 | 00af 9b7f | 0000 4903 | c248 3b83 
  0x00007f9c04fd6724: 4801 0000 | 750d 4883 | 8350 0100 | 0001 e979 | 0000 0048 | 3b83 5801 | 0000 750d | 4883 8360 
  0x00007f9c04fd6744: 0100 0001 | e963 0000 | 0048 83bb | 4801 0000 | 0075 1748 | 8983 4801 | 0000 48c7 | 8350 0100 
  0x00007f9c04fd6764: 0001 0000 | 00e9 4200 | 0000 4883 | bb58 0100 | 0000 7517 | 4889 8358 | 0100 0048 | c783 6001 
  0x00007f9c04fd6784: 0000 0100 | 0000 e921 | 0000 00e9 | 1c00 0000 

  0x00007f9c04fd6794: ;   {metadata(method data for {method} {0x00007f9ba71dbb88} 'guardWithCatch' '(Ljava/lang/Object;JJ)I' in 'java/lang/invoke/LambdaForm$MH+0x00007f9bb0691400')}
  0x00007f9c04fd6794: 48bb 0010 | 3da7 9b7f | 0000 4883 | ab38 0100 | 0001 e900 | 0500 00e9 | 0000 0000 

  0x00007f9c04fd67b0: ; implicit exception: dispatches to 0x00007f9c04fd6cb4
  0x00007f9c04fd67b0: 8b7e 208b | 5e24 8b46 | 2844 8b46 | 2c8b 7630 | 4889 4424 | 4048 895c | 2438 4885 

  0x00007f9c04fd67cc: ;   {metadata(method data for {method} {0x00007f9ba71dbb88} 'guardWithCatch' '(Ljava/lang/Object;JJ)I' in 'java/lang/invoke/LambdaForm$MH+0x00007f9bb0691400')}
  0x00007f9c04fd67cc: ff75 1749 | b800 103d | a79b 7f00 | 0041 8088 | 6901 0000 | 01e9 cf00 

  0x00007f9c04fd67e4: ;   {metadata('java/lang/invoke/MethodHandle')}
  0x00007f9c04fd67e4: 0000 49b9 | 18f1 05af | 9b7f 0000 | 448b 4708 | 49ba 0000 | 00af 9b7f | 0000 4d03 | c24d 3b48 
  0x00007f9c04fd6804: 380f 858e 

  0x00007f9c04fd6808: ;   {metadata(method data for {method} {0x00007f9ba71dbb88} 'guardWithCatch' '(Ljava/lang/Object;JJ)I' in 'java/lang/invoke/LambdaForm$MH+0x00007f9bb0691400')}
  0x00007f9c04fd6808: 0000 0049 | b800 103d | a79b 7f00 | 0044 8b4f | 0849 ba00 | 0000 af9b | 7f00 004d | 03ca 4d3b 
  0x00007f9c04fd6828: 8880 0100 | 0075 0d49 | 8380 8801 | 0000 01e9 | 7900 0000 | 4d3b 8890 | 0100 0075 | 0d49 8380 
  0x00007f9c04fd6848: 9801 0000 | 01e9 6300 | 0000 4983 | b880 0100 | 0000 7517 | 4d89 8880 | 0100 0049 | c780 8801 
  0x00007f9c04fd6868: 0000 0100 | 0000 e942 | 0000 0049 | 83b8 9001 | 0000 0075 | 174d 8988 | 9001 0000 | 49c7 8098 
  0x00007f9c04fd6888: 0100 0001 | 0000 00e9 | 2100 0000 | e91c 0000 

  0x00007f9c04fd6898: ;   {metadata(method data for {method} {0x00007f9ba71dbb88} 'guardWithCatch' '(Ljava/lang/Object;JJ)I' in 'java/lang/invoke/LambdaForm$MH+0x00007f9bb0691400')}
  0x00007f9c04fd6898: 0049 b800 | 103d a79b | 7f00 0049 | 83a8 7001 | 0000 01e9 | 0904 0000 | e900 0000 | 0048 8bf7 
  0x00007f9c04fd68b8: ; implicit exception: dispatches to 0x00007f9c04fd6cc2
  0x00007f9c04fd68b8: 483b 0648 

  0x00007f9c04fd68bc: ;   {metadata(method data for {method} {0x00007f9ba71dbb88} 'guardWithCatch' '(Ljava/lang/Object;JJ)I' in 'java/lang/invoke/LambdaForm$MH+0x00007f9bb0691400')}
  0x00007f9c04fd68bc: 8bfe 49b8 | 0010 3da7 | 9b7f 0000 | 4983 80a8 | 0100 0001 | 488b fa48 | 8bd7 4c8b | c149 8bc8 
  0x00007f9c04fd68dc: 4c89 4424 | 5048 897c 

  0x00007f9c04fd68e4: ;   {optimized virtual_call}
  0x00007f9c04fd68e4: 2448 90e8 

  0x00007f9c04fd68e8: ; ImmutableOopMap {[56]=Oop [64]=Oop }
                      ;*invokevirtual invokeBasic {reexecute=0 rethrow=0 return_oop=0}
                      ; - java.lang.invoke.LambdaForm$MH/0x00007f9bb0691400::guardWithCatch@42
  0x00007f9c04fd68e8: 94ef 5c07 

  0x00007f9c04fd68ec: ;   {other}
  0x00007f9c04fd68ec: 0f1f 8400 | dc04 0000 | e966 0300 | 0049 8b87 | 0005 0000 | 4d33 d24d | 8997 0005 | 0000 4d33 
  0x00007f9c04fd690c: d24d 8997 | 0805 0000 | 4885 db75 

  0x00007f9c04fd6918: ;   {metadata(method data for {method} {0x00007f9ba71dbb88} 'guardWithCatch' '(Ljava/lang/Object;JJ)I' in 'java/lang/invoke/LambdaForm$MH+0x00007f9bb0691400')}
  0x00007f9c04fd6918: 1648 bf00 | 103d a79b | 7f00 0080 | 8ff1 0100 | 0001 e9cc 

  0x00007f9c04fd692c: ;   {metadata('java/lang/Class')}
  0x00007f9c04fd692c: 0000 0048 | ba50 6b00 | af9b 7f00 | 008b 7308 | 49ba 0000 | 00af 9b7f | 0000 4903 | f248 3bd6 
  0x00007f9c04fd694c: 0f85 8d00 

  0x00007f9c04fd6950: ;   {metadata(method data for {method} {0x00007f9ba71dbb88} 'guardWithCatch' '(Ljava/lang/Object;JJ)I' in 'java/lang/invoke/LambdaForm$MH+0x00007f9bb0691400')}
  0x00007f9c04fd6950: 0000 48bf | 0010 3da7 | 9b7f 0000 | 8b53 0849 | ba00 0000 | af9b 7f00 | 0049 03d2 | 483b 9708 
  0x00007f9c04fd6970: 0200 0075 | 0d48 8387 | 1002 0000 | 01e9 7900 | 0000 483b | 9718 0200 | 0075 0d48 | 8387 2002 
  0x00007f9c04fd6990: 0000 01e9 | 6300 0000 | 4883 bf08 | 0200 0000 | 7517 4889 | 9708 0200 | 0048 c787 | 1002 0000 
  0x00007f9c04fd69b0: 0100 0000 | e942 0000 | 0048 83bf | 1802 0000 | 0075 1748 | 8997 1802 | 0000 48c7 | 8720 0200 
  0x00007f9c04fd69d0: 0001 0000 | 00e9 2100 | 0000 e91c 

  0x00007f9c04fd69dc: ;   {metadata(method data for {method} {0x00007f9ba71dbb88} 'guardWithCatch' '(Ljava/lang/Object;JJ)I' in 'java/lang/invoke/LambdaForm$MH+0x00007f9bb0691400')}
  0x00007f9c04fd69dc: 0000 0048 | bf00 103d | a79b 7f00 | 0048 83af | f801 0000 | 01e9 d102 | 0000 e900 | 0000 0048 
  0x00007f9c04fd69fc: 8bfb 483b 

  0x00007f9c04fd6a00: ;   {metadata(method data for {method} {0x00007f9ba71dbb88} 'guardWithCatch' '(Ljava/lang/Object;JJ)I' in 'java/lang/invoke/LambdaForm$MH+0x00007f9bb0691400')}
  0x00007f9c04fd6a00: 0748 be00 | 103d a79b | 7f00 0048 | 8db6 6802 | 0000 8b58 | 0849 ba00 | 0000 af9b | 7f00 0049 
  0x00007f9c04fd6a20: 03da 4c8b | d348 335e | 0848 f7c3 | fcff ffff | 742a f6c3 | 0275 2548 | f746 08fe | ffff ff74 
  0x00007f9c04fd6a40: 1749 8bda | 4833 5e08 | 48f7 c3fc | ffff ff74 | 0b48 834e | 0802 eb04 | 4889 5e08 

  0x00007f9c04fd6a5c: ;   {metadata(method data for {method} {0x00007f9ba71dbb88} 'guardWithCatch' '(Ljava/lang/Object;JJ)I' in 'java/lang/invoke/LambdaForm$MH+0x00007f9bb0691400')}
  0x00007f9c04fd6a5c: 488b f748 | bb00 103d | a79b 7f00 | 0048 8383 | 3002 0000 | 0148 8bf0 | 4889 4424 

  0x00007f9c04fd6a78: ;   {runtime_call Runtime1::is_instance_of(oopDesc*, oopDesc*)}
  0x00007f9c04fd6a78: 58e8 5213 

  0x00007f9c04fd6a7c: ;   {other}
  0x00007f9c04fd6a7c: 781f 0f1f | 8400 0000 | 0000 85c0 

  0x00007f9c04fd6a88: ;   {metadata(method data for {method} {0x00007f9ba71dbb88} 'guardWithCatch' '(Ljava/lang/Object;JJ)I' in 'java/lang/invoke/LambdaForm$MH+0x00007f9bb0691400')}
  0x00007f9c04fd6a88: 48ba 0010 | 3da7 9b7f | 0000 48c7 | c180 0200 | 0074 0748 | c7c1 9002 | 0000 4c8b | 040a 4d8d 
  0x00007f9c04fd6aa8: 4001 4c89 | 040a 488b | 7424 580f | 84c9 0100 | 0048 8b44 | 2440 4c8b | 4424 5048 | 8b4c 2448 
  0x00007f9c04fd6ac8: 4885 c075 

  0x00007f9c04fd6acc: ;   {metadata(method data for {method} {0x00007f9ba71dbb88} 'guardWithCatch' '(Ljava/lang/Object;JJ)I' in 'java/lang/invoke/LambdaForm$MH+0x00007f9bb0691400')}
  0x00007f9c04fd6acc: 1648 bb00 | 103d a79b | 7f00 0080 | 8b99 0200 | 0001 e9cd 

  0x00007f9c04fd6ae0: ;   {metadata('java/lang/invoke/MethodHandle')}
  0x00007f9c04fd6ae0: 0000 0048 | bf18 f105 | af9b 7f00 | 008b 5808 | 49ba 0000 | 00af 9b7f | 0000 4903 | da48 3b7b 
  0x00007f9c04fd6b00: 380f 858d 

  0x00007f9c04fd6b04: ;   {metadata(method data for {method} {0x00007f9ba71dbb88} 'guardWithCatch' '(Ljava/lang/Object;JJ)I' in 'java/lang/invoke/LambdaForm$MH+0x00007f9bb0691400')}
  0x00007f9c04fd6b04: 0000 0048 | bb00 103d | a79b 7f00 | 008b 7808 | 49ba 0000 | 00af 9b7f | 0000 4903 | fa48 3bbb 
  0x00007f9c04fd6b24: b002 0000 | 750d 4883 | 83b8 0200 | 0001 e979 | 0000 0048 | 3bbb c002 | 0000 750d | 4883 83c8 
  0x00007f9c04fd6b44: 0200 0001 | e963 0000 | 0048 83bb | b002 0000 | 0075 1748 | 89bb b002 | 0000 48c7 | 83b8 0200 
  0x00007f9c04fd6b64: 0001 0000 | 00e9 4200 | 0000 4883 | bbc0 0200 | 0000 7517 | 4889 bbc0 | 0200 0048 | c783 c802 
  0x00007f9c04fd6b84: 0000 0100 | 0000 e921 | 0000 00e9 | 1c00 0000 

  0x00007f9c04fd6b94: ;   {metadata(method data for {method} {0x00007f9ba71dbb88} 'guardWithCatch' '(Ljava/lang/Object;JJ)I' in 'java/lang/invoke/LambdaForm$MH+0x00007f9bb0691400')}
  0x00007f9c04fd6b94: 48bb 0010 | 3da7 9b7f | 0000 4883 | aba0 0200 | 0001 e92a | 0100 00e9 | 0000 0000 | 488b f848 
  0x00007f9c04fd6bb4: ;   {metadata(method data for {method} {0x00007f9ba71dbb88} 'guardWithCatch' '(Ljava/lang/Object;JJ)I' in 'java/lang/invoke/LambdaForm$MH+0x00007f9bb0691400')}
  0x00007f9c04fd6bb4: 3b07 48ba | 0010 3da7 | 9b7f 0000 | 488d 9210 | 0300 008b | 5e08 49ba | 0000 00af | 9b7f 0000 
  0x00007f9c04fd6bd4: 4903 da4c | 8bd3 4833 | 5a08 48f7 | c3fc ffff | ff74 2af6 | c302 7525 | 48f7 4208 | feff ffff 
  0x00007f9c04fd6bf4: 7417 498b | da48 335a | 0848 f7c3 | fcff ffff | 740b 4883 | 4a08 02eb | 0448 895a | 0848 8bd7 
  0x00007f9c04fd6c14: ;   {metadata(method data for {method} {0x00007f9ba71dbb88} 'guardWithCatch' '(Ljava/lang/Object;JJ)I' in 'java/lang/invoke/LambdaForm$MH+0x00007f9bb0691400')}
  0x00007f9c04fd6c14: 48bb 0010 | 3da7 9b7f | 0000 4883 | 83d8 0200 | 0001 488b | d648 8bf7 

  0x00007f9c04fd6c2c: ;   {optimized virtual_call}
  0x00007f9c04fd6c2c: 6666 90e8 

  0x00007f9c04fd6c30: ; ImmutableOopMap {}
                      ;*invokevirtual invokeBasic {reexecute=0 rethrow=0 return_oop=0}
                      ; - java.lang.invoke.LambdaForm$MH/0x00007f9bb0691400::guardWithCatch@69
  0x00007f9c04fd6c30: cce5 5807 

  0x00007f9c04fd6c34: ;   {other}
  0x00007f9c04fd6c34: 0f1f 8400 | 2408 0001 

  0x00007f9c04fd6c3c: ;   {metadata(method data for {method} {0x00007f9ba71dbb88} 'guardWithCatch' '(Ljava/lang/Object;JJ)I' in 'java/lang/invoke/LambdaForm$MH+0x00007f9bb0691400')}
  0x00007f9c04fd6c3c: 48be 0010 | 3da7 9b7f | 0000 ff86 | 2803 0000 | 4883 c470 

  0x00007f9c04fd6c50: ;   {poll_return}
  0x00007f9c04fd6c50: 5d49 3ba7 | 5004 0000 | 0f87 8500 

  0x00007f9c04fd6c5c: ;   {metadata(method data for {method} {0x00007f9ba71dbb88} 'guardWithCatch' '(Ljava/lang/Object;JJ)I' in 'java/lang/invoke/LambdaForm$MH+0x00007f9bb0691400')}
  0x00007f9c04fd6c5c: 0000 c348 | be00 103d | a79b 7f00 | 00ff 86e0 | 0100 0048 | 83c4 705d 

  0x00007f9c04fd6c74: ;   {poll_return}
  0x00007f9c04fd6c74: 493b a750 | 0400 000f | 8778 0000 | 00c3 488b | c6e9 d400 

  0x00007f9c04fd6c88: ;   {metadata({method} {0x00007f9ba71dbb88} 'guardWithCatch' '(Ljava/lang/Object;JJ)I' in 'java/lang/invoke/LambdaForm$MH+0x00007f9bb0691400')}
  0x00007f9c04fd6c88: 0000 49ba | 88bb 1da7 | 9b7f 0000 | 4c89 5424 | 0848 c704 | 24ff ffff 

  0x00007f9c04fd6ca0: ;   {runtime_call counter_overflow Runtime1 stub}
  0x00007f9c04fd6ca0: ffe8 da35 

  0x00007f9c04fd6ca4: ; ImmutableOopMap {rsi=Oop }
                      ;*synchronization entry
                      ; - java.lang.invoke.LambdaForm$MH/0x00007f9bb0691400::guardWithCatch@-1
  0x00007f9c04fd6ca4: e806 e91e | faff ff48 

  0x00007f9c04fd6cac: ;   {runtime_call throw_class_cast_exception Runtime1 stub}
  0x00007f9c04fd6cac: 8934 24e8 

  0x00007f9c04fd6cb0: ; ImmutableOopMap {}
                      ;*checkcast {reexecute=0 rethrow=0 return_oop=0}
                      ; - java.lang.invoke.LambdaForm$MH/0x00007f9bb0691400::guardWithCatch@1
  0x00007f9c04fd6cb0: ecef e706 

  0x00007f9c04fd6cb4: ;   {runtime_call throw_null_pointer_exception Runtime1 stub}
  0x00007f9c04fd6cb4: e8e7 b1e7 

  0x00007f9c04fd6cb8: ; ImmutableOopMap {rsi=Oop }
                      ;*getfield argL0 {reexecute=1 rethrow=0 return_oop=0}
                      ; - (reexecute) java.lang.invoke.LambdaForm$MH/0x00007f9bb0691400::guardWithCatch@6
  0x00007f9c04fd6cb8: 0648 893c 

  0x00007f9c04fd6cbc: ;   {runtime_call throw_class_cast_exception Runtime1 stub}
  0x00007f9c04fd6cbc: 24e8 deef 

  0x00007f9c04fd6cc0: ; ImmutableOopMap {[56]=Oop [64]=Oop }
                      ;*checkcast {reexecute=0 rethrow=0 return_oop=0}
                      ; - java.lang.invoke.LambdaForm$MH/0x00007f9bb0691400::guardWithCatch@37
                      ;   {runtime_call throw_null_pointer_exception Runtime1 stub}
  0x00007f9c04fd6cc0: e706 e8d9 

  0x00007f9c04fd6cc4: ; ImmutableOopMap {rsi=Oop [56]=Oop [64]=Oop }
                      ;*invokevirtual invokeBasic {reexecute=0 rethrow=0 return_oop=0}
                      ; - java.lang.invoke.LambdaForm$MH/0x00007f9bb0691400::guardWithCatch@42
  0x00007f9c04fd6cc4: b1e7 0648 

  0x00007f9c04fd6cc8: ;   {runtime_call throw_class_cast_exception Runtime1 stub}
  0x00007f9c04fd6cc8: 891c 24e8 

  0x00007f9c04fd6ccc: ; ImmutableOopMap {rax=Oop [64]=Oop }
                      ;*checkcast {reexecute=0 rethrow=0 return_oop=0}
                      ; - java.lang.invoke.LambdaForm$MH/0x00007f9bb0691400::guardWithCatch@51
  0x00007f9c04fd6ccc: d0ef e706 

  0x00007f9c04fd6cd0: ;   {runtime_call throw_null_pointer_exception Runtime1 stub}
  0x00007f9c04fd6cd0: e8cb b1e7 

  0x00007f9c04fd6cd4: ; ImmutableOopMap {rax=Oop rdi=Oop [64]=Oop }
                      ;*invokevirtual isInstance {reexecute=0 rethrow=0 return_oop=0}
                      ; - java.lang.invoke.LambdaForm$MH/0x00007f9bb0691400::guardWithCatch@55
  0x00007f9c04fd6cd4: 0648 8904 

  0x00007f9c04fd6cd8: ;   {runtime_call throw_class_cast_exception Runtime1 stub}
  0x00007f9c04fd6cd8: 24e8 c2ef 

  0x00007f9c04fd6cdc: ; ImmutableOopMap {rsi=Oop }
                      ;*checkcast {reexecute=0 rethrow=0 return_oop=0}
                      ; - java.lang.invoke.LambdaForm$MH/0x00007f9bb0691400::guardWithCatch@63
                      ;   {runtime_call throw_null_pointer_exception Runtime1 stub}
  0x00007f9c04fd6cdc: e706 e8bd 

  0x00007f9c04fd6ce0: ; ImmutableOopMap {rsi=Oop rdi=Oop }
                      ;*invokevirtual invokeBasic {reexecute=0 rethrow=0 return_oop=0}
                      ; - java.lang.invoke.LambdaForm$MH/0x00007f9bb0691400::guardWithCatch@69
                      ;   {internal_word}
  0x00007f9c04fd6ce0: b1e7 0649 | ba51 6cfd | 049c 7f00 | 004d 8997 | 6804 0000 

  0x00007f9c04fd6cf4: ;   {runtime_call SafepointBlob}
  0x00007f9c04fd6cf4: e907 67db 

  0x00007f9c04fd6cf8: ;   {internal_word}
  0x00007f9c04fd6cf8: 0649 ba74 | 6cfd 049c | 7f00 004d | 8997 6804 

  0x00007f9c04fd6d08: ;   {runtime_call SafepointBlob}
  0x00007f9c04fd6d08: 0000 e9f1 | 66db 0648 | 8b5c 2438 | e9e0 fbff | ff48 8b5c | 2438 4889 | 4c24 5048 | 8954 2448 
  0x00007f9c04fd6d28: e9cc fbff | ff48 8b5c | 2438 4889 | 4c24 5048 | 8954 2448 | e9b8 fbff | ff49 8b87 | 0005 0000 
  0x00007f9c04fd6d48: 49c7 8700 | 0500 0000 | 0000 0049 | c787 0805 | 0000 0000 | 0000 4883 

  0x00007f9c04fd6d60: ;   {runtime_call unwind_exception Runtime1 stub}
  0x00007f9c04fd6d60: c470 5de9 | 989c e706 
[Stub Code]
  0x00007f9c04fd6d68: ;   {no_reloc}
  0x00007f9c04fd6d68: 48bb 0000 | 0000 0000 

  0x00007f9c04fd6d70: ;   {runtime_call nmethod}
  0x00007f9c04fd6d70: 0000 e9fb 

  0x00007f9c04fd6d74: ;   {static_stub}
  0x00007f9c04fd6d74: ffff ff48 | bb00 0000 | 0000 0000 

  0x00007f9c04fd6d80: ;   {runtime_call nmethod}
  0x00007f9c04fd6d80: 00e9 fbff 

  0x00007f9c04fd6d84: ;   {runtime_call handle_exception_from_callee Runtime1 stub}
  0x00007f9c04fd6d84: ffff e8f5 

  0x00007f9c04fd6d88: ;   {external_word}
  0x00007f9c04fd6d88: dde7 0648 | bf04 7b32 | 259c 7f00 | 0048 83e4 

  0x00007f9c04fd6d98: ;   {runtime_call MacroAssembler::debug64(char*, long, long*)}
  0x00007f9c04fd6d98: f0e8 4270 

  0x00007f9c04fd6d9c: ;   {section_word}
  0x00007f9c04fd6d9c: e11f f449 | ba9f 6dfd | 049c 7f00 

  0x00007f9c04fd6da8: ;   {runtime_call DeoptimizationBlob}
  0x00007f9c04fd6da8: 0041 52e9 | f07a db06 
[Deopt MH Handler Code]
  0x00007f9c04fd6db0: ;   {section_word}
  0x00007f9c04fd6db0: 49ba b06d | fd04 9c7f | 0000 4152 

  0x00007f9c04fd6dbc: ;   {runtime_call DeoptimizationBlob}
  0x00007f9c04fd6dbc: e9df 7adb | 06f4 f4f4 | f4f4 f4f4 
[/MachCode]


---------------  P R O C E S S  ---------------

Threads class SMR info:
_java_thread_list=0x00007f9ba802ea70, length=27, elements={
0x00007f9c1c032de0, 0x00007f9c1c151ea0, 0x00007f9c1c153410, 0x00007f9c1c154ba0,
0x00007f9c1c1561e0, 0x00007f9c1c157780, 0x00007f9c1c1592c0, 0x00007f9c1c15a980,
0x00007f9c1c1b5b10, 0x00007f9c1c1b82c0, 0x00007f9c1c6e9b10, 0x00007f9c1c6799c0,
0x00007f9c1c6ffba0, 0x00007f9c1c95a2a0, 0x00007f9b618c8e90, 0x00007f9b618c9a90,
0x00007f9b54000ff0, 0x00007f9b4c000ff0, 0x00007f9b4c002220, 0x00007f9b54118ba0,
0x00007f9b481915a0, 0x00007f9b4c1984f0, 0x00007f9b5411a770, 0x00007f9b80001fc0,
0x00007f9b88807ed0, 0x00007f9b888201c0, 0x00007f9b90001fb0
}

Java Threads: ( => current thread )
  0x00007f9c1c032de0 JavaThread "Test worker"                       [_thread_blocked, id=2770, stack(0x00007f9c24003000,0x00007f9c24103000) (1024K)]
  0x00007f9c1c151ea0 JavaThread "Reference Handler"          daemon [_thread_blocked, id=2778, stack(0x00007f9c04700000,0x00007f9c04800000) (1024K)]
  0x00007f9c1c153410 JavaThread "Finalizer"                  daemon [_thread_blocked, id=2779, stack(0x00007f9c04600000,0x00007f9c04700000) (1024K)]
  0x00007f9c1c154ba0 JavaThread "Signal Dispatcher"          daemon [_thread_blocked, id=2780, stack(0x00007f9c04500000,0x00007f9c04600000) (1024K)]
  0x00007f9c1c1561e0 JavaThread "Service Thread"             daemon [_thread_blocked, id=2781, stack(0x00007f9c04400000,0x00007f9c04500000) (1024K)]
  0x00007f9c1c157780 JavaThread "Monitor Deflation Thread"   daemon [_thread_blocked, id=2782, stack(0x00007f9c04300000,0x00007f9c04400000) (1024K)]
  0x00007f9c1c1592c0 JavaThread "C2 CompilerThread0"         daemon [_thread_blocked, id=2783, stack(0x00007f9c04200000,0x00007f9c04300000) (1024K)]
  0x00007f9c1c15a980 JavaThread "C1 CompilerThread0"         daemon [_thread_blocked, id=2784, stack(0x00007f9c04100000,0x00007f9c04200000) (1024K)]
  0x00007f9c1c1b5b10 JavaThread "Notification Thread"        daemon [_thread_blocked, id=2785, stack(0x00007f9baef00000,0x00007f9baf000000) (1024K)]
  0x00007f9c1c1b82c0 JavaThread "Common-Cleaner"             daemon [_thread_blocked, id=2786, stack(0x00007f9baee00000,0x00007f9baef00000) (1024K)]
  0x00007f9c1c6e9b10 JavaThread "/127.0.0.1:30361 to /127.0.0.1:29377 workers"        [_thread_blocked, id=2795, stack(0x00007f9bae8fd000,0x00007f9bae9fd000) (1024K)]
  0x00007f9c1c6799c0 JavaThread "/127.0.0.1:30361 to /127.0.0.1:29377 workers Thread 2"        [_thread_blocked, id=2796, stack(0x00007f9bae7fd000,0x00007f9bae8fd000) (1024K)]
  0x00007f9c1c6ffba0 JavaThread "/127.0.0.1:30361 to /127.0.0.1:29377 workers Thread 3"        [_thread_in_native, id=2797, stack(0x00007f9bae6fd000,0x00007f9bae7fd000) (1024K)]
  0x00007f9c1c95a2a0 JavaThread "SDK 34 Main Thread"                [_thread_blocked, id=2798, stack(0x00007f9bae5fd000,0x00007f9bae6fd000) (1024K)]
  0x00007f9b618c8e90 JavaThread "DefaultDispatcher-worker-1" daemon [_thread_blocked, id=2800, stack(0x00007f9bae4fd000,0x00007f9bae5fd000) (1024K)]
  0x00007f9b618c9a90 JavaThread "DefaultDispatcher-worker-2" daemon [_thread_blocked, id=2801, stack(0x00007f9badce6000,0x00007f9badde6000) (1024K)]
  0x00007f9b54000ff0 JavaThread "DefaultDispatcher-worker-3 @coroutine#36" daemon [_thread_in_Java, id=2802, stack(0x00007f9badbe6000,0x00007f9badce6000) (1024K)]
  0x00007f9b4c000ff0 JavaThread "DefaultDispatcher-worker-4" daemon [_thread_blocked, id=2803, stack(0x00007f9badae6000,0x00007f9badbe6000) (1024K)]
  0x00007f9b4c002220 JavaThread "DefaultDispatcher-worker-5" daemon [_thread_blocked, id=2804, stack(0x00007f9bad9e6000,0x00007f9badae6000) (1024K)]
  0x00007f9b54118ba0 JavaThread "arch_disk_io_0"             daemon [_thread_blocked, id=2805, stack(0x00007f9bad8e6000,0x00007f9bad9e6000) (1024K)]
  0x00007f9b481915a0 JavaThread "arch_disk_io_1"             daemon [_thread_blocked, id=2810, stack(0x00007f9bad100000,0x00007f9bad200000) (1024K)]
  0x00007f9b4c1984f0 JavaThread "arch_disk_io_2"             daemon [_thread_blocked, id=2811, stack(0x00007f9bad000000,0x00007f9bad100000) (1024K)]
  0x00007f9b5411a770 JavaThread "arch_disk_io_3"             daemon [_thread_blocked, id=2814, stack(0x00007f9bad400000,0x00007f9bad500000) (1024K)]
=>0x00007f9b80001fc0 JavaThread "WM.task-11"                 daemon [_thread_in_native, id=2827, stack(0x00007f9bad200000,0x00007f9bad300000) (1024K)]
  0x00007f9b88807ed0 JavaThread "WM.task-12"                 daemon [_thread_blocked, id=2829, stack(0x00007f9bad500000,0x00007f9bad600000) (1024K)]
  0x00007f9b888201c0 JavaThread "C2 CompilerThread1"         daemon [_thread_blocked, id=2830, stack(0x00007f9baed00000,0x00007f9baee00000) (1024K)]
  0x00007f9b90001fb0 JavaThread "WM.task-13"                 daemon [_thread_blocked, id=2831, stack(0x00007f9bacf00000,0x00007f9bad000000) (1024K)]
Total: 27

Other Threads:
  0x00007f9c1c1488e0 VMThread "VM Thread"                           [id=2777, stack(0x00007f9c202fa000,0x00007f9c203fa000) (1024K)] _threads_hazard_ptr=0x00007f9ba802ea70
  0x00007f9c1c136ed0 WatcherThread "VM Periodic Task Thread"        [id=2776, stack(0x00007f9c203fb000,0x00007f9c204fb000) (1024K)]
  0x00007f9c1c05f450 WorkerThread "GC Thread#0"                     [id=2771, stack(0x00007f9c236c0000,0x00007f9c237c0000) (1024K)]
  0x00007f9b9c0069c0 WorkerThread "GC Thread#1"                     [id=2788, stack(0x00007f9baec00000,0x00007f9baed00000) (1024K)]
  0x00007f9b9c0074e0 WorkerThread "GC Thread#2"                     [id=2789, stack(0x00007f9baeaff000,0x00007f9baebff000) (1024K)]
  0x00007f9b9c008000 WorkerThread "GC Thread#3"                     [id=2790, stack(0x00007f9bae9fe000,0x00007f9baeafe000) (1024K)]
  0x00007f9c1c064a50 ConcurrentGCThread "G1 Main Marker"            [id=2772, stack(0x00007f9c22d00000,0x00007f9c22e00000) (1024K)]
  0x00007f9c1c0659f0 WorkerThread "G1 Conc#0"                       [id=2773, stack(0x00007f9c22bff000,0x00007f9c22cff000) (1024K)]
  0x00007f9c1c125060 ConcurrentGCThread "G1 Refine#0"               [id=2774, stack(0x00007f9c205fd000,0x00007f9c206fd000) (1024K)]
  0x00007f9c1c126020 ConcurrentGCThread "G1 Service"                [id=2775, stack(0x00007f9c204fc000,0x00007f9c205fc000) (1024K)]
Total: 10

Threads with active compile tasks:
C2 CompilerThread0  9013 7832   !   4       jdk.internal.loader.BuiltinClassLoader::loadClassOrNull (143 bytes)
C1 CompilerThread0  9013 7861       3       java.lang.StringUTF16::checkBoundsBeginEnd (10 bytes)
Total: 2

VM state: not at safepoint (normal execution)

VM Mutex/Monitor currently owned by a thread:  ([mutex/lock_event])
[0x00007f9c2575a3f8] MethodCompileQueue_lock - owner thread: 0x00007f9c1c15a980
[0x00007f9c25758e78] Compile_lock - owner thread: 0x00007f9c1c95a2a0

Heap address: 0x00000000e0000000, size: 512 MB, Compressed Oops mode: 32-bit

CDS archive(s) mapped at: [0x00007f9baf000000-0x00007f9bafc9c000-0x00007f9bafc9c000), size 13221888, SharedBaseAddress: 0x00007f9baf000000, ArchiveRelocationMode: 1.
Compressed class space mapped at: 0x00007f9bb0000000-0x00007f9bf0000000, reserved size: 1073741824
Narrow klass base: 0x00007f9baf000000, Narrow klass shift: 0, Narrow klass range: 0x100000000

GC Precious Log:
 CardTable entry size: 512
 Card Set container configuration: InlinePtr #cards 5 size 8 Array Of Cards #cards 12 size 40 Howl #buckets 4 coarsen threshold 1843 Howl Bitmap #cards 512 size 80 coarsen threshold 460 Card regions per heap region 1 cards per card region 2048
 CPUs: 4 total, 4 available
 Memory: 12288M
 Large Page Support: Disabled
 NUMA Support: Disabled
 Compressed Oops: Enabled (32-bit)
 Heap Region Size: 1M
 Heap Min Capacity: 8M
 Heap Initial Capacity: 192M
 Heap Max Capacity: 512M
 Pre-touch: Disabled
 Parallel Workers: 4
 Concurrent Workers: 1
 Concurrent Refinement Workers: 4
 Periodic GC: Disabled

Heap:
 garbage-first heap   total 183296K, used 134958K [0x00000000e0000000, 0x0000000100000000)
  region size 1024K, 22 young (22528K), 4 survivors (4096K)
 Metaspace       used 67925K, committed 71872K, reserved 1114112K
  class space    used 6655K, committed 8512K, reserved 1048576K

Heap Regions: E=young(eden), S=young(survivor), O=old, HS=humongous(starts), HC=humongous(continues), CS=collection set, F=free, TAMS=top-at-mark-start, PB=parsable bottom
|   0|0x00000000e0000000, 0x00000000e0100000, 0x00000000e0100000|100%|HS|  |TAMS 0x00000000e0000000| PB 0x00000000e0000000| Complete 
|   1|0x00000000e0100000, 0x00000000e0200000, 0x00000000e0200000|100%|HC|  |TAMS 0x00000000e0100000| PB 0x00000000e0100000| Complete 
|   2|0x00000000e0200000, 0x00000000e0300000, 0x00000000e0300000|100%|HS|  |TAMS 0x00000000e0200000| PB 0x00000000e0200000| Complete 
|   3|0x00000000e0300000, 0x00000000e0400000, 0x00000000e0400000|100%| O|  |TAMS 0x00000000e0300000| PB 0x00000000e0300000| Untracked 
|   4|0x00000000e0400000, 0x00000000e0500000, 0x00000000e0500000|100%|HS|  |TAMS 0x00000000e0400000| PB 0x00000000e0400000| Complete 
|   5|0x00000000e0500000, 0x00000000e0600000, 0x00000000e0600000|100%|HC|  |TAMS 0x00000000e0500000| PB 0x00000000e0500000| Complete 
|   6|0x00000000e0600000, 0x00000000e0700000, 0x00000000e0700000|100%| O|  |TAMS 0x00000000e0600000| PB 0x00000000e0600000| Untracked 
|   7|0x00000000e0700000, 0x00000000e0800000, 0x00000000e0800000|100%| O|  |TAMS 0x00000000e0700000| PB 0x00000000e0700000| Untracked 
|   8|0x00000000e0800000, 0x00000000e0900000, 0x00000000e0900000|100%| O|  |TAMS 0x00000000e0800000| PB 0x00000000e0800000| Untracked 
|   9|0x00000000e0900000, 0x00000000e0a00000, 0x00000000e0a00000|100%| O|  |TAMS 0x00000000e0900000| PB 0x00000000e0900000| Untracked 
|  10|0x00000000e0a00000, 0x00000000e0b00000, 0x00000000e0b00000|100%| O|  |TAMS 0x00000000e0a00000| PB 0x00000000e0a00000| Untracked 
|  11|0x00000000e0b00000, 0x00000000e0c00000, 0x00000000e0c00000|100%| O|  |TAMS 0x00000000e0b00000| PB 0x00000000e0b00000| Untracked 
|  12|0x00000000e0c00000, 0x00000000e0d00000, 0x00000000e0d00000|100%| O|  |TAMS 0x00000000e0c00000| PB 0x00000000e0c00000| Untracked 
|  13|0x00000000e0d00000, 0x00000000e0e00000, 0x00000000e0e00000|100%|HS|  |TAMS 0x00000000e0d00000| PB 0x00000000e0d00000| Complete 
|  14|0x00000000e0e00000, 0x00000000e0f00000, 0x00000000e0f00000|100%|HC|  |TAMS 0x00000000e0e00000| PB 0x00000000e0e00000| Complete 
|  15|0x00000000e0f00000, 0x00000000e1000000, 0x00000000e1000000|100%|HC|  |TAMS 0x00000000e0f00000| PB 0x00000000e0f00000| Complete 
|  16|0x00000000e1000000, 0x00000000e1100000, 0x00000000e1100000|100%|HC|  |TAMS 0x00000000e1000000| PB 0x00000000e1000000| Complete 
|  17|0x00000000e1100000, 0x00000000e1200000, 0x00000000e1200000|100%|HC|  |TAMS 0x00000000e1100000| PB 0x00000000e1100000| Complete 
|  18|0x00000000e1200000, 0x00000000e1300000, 0x00000000e1300000|100%|HC|  |TAMS 0x00000000e1200000| PB 0x00000000e1200000| Complete 
|  19|0x00000000e1300000, 0x00000000e1400000, 0x00000000e1400000|100%|HC|  |TAMS 0x00000000e1300000| PB 0x00000000e1300000| Complete 
|  20|0x00000000e1400000, 0x00000000e1500000, 0x00000000e1500000|100%|HS|  |TAMS 0x00000000e1400000| PB 0x00000000e1400000| Complete 
|  21|0x00000000e1500000, 0x00000000e1600000, 0x00000000e1600000|100%|HS|  |TAMS 0x00000000e1500000| PB 0x00000000e1500000| Complete 
|  22|0x00000000e1600000, 0x00000000e1700000, 0x00000000e1700000|100%|HS|  |TAMS 0x00000000e1600000| PB 0x00000000e1600000| Complete 
|  23|0x00000000e1700000, 0x00000000e1800000, 0x00000000e1800000|100%| O|  |TAMS 0x00000000e1700000| PB 0x00000000e1700000| Untracked 
|  24|0x00000000e1800000, 0x00000000e1900000, 0x00000000e1900000|100%| O|  |TAMS 0x00000000e1800000| PB 0x00000000e1800000| Untracked 
|  25|0x00000000e1900000, 0x00000000e1a00000, 0x00000000e1a00000|100%| O|  |TAMS 0x00000000e1900000| PB 0x00000000e1900000| Untracked 
|  26|0x00000000e1a00000, 0x00000000e1b00000, 0x00000000e1b00000|100%| O|  |TAMS 0x00000000e1a00000| PB 0x00000000e1a00000| Untracked 
|  27|0x00000000e1b00000, 0x00000000e1c00000, 0x00000000e1c00000|100%|HS|  |TAMS 0x00000000e1b00000| PB 0x00000000e1b00000| Complete 
|  28|0x00000000e1c00000, 0x00000000e1d00000, 0x00000000e1d00000|100%| O|  |TAMS 0x00000000e1c00000| PB 0x00000000e1c00000| Untracked 
|  29|0x00000000e1d00000, 0x00000000e1e00000, 0x00000000e1e00000|100%| O|  |TAMS 0x00000000e1d00000| PB 0x00000000e1d00000| Untracked 
|  30|0x00000000e1e00000, 0x00000000e1f00000, 0x00000000e1f00000|100%| O|Cm|TAMS 0x00000000e1e00000| PB 0x00000000e1e00000| Complete 
|  31|0x00000000e1f00000, 0x00000000e2000000, 0x00000000e2000000|100%| O|  |TAMS 0x00000000e1f00000| PB 0x00000000e1f00000| Untracked 
|  32|0x00000000e2000000, 0x00000000e2100000, 0x00000000e2100000|100%| O|  |TAMS 0x00000000e2000000| PB 0x00000000e2000000| Untracked 
|  33|0x00000000e2100000, 0x00000000e2200000, 0x00000000e2200000|100%| O|  |TAMS 0x00000000e2100000| PB 0x00000000e2100000| Untracked 
|  34|0x00000000e2200000, 0x00000000e2300000, 0x00000000e2300000|100%| O|  |TAMS 0x00000000e2200000| PB 0x00000000e2200000| Untracked 
|  35|0x00000000e2300000, 0x00000000e2400000, 0x00000000e2400000|100%| O|Cm|TAMS 0x00000000e2300000| PB 0x00000000e2300000| Complete 
|  36|0x00000000e2400000, 0x00000000e2500000, 0x00000000e2500000|100%|HS|  |TAMS 0x00000000e2400000| PB 0x00000000e2400000| Complete 
|  37|0x00000000e2500000, 0x00000000e2600000, 0x00000000e2600000|100%|HC|  |TAMS 0x00000000e2500000| PB 0x00000000e2500000| Complete 
|  38|0x00000000e2600000, 0x00000000e2700000, 0x00000000e2700000|100%|HS|  |TAMS 0x00000000e2600000| PB 0x00000000e2600000| Complete 
|  39|0x00000000e2700000, 0x00000000e2800000, 0x00000000e2800000|100%|HC|  |TAMS 0x00000000e2700000| PB 0x00000000e2700000| Complete 
|  40|0x00000000e2800000, 0x00000000e2900000, 0x00000000e2900000|100%|HC|  |TAMS 0x00000000e2800000| PB 0x00000000e2800000| Complete 
|  41|0x00000000e2900000, 0x00000000e2a00000, 0x00000000e2a00000|100%|HC|  |TAMS 0x00000000e2900000| PB 0x00000000e2900000| Complete 
|  42|0x00000000e2a00000, 0x00000000e2b00000, 0x00000000e2b00000|100%|HC|  |TAMS 0x00000000e2a00000| PB 0x00000000e2a00000| Complete 
|  43|0x00000000e2b00000, 0x00000000e2c00000, 0x00000000e2c00000|100%|HC|  |TAMS 0x00000000e2b00000| PB 0x00000000e2b00000| Complete 
|  44|0x00000000e2c00000, 0x00000000e2d00000, 0x00000000e2d00000|100%|HC|  |TAMS 0x00000000e2c00000| PB 0x00000000e2c00000| Complete 
|  45|0x00000000e2d00000, 0x00000000e2e00000, 0x00000000e2e00000|100%|HC|  |TAMS 0x00000000e2d00000| PB 0x00000000e2d00000| Complete 
|  46|0x00000000e2e00000, 0x00000000e2f00000, 0x00000000e2f00000|100%|HC|  |TAMS 0x00000000e2e00000| PB 0x00000000e2e00000| Complete 
|  47|0x00000000e2f00000, 0x00000000e3000000, 0x00000000e3000000|100%|HC|  |TAMS 0x00000000e2f00000| PB 0x00000000e2f00000| Complete 
|  48|0x00000000e3000000, 0x00000000e3100000, 0x00000000e3100000|100%|HC|  |TAMS 0x00000000e3000000| PB 0x00000000e3000000| Complete 
|  49|0x00000000e3100000, 0x00000000e3200000, 0x00000000e3200000|100%|HC|  |TAMS 0x00000000e3100000| PB 0x00000000e3100000| Complete 
|  50|0x00000000e3200000, 0x00000000e3300000, 0x00000000e3300000|100%|HC|  |TAMS 0x00000000e3200000| PB 0x00000000e3200000| Complete 
|  51|0x00000000e3300000, 0x00000000e3400000, 0x00000000e3400000|100%|HC|  |TAMS 0x00000000e3300000| PB 0x00000000e3300000| Complete 
|  52|0x00000000e3400000, 0x00000000e3500000, 0x00000000e3500000|100%|HC|  |TAMS 0x00000000e3400000| PB 0x00000000e3400000| Complete 
|  53|0x00000000e3500000, 0x00000000e3600000, 0x00000000e3600000|100%|HC|  |TAMS 0x00000000e3500000| PB 0x00000000e3500000| Complete 
|  54|0x00000000e3600000, 0x00000000e3700000, 0x00000000e3700000|100%|HS|  |TAMS 0x00000000e3600000| PB 0x00000000e3600000| Complete 
|  55|0x00000000e3700000, 0x00000000e3800000, 0x00000000e3800000|100%|HC|  |TAMS 0x00000000e3700000| PB 0x00000000e3700000| Complete 
|  56|0x00000000e3800000, 0x00000000e3900000, 0x00000000e3900000|100%|HS|  |TAMS 0x00000000e3800000| PB 0x00000000e3800000| Complete 
|  57|0x00000000e3900000, 0x00000000e3a00000, 0x00000000e3a00000|100%|HC|  |TAMS 0x00000000e3900000| PB 0x00000000e3900000| Complete 
|  58|0x00000000e3a00000, 0x00000000e3b00000, 0x00000000e3b00000|100%|HC|  |TAMS 0x00000000e3a00000| PB 0x00000000e3a00000| Complete 
|  59|0x00000000e3b00000, 0x00000000e3c00000, 0x00000000e3c00000|100%|HS|  |TAMS 0x00000000e3b00000| PB 0x00000000e3b00000| Complete 
|  60|0x00000000e3c00000, 0x00000000e3d00000, 0x00000000e3d00000|100%|HC|  |TAMS 0x00000000e3c00000| PB 0x00000000e3c00000| Complete 
|  61|0x00000000e3d00000, 0x00000000e3e00000, 0x00000000e3e00000|100%|HC|  |TAMS 0x00000000e3d00000| PB 0x00000000e3d00000| Complete 
|  62|0x00000000e3e00000, 0x00000000e3f00000, 0x00000000e3f00000|100%|HC|  |TAMS 0x00000000e3e00000| PB 0x00000000e3e00000| Complete 
|  63|0x00000000e3f00000, 0x00000000e4000000, 0x00000000e4000000|100%|HC|  |TAMS 0x00000000e3f00000| PB 0x00000000e3f00000| Complete 
|  64|0x00000000e4000000, 0x00000000e4100000, 0x00000000e4100000|100%|HS|  |TAMS 0x00000000e4000000| PB 0x00000000e4000000| Complete 
|  65|0x00000000e4100000, 0x00000000e4200000, 0x00000000e4200000|100%|HC|  |TAMS 0x00000000e4100000| PB 0x00000000e4100000| Complete 
|  66|0x00000000e4200000, 0x00000000e4300000, 0x00000000e4300000|100%|HC|  |TAMS 0x00000000e4200000| PB 0x00000000e4200000| Complete 
|  67|0x00000000e4300000, 0x00000000e4400000, 0x00000000e4400000|100%| O|  |TAMS 0x00000000e4300000| PB 0x00000000e4300000| Untracked 
|  68|0x00000000e4400000, 0x00000000e4500000, 0x00000000e4500000|100%| O|  |TAMS 0x00000000e4400000| PB 0x00000000e4400000| Untracked 
|  69|0x00000000e4500000, 0x00000000e4600000, 0x00000000e4600000|100%| O|  |TAMS 0x00000000e4500000| PB 0x00000000e4500000| Untracked 
|  70|0x00000000e4600000, 0x00000000e4700000, 0x00000000e4700000|100%|HS|  |TAMS 0x00000000e4600000| PB 0x00000000e4600000| Complete 
|  71|0x00000000e4700000, 0x00000000e4800000, 0x00000000e4800000|100%|HC|  |TAMS 0x00000000e4700000| PB 0x00000000e4700000| Complete 
|  72|0x00000000e4800000, 0x00000000e4900000, 0x00000000e4900000|100%|HS|  |TAMS 0x00000000e4800000| PB 0x00000000e4800000| Complete 
|  73|0x00000000e4900000, 0x00000000e4a00000, 0x00000000e4a00000|100%|HC|  |TAMS 0x00000000e4900000| PB 0x00000000e4900000| Complete 
|  74|0x00000000e4a00000, 0x00000000e4b00000, 0x00000000e4b00000|100%|HS|  |TAMS 0x00000000e4a00000| PB 0x00000000e4a00000| Complete 
|  75|0x00000000e4b00000, 0x00000000e4c00000, 0x00000000e4c00000|100%|HC|  |TAMS 0x00000000e4b00000| PB 0x00000000e4b00000| Complete 
|  76|0x00000000e4c00000, 0x00000000e4d00000, 0x00000000e4d00000|100%|HC|  |TAMS 0x00000000e4c00000| PB 0x00000000e4c00000| Complete 
|  77|0x00000000e4d00000, 0x00000000e4e00000, 0x00000000e4e00000|100%| O|  |TAMS 0x00000000e4d00000| PB 0x00000000e4d00000| Untracked 
|  78|0x00000000e4e00000, 0x00000000e4f00000, 0x00000000e4f00000|100%|HS|  |TAMS 0x00000000e4e00000| PB 0x00000000e4e00000| Complete 
|  79|0x00000000e4f00000, 0x00000000e5000000, 0x00000000e5000000|100%|HC|  |TAMS 0x00000000e4f00000| PB 0x00000000e4f00000| Complete 
|  80|0x00000000e5000000, 0x00000000e5100000, 0x00000000e5100000|100%|HC|  |TAMS 0x00000000e5000000| PB 0x00000000e5000000| Complete 
|  81|0x00000000e5100000, 0x00000000e5200000, 0x00000000e5200000|100%|HC|  |TAMS 0x00000000e5100000| PB 0x00000000e5100000| Complete 
|  82|0x00000000e5200000, 0x00000000e5300000, 0x00000000e5300000|100%|HC|  |TAMS 0x00000000e5200000| PB 0x00000000e5200000| Complete 
|  83|0x00000000e5300000, 0x00000000e5400000, 0x00000000e5400000|100%|HS|  |TAMS 0x00000000e5300000| PB 0x00000000e5300000| Complete 
|  84|0x00000000e5400000, 0x00000000e5500000, 0x00000000e5500000|100%|HC|  |TAMS 0x00000000e5400000| PB 0x00000000e5400000| Complete 
|  85|0x00000000e5500000, 0x00000000e5600000, 0x00000000e5600000|100%|HC|  |TAMS 0x00000000e5500000| PB 0x00000000e5500000| Complete 
|  86|0x00000000e5600000, 0x00000000e5600000, 0x00000000e5700000|  0%| F|  |TAMS 0x00000000e5600000| PB 0x00000000e5600000| Untracked 
|  87|0x00000000e5700000, 0x00000000e5700000, 0x00000000e5800000|  0%| F|  |TAMS 0x00000000e5700000| PB 0x00000000e5700000| Untracked 
|  88|0x00000000e5800000, 0x00000000e5800000, 0x00000000e5900000|  0%| F|  |TAMS 0x00000000e5800000| PB 0x00000000e5800000| Untracked 
|  89|0x00000000e5900000, 0x00000000e5900000, 0x00000000e5a00000|  0%| F|  |TAMS 0x00000000e5900000| PB 0x00000000e5900000| Untracked 
|  90|0x00000000e5a00000, 0x00000000e5a00000, 0x00000000e5b00000|  0%| F|  |TAMS 0x00000000e5a00000| PB 0x00000000e5a00000| Untracked 
|  91|0x00000000e5b00000, 0x00000000e5b00000, 0x00000000e5c00000|  0%| F|  |TAMS 0x00000000e5b00000| PB 0x00000000e5b00000| Untracked 
|  92|0x00000000e5c00000, 0x00000000e5c00000, 0x00000000e5d00000|  0%| F|  |TAMS 0x00000000e5c00000| PB 0x00000000e5c00000| Untracked 
|  93|0x00000000e5d00000, 0x00000000e5d00000, 0x00000000e5e00000|  0%| F|  |TAMS 0x00000000e5d00000| PB 0x00000000e5d00000| Untracked 
|  94|0x00000000e5e00000, 0x00000000e5e00000, 0x00000000e5f00000|  0%| F|  |TAMS 0x00000000e5e00000| PB 0x00000000e5e00000| Untracked 
|  95|0x00000000e5f00000, 0x00000000e5f00000, 0x00000000e6000000|  0%| F|  |TAMS 0x00000000e5f00000| PB 0x00000000e5f00000| Untracked 
|  96|0x00000000e6000000, 0x00000000e6000000, 0x00000000e6100000|  0%| F|  |TAMS 0x00000000e6000000| PB 0x00000000e6000000| Untracked 
|  97|0x00000000e6100000, 0x00000000e6100000, 0x00000000e6200000|  0%| F|  |TAMS 0x00000000e6100000| PB 0x00000000e6100000| Untracked 
|  98|0x00000000e6200000, 0x00000000e6200000, 0x00000000e6300000|  0%| F|  |TAMS 0x00000000e6200000| PB 0x00000000e6200000| Untracked 
|  99|0x00000000e6300000, 0x00000000e6300000, 0x00000000e6400000|  0%| F|  |TAMS 0x00000000e6300000| PB 0x00000000e6300000| Untracked 
| 100|0x00000000e6400000, 0x00000000e6400000, 0x00000000e6500000|  0%| F|  |TAMS 0x00000000e6400000| PB 0x00000000e6400000| Untracked 
| 101|0x00000000e6500000, 0x00000000e6500000, 0x00000000e6600000|  0%| F|  |TAMS 0x00000000e6500000| PB 0x00000000e6500000| Untracked 
| 102|0x00000000e6600000, 0x00000000e6600000, 0x00000000e6700000|  0%| F|  |TAMS 0x00000000e6600000| PB 0x00000000e6600000| Untracked 
| 103|0x00000000e6700000, 0x00000000e6700000, 0x00000000e6800000|  0%| F|  |TAMS 0x00000000e6700000| PB 0x00000000e6700000| Untracked 
| 104|0x00000000e6800000, 0x00000000e6800000, 0x00000000e6900000|  0%| F|  |TAMS 0x00000000e6800000| PB 0x00000000e6800000| Untracked 
| 105|0x00000000e6900000, 0x00000000e6900000, 0x00000000e6a00000|  0%| F|  |TAMS 0x00000000e6900000| PB 0x00000000e6900000| Untracked 
| 106|0x00000000e6a00000, 0x00000000e6a00000, 0x00000000e6b00000|  0%| F|  |TAMS 0x00000000e6a00000| PB 0x00000000e6a00000| Untracked 
| 107|0x00000000e6b00000, 0x00000000e6b00000, 0x00000000e6c00000|  0%| F|  |TAMS 0x00000000e6b00000| PB 0x00000000e6b00000| Untracked 
| 108|0x00000000e6c00000, 0x00000000e6c00000, 0x00000000e6d00000|  0%| F|  |TAMS 0x00000000e6c00000| PB 0x00000000e6c00000| Untracked 
| 109|0x00000000e6d00000, 0x00000000e6d00000, 0x00000000e6e00000|  0%| F|  |TAMS 0x00000000e6d00000| PB 0x00000000e6d00000| Untracked 
| 110|0x00000000e6e00000, 0x00000000e6e00000, 0x00000000e6f00000|  0%| F|  |TAMS 0x00000000e6e00000| PB 0x00000000e6e00000| Untracked 
| 111|0x00000000e6f00000, 0x00000000e6f00000, 0x00000000e7000000|  0%| F|  |TAMS 0x00000000e6f00000| PB 0x00000000e6f00000| Untracked 
| 112|0x00000000e7000000, 0x00000000e7000000, 0x00000000e7100000|  0%| F|  |TAMS 0x00000000e7000000| PB 0x00000000e7000000| Untracked 
| 113|0x00000000e7100000, 0x00000000e7100000, 0x00000000e7200000|  0%| F|  |TAMS 0x00000000e7100000| PB 0x00000000e7100000| Untracked 
| 114|0x00000000e7200000, 0x00000000e7200000, 0x00000000e7300000|  0%| F|  |TAMS 0x00000000e7200000| PB 0x00000000e7200000| Untracked 
| 115|0x00000000e7300000, 0x00000000e7300000, 0x00000000e7400000|  0%| F|  |TAMS 0x00000000e7300000| PB 0x00000000e7300000| Untracked 
| 116|0x00000000e7400000, 0x00000000e7400000, 0x00000000e7500000|  0%| F|  |TAMS 0x00000000e7400000| PB 0x00000000e7400000| Untracked 
| 117|0x00000000e7500000, 0x00000000e7500000, 0x00000000e7600000|  0%| F|  |TAMS 0x00000000e7500000| PB 0x00000000e7500000| Untracked 
| 118|0x00000000e7600000, 0x00000000e7600000, 0x00000000e7700000|  0%| F|  |TAMS 0x00000000e7600000| PB 0x00000000e7600000| Untracked 
| 119|0x00000000e7700000, 0x00000000e7700000, 0x00000000e7800000|  0%| F|  |TAMS 0x00000000e7700000| PB 0x00000000e7700000| Untracked 
| 120|0x00000000e7800000, 0x00000000e7800000, 0x00000000e7900000|  0%| F|  |TAMS 0x00000000e7800000| PB 0x00000000e7800000| Untracked 
| 121|0x00000000e7900000, 0x00000000e7900000, 0x00000000e7a00000|  0%| F|  |TAMS 0x00000000e7900000| PB 0x00000000e7900000| Untracked 
| 122|0x00000000e7a00000, 0x00000000e7a00000, 0x00000000e7b00000|  0%| F|  |TAMS 0x00000000e7a00000| PB 0x00000000e7a00000| Untracked 
| 123|0x00000000e7b00000, 0x00000000e7b00000, 0x00000000e7c00000|  0%| F|  |TAMS 0x00000000e7b00000| PB 0x00000000e7b00000| Untracked 
| 124|0x00000000e7c00000, 0x00000000e7c00000, 0x00000000e7d00000|  0%| F|  |TAMS 0x00000000e7c00000| PB 0x00000000e7c00000| Untracked 
| 125|0x00000000e7d00000, 0x00000000e7d00000, 0x00000000e7e00000|  0%| F|  |TAMS 0x00000000e7d00000| PB 0x00000000e7d00000| Untracked 
| 126|0x00000000e7e00000, 0x00000000e7e00000, 0x00000000e7f00000|  0%| F|  |TAMS 0x00000000e7e00000| PB 0x00000000e7e00000| Untracked 
| 127|0x00000000e7f00000, 0x00000000e7f00000, 0x00000000e8000000|  0%| F|  |TAMS 0x00000000e7f00000| PB 0x00000000e7f00000| Untracked 
| 128|0x00000000e8000000, 0x00000000e8000000, 0x00000000e8100000|  0%| F|  |TAMS 0x00000000e8000000| PB 0x00000000e8000000| Untracked 
| 129|0x00000000e8100000, 0x00000000e8100000, 0x00000000e8200000|  0%| F|  |TAMS 0x00000000e8100000| PB 0x00000000e8100000| Untracked 
| 130|0x00000000e8200000, 0x00000000e8200000, 0x00000000e8300000|  0%| F|  |TAMS 0x00000000e8200000| PB 0x00000000e8200000| Untracked 
| 131|0x00000000e8300000, 0x00000000e8380000, 0x00000000e8400000| 50%| E|  |TAMS 0x00000000e8300000| PB 0x00000000e8300000| Complete 
| 132|0x00000000e8400000, 0x00000000e8500000, 0x00000000e8500000|100%| E|CS|TAMS 0x00000000e8400000| PB 0x00000000e8400000| Complete 
| 133|0x00000000e8500000, 0x00000000e8600000, 0x00000000e8600000|100%| E|CS|TAMS 0x00000000e8500000| PB 0x00000000e8500000| Complete 
| 134|0x00000000e8600000, 0x00000000e8700000, 0x00000000e8700000|100%| E|CS|TAMS 0x00000000e8600000| PB 0x00000000e8600000| Complete 
| 135|0x00000000e8700000, 0x00000000e8800000, 0x00000000e8800000|100%| E|CS|TAMS 0x00000000e8700000| PB 0x00000000e8700000| Complete 
| 136|0x00000000e8800000, 0x00000000e8900000, 0x00000000e8900000|100%| E|CS|TAMS 0x00000000e8800000| PB 0x00000000e8800000| Complete 
| 137|0x00000000e8900000, 0x00000000e8a00000, 0x00000000e8a00000|100%| E|CS|TAMS 0x00000000e8900000| PB 0x00000000e8900000| Complete 
| 138|0x00000000e8a00000, 0x00000000e8b00000, 0x00000000e8b00000|100%| E|CS|TAMS 0x00000000e8a00000| PB 0x00000000e8a00000| Complete 
| 139|0x00000000e8b00000, 0x00000000e8c00000, 0x00000000e8c00000|100%| E|CS|TAMS 0x00000000e8b00000| PB 0x00000000e8b00000| Complete 
| 140|0x00000000e8c00000, 0x00000000e8d00000, 0x00000000e8d00000|100%| E|CS|TAMS 0x00000000e8c00000| PB 0x00000000e8c00000| Complete 
| 141|0x00000000e8d00000, 0x00000000e8e00000, 0x00000000e8e00000|100%| E|CS|TAMS 0x00000000e8d00000| PB 0x00000000e8d00000| Complete 
| 142|0x00000000e8e00000, 0x00000000e8f00000, 0x00000000e8f00000|100%| E|CS|TAMS 0x00000000e8e00000| PB 0x00000000e8e00000| Complete 
| 143|0x00000000e8f00000, 0x00000000e9000000, 0x00000000e9000000|100%| E|CS|TAMS 0x00000000e8f00000| PB 0x00000000e8f00000| Complete 
| 144|0x00000000e9000000, 0x00000000e9100000, 0x00000000e9100000|100%| E|CS|TAMS 0x00000000e9000000| PB 0x00000000e9000000| Complete 
| 145|0x00000000e9100000, 0x00000000e9200000, 0x00000000e9200000|100%| E|CS|TAMS 0x00000000e9100000| PB 0x00000000e9100000| Complete 
| 146|0x00000000e9200000, 0x00000000e9300000, 0x00000000e9300000|100%| E|CS|TAMS 0x00000000e9200000| PB 0x00000000e9200000| Complete 
| 147|0x00000000e9300000, 0x00000000e932b5d0, 0x00000000e9400000| 16%| S|CS|TAMS 0x00000000e9300000| PB 0x00000000e9300000| Complete 
| 148|0x00000000e9400000, 0x00000000e9500000, 0x00000000e9500000|100%| S|CS|TAMS 0x00000000e9400000| PB 0x00000000e9400000| Complete 
| 191|0x00000000ebf00000, 0x00000000ec000000, 0x00000000ec000000|100%| S|CS|TAMS 0x00000000ebf00000| PB 0x00000000ebf00000| Complete 
| 483|0x00000000fe300000, 0x00000000fe3a02e0, 0x00000000fe400000| 62%| O|  |TAMS 0x00000000fe300000| PB 0x00000000fe300000| Untracked 
| 484|0x00000000fe400000, 0x00000000fe500000, 0x00000000fe500000|100%| O|  |TAMS 0x00000000fe400000| PB 0x00000000fe400000| Untracked 
| 485|0x00000000fe500000, 0x00000000fe600000, 0x00000000fe600000|100%| O|  |TAMS 0x00000000fe500000| PB 0x00000000fe500000| Untracked 
| 486|0x00000000fe600000, 0x00000000fe700000, 0x00000000fe700000|100%| O|  |TAMS 0x00000000fe600000| PB 0x00000000fe600000| Untracked 
| 487|0x00000000fe700000, 0x00000000fe800000, 0x00000000fe800000|100%| O|  |TAMS 0x00000000fe700000| PB 0x00000000fe700000| Untracked 
| 488|0x00000000fe800000, 0x00000000fe900000, 0x00000000fe900000|100%| O|  |TAMS 0x00000000fe800000| PB 0x00000000fe800000| Untracked 
| 489|0x00000000fe900000, 0x00000000fea00000, 0x00000000fea00000|100%| O|  |TAMS 0x00000000fe900000| PB 0x00000000fe900000| Untracked 
| 490|0x00000000fea00000, 0x00000000feb00000, 0x00000000feb00000|100%| S|CS|TAMS 0x00000000fea00000| PB 0x00000000fea00000| Complete 
| 491|0x00000000feb00000, 0x00000000fec00000, 0x00000000fec00000|100%| O|  |TAMS 0x00000000feb00000| PB 0x00000000feb00000| Untracked 
| 492|0x00000000fec00000, 0x00000000fed00000, 0x00000000fed00000|100%| O|  |TAMS 0x00000000fec00000| PB 0x00000000fec00000| Untracked 
| 493|0x00000000fed00000, 0x00000000fee00000, 0x00000000fee00000|100%| O|  |TAMS 0x00000000fed00000| PB 0x00000000fed00000| Untracked 
| 494|0x00000000fee00000, 0x00000000fef00000, 0x00000000fef00000|100%| O|  |TAMS 0x00000000fee00000| PB 0x00000000fee00000| Untracked 
| 495|0x00000000fef00000, 0x00000000ff000000, 0x00000000ff000000|100%| O|  |TAMS 0x00000000fef00000| PB 0x00000000fef00000| Untracked 
| 496|0x00000000ff000000, 0x00000000ff100000, 0x00000000ff100000|100%| O|Cm|TAMS 0x00000000ff000000| PB 0x00000000ff000000| Complete 
| 497|0x00000000ff100000, 0x00000000ff200000, 0x00000000ff200000|100%| O|  |TAMS 0x00000000ff100000| PB 0x00000000ff100000| Untracked 
| 498|0x00000000ff200000, 0x00000000ff300000, 0x00000000ff300000|100%| O|  |TAMS 0x00000000ff200000| PB 0x00000000ff200000| Untracked 
| 499|0x00000000ff300000, 0x00000000ff400000, 0x00000000ff400000|100%| O|  |TAMS 0x00000000ff300000| PB 0x00000000ff300000| Untracked 
| 500|0x00000000ff400000, 0x00000000ff500000, 0x00000000ff500000|100%| O|  |TAMS 0x00000000ff400000| PB 0x00000000ff400000| Untracked 
| 501|0x00000000ff500000, 0x00000000ff600000, 0x00000000ff600000|100%| O|  |TAMS 0x00000000ff500000| PB 0x00000000ff500000| Untracked 
| 502|0x00000000ff600000, 0x00000000ff700000, 0x00000000ff700000|100%| O|  |TAMS 0x00000000ff600000| PB 0x00000000ff600000| Untracked 
| 503|0x00000000ff700000, 0x00000000ff800000, 0x00000000ff800000|100%| O|  |TAMS 0x00000000ff700000| PB 0x00000000ff700000| Untracked 
| 504|0x00000000ff800000, 0x00000000ff900000, 0x00000000ff900000|100%| E|CS|TAMS 0x00000000ff800000| PB 0x00000000ff800000| Complete 
| 505|0x00000000ff900000, 0x00000000ffa00000, 0x00000000ffa00000|100%| O|  |TAMS 0x00000000ff900000| PB 0x00000000ff900000| Untracked 
| 506|0x00000000ffa00000, 0x00000000ffb00000, 0x00000000ffb00000|100%| O|  |TAMS 0x00000000ffa00000| PB 0x00000000ffa00000| Untracked 
| 507|0x00000000ffb00000, 0x00000000ffc00000, 0x00000000ffc00000|100%| O|  |TAMS 0x00000000ffb00000| PB 0x00000000ffb00000| Untracked 
| 508|0x00000000ffc00000, 0x00000000ffd00000, 0x00000000ffd00000|100%| O|  |TAMS 0x00000000ffc00000| PB 0x00000000ffc00000| Untracked 
| 509|0x00000000ffd00000, 0x00000000ffe00000, 0x00000000ffe00000|100%| O|  |TAMS 0x00000000ffd00000| PB 0x00000000ffd00000| Untracked 
| 510|0x00000000ffe00000, 0x00000000fff00000, 0x00000000fff00000|100%| O|  |TAMS 0x00000000ffe00000| PB 0x00000000ffe00000| Untracked 
| 511|0x00000000fff00000, 0x0000000100000000, 0x0000000100000000|100%| E|CS|TAMS 0x00000000fff00000| PB 0x00000000fff00000| Complete 

Card table byte_map: [0x00007f9c237d2000,0x00007f9c238d2000] _byte_map_base: 0x00007f9c230d2000

Marking Bits: (CMBitMap*) 0x00007f9c1c05ff80
 Bits: [0x00007f9c22e00000, 0x00007f9c23600000)

Polling page: 0x00007f9c2597b000

Metaspace:

Usage:
  Non-class:     59.83 MB used.
      Class:      6.50 MB used.
       Both:     66.33 MB used.

Virtual space:
  Non-class space:       64.00 MB reserved,      61.88 MB ( 97%) committed,  1 nodes.
      Class space:        1.00 GB reserved,       8.31 MB ( <1%) committed,  1 nodes.
             Both:        1.06 GB reserved,      70.19 MB (  6%) committed. 

Chunk freelists:
   Non-Class:  1.94 MB
       Class:  7.86 MB
        Both:  9.80 MB

MaxMetaspaceSize: unlimited
CompressedClassSpaceSize: 1.00 GB
Initial GC threshold: 21.00 MB
Current GC threshold: 117.00 MB
CDS: on
 - commit_granule_bytes: 65536.
 - commit_granule_words: 8192.
 - virtual_space_node_default_size: 8388608.
 - enlarge_chunks_in_place: 1.
 - use_allocation_guard: 0.


Internal statistics:

num_allocs_failed_limit: 12.
num_arena_births: 7216.
num_arena_deaths: 626.
num_vsnodes_births: 2.
num_vsnodes_deaths: 0.
num_space_committed: 1120.
num_space_uncommitted: 0.
num_chunks_returned_to_freelist: 827.
num_chunks_taken_from_freelist: 11087.
num_chunk_merges: 155.
num_chunk_splits: 6953.
num_chunks_enlarged: 3868.
num_inconsistent_stats: 0.

CodeHeap 'non-profiled nmethods': size=120032Kb used=4292Kb max_used=4555Kb free=115739Kb
 bounds [0x00007f9c0c2c8000, 0x00007f9c0c748000, 0x00007f9c13800000]
CodeHeap 'profiled nmethods': size=120028Kb used=14017Kb max_used=15011Kb free=106010Kb
 bounds [0x00007f9c04800000, 0x00007f9c056b0000, 0x00007f9c0bd37000]
CodeHeap 'non-nmethods': size=5700Kb used=2964Kb max_used=2993Kb free=2735Kb
 bounds [0x00007f9c0bd37000, 0x00007f9c0c037000, 0x00007f9c0c2c8000]
CodeCache: size=245760Kb, used=21273Kb, max_used=22559Kb, free=224484Kb
 total_blobs=8095, nmethods=6642, adapters=1358, full_count=0
Compilation: enabled, stopped_count=0, restarted_count=0

Compilation events (20 events):
Event: 8.967 Thread 0x00007f9c1c15a980 7845       3       android.content.res.AssetManager::nativeRetrieveAttributes (14 bytes)
Event: 8.968 Thread 0x00007f9c1c15a980 nmethod 7845 0x00007f9c0521b790 code [0x00007f9c0521bb00, 0x00007f9c0521d350]
Event: 8.968 Thread 0x00007f9c1c15a980 7846       3       java.lang.invoke.LambdaForm$MH/0x00007f9bb0418c00::linkToCallSite (27 bytes)
Event: 8.968 Thread 0x00007f9c1c15a980 nmethod 7846 0x00007f9c0485e790 code [0x00007f9c0485e960, 0x00007f9c0485ee88]
Event: 8.968 Thread 0x00007f9c1c15a980 7847       3       java.lang.invoke.LambdaForm$MH/0x00007f9bb0418800::guard (118 bytes)
Event: 8.968 Thread 0x00007f9c1c15a980 nmethod 7847 0x00007f9c04eb6390 code [0x00007f9c04eb65c0, 0x00007f9c04eb6fe8]
Event: 8.968 Thread 0x00007f9c1c15a980 7848       3       java.lang.invoke.LambdaForm$MH/0x00007f9bb0418000::invoke (54 bytes)
Event: 8.968 Thread 0x00007f9c1c15a980 nmethod 7848 0x00007f9c04fa6110 code [0x00007f9c04fa6340, 0x00007f9c04fa6c90]
Event: 8.968 Thread 0x00007f9c1c15a980 7849   !   3       java.lang.invoke.LambdaForm$MH/0x00007f9bb0416800::guardWithCatch (89 bytes)
Event: 8.968 Thread 0x00007f9c1c15a980 nmethod 7849 0x00007f9c0513c810 code [0x00007f9c0513ca20, 0x00007f9c0513d350]
Event: 8.968 Thread 0x00007f9c1c15a980 7850       3       java.lang.invoke.LambdaForm$DMH/0x00007f9bb0414800::invokeStatic (23 bytes)
Event: 8.969 Thread 0x00007f9b888201c0 nmethod 7856 0x00007f9c0c43f110 code [0x00007f9c0c43f2e0, 0x00007f9c0c43f558]
Event: 8.969 Thread 0x00007f9b888201c0 7858       4       kotlinx.serialization.internal.PluginGeneratedSerialDescriptor::hashCode (5 bytes)
Event: 8.969 Thread 0x00007f9c1c15a980 nmethod 7850 0x00007f9c04853e10 code [0x00007f9c04853fe0, 0x00007f9c048543e8]
Event: 8.969 Thread 0x00007f9c1c15a980 7851       3       android.util.Pools$SynchronizedPool::release (8 bytes)
Event: 8.970 Thread 0x00007f9b888201c0 nmethod 7858 0x00007f9c0c4fb210 code [0x00007f9c0c4fb3a0, 0x00007f9c0c4fb4c0]
Event: 8.970 Thread 0x00007f9b888201c0 7860       4       org.robolectric.res.android.Asset$_CompressedAsset::getRemainingLength (10 bytes)
Event: 8.971 Thread 0x00007f9c1c15a980 nmethod 7851 0x00007f9c05219610 code [0x00007f9c05219980, 0x00007f9c0521afa8]
Event: 8.971 Thread 0x00007f9b888201c0 nmethod 7860 0x00007f9c0c6cea10 code [0x00007f9c0c6ceb80, 0x00007f9c0c6cec10]
Event: 8.971 Thread 0x00007f9c1c15a980 7852   !   3       android.util.Pools$SynchronizedPool::$$robo$$android_util_Pools_SynchronizedPool$release (20 bytes)

GC Heap History (20 events):
Event: 3.721 GC heap before
{Heap before GC invocations=9 (full 0):
 garbage-first heap   total 146432K, used 119817K [0x00000000e0000000, 0x0000000100000000)
  region size 1024K, 51 young (52224K), 3 survivors (3072K)
 Metaspace       used 43592K, committed 46272K, reserved 1114112K
  class space    used 4288K, committed 5440K, reserved 1048576K
}
Event: 3.728 GC heap after
{Heap after GC invocations=10 (full 0):
 garbage-first heap   total 146432K, used 75340K [0x00000000e0000000, 0x0000000100000000)
  region size 1024K, 7 young (7168K), 7 survivors (7168K)
 Metaspace       used 43592K, committed 46272K, reserved 1114112K
  class space    used 4288K, committed 5440K, reserved 1048576K
}
Event: 4.162 GC heap before
{Heap before GC invocations=10 (full 0):
 garbage-first heap   total 146432K, used 140876K [0x00000000e0000000, 0x0000000100000000)
  region size 1024K, 55 young (56320K), 7 survivors (7168K)
 Metaspace       used 50840K, committed 53888K, reserved 1114112K
  class space    used 4988K, committed 6336K, reserved 1048576K
}
Event: 4.170 GC heap after
{Heap after GC invocations=11 (full 0):
 garbage-first heap   total 154624K, used 83829K [0x00000000e0000000, 0x0000000100000000)
  region size 1024K, 4 young (4096K), 4 survivors (4096K)
 Metaspace       used 50840K, committed 53888K, reserved 1114112K
  class space    used 4988K, committed 6336K, reserved 1048576K
}
Event: 5.001 GC heap before
{Heap before GC invocations=11 (full 0):
 garbage-first heap   total 154624K, used 132981K [0x00000000e0000000, 0x0000000100000000)
  region size 1024K, 53 young (54272K), 4 survivors (4096K)
 Metaspace       used 57601K, committed 61632K, reserved 1114112K
  class space    used 5910K, committed 7680K, reserved 1048576K
}
Event: 5.008 GC heap after
{Heap after GC invocations=12 (full 0):
 garbage-first heap   total 154624K, used 81647K [0x00000000e0000000, 0x0000000100000000)
  region size 1024K, 5 young (5120K), 5 survivors (5120K)
 Metaspace       used 57601K, committed 61632K, reserved 1114112K
  class space    used 5910K, committed 7680K, reserved 1048576K
}
Event: 5.639 GC heap before
{Heap before GC invocations=13 (full 0):
 garbage-first heap   total 154624K, used 149231K [0x00000000e0000000, 0x0000000100000000)
  region size 1024K, 56 young (57344K), 5 survivors (5120K)
 Metaspace       used 65823K, committed 69952K, reserved 1114112K
  class space    used 6571K, committed 8384K, reserved 1048576K
}
Event: 5.662 GC heap after
{Heap after GC invocations=14 (full 0):
 garbage-first heap   total 161792K, used 91673K [0x00000000e0000000, 0x0000000100000000)
  region size 1024K, 6 young (6144K), 6 survivors (6144K)
 Metaspace       used 65823K, committed 69952K, reserved 1114112K
  class space    used 6571K, committed 8384K, reserved 1048576K
}
Event: 6.166 GC heap before
{Heap before GC invocations=14 (full 0):
 garbage-first heap   total 161792K, used 159257K [0x00000000e0000000, 0x0000000100000000)
  region size 1024K, 41 young (41984K), 6 survivors (6144K)
 Metaspace       used 66244K, committed 70464K, reserved 1114112K
  class space    used 6597K, committed 8448K, reserved 1048576K
}
Event: 6.174 GC heap after
{Heap after GC invocations=15 (full 0):
 garbage-first heap   total 167936K, used 89996K [0x00000000e0000000, 0x0000000100000000)
  region size 1024K, 3 young (3072K), 3 survivors (3072K)
 Metaspace       used 66244K, committed 70464K, reserved 1114112K
  class space    used 6597K, committed 8448K, reserved 1048576K
}
Event: 6.201 GC heap before
{Heap before GC invocations=15 (full 0):
 garbage-first heap   total 167936K, used 93068K [0x00000000e0000000, 0x0000000100000000)
  region size 1024K, 7 young (7168K), 3 survivors (3072K)
 Metaspace       used 66270K, committed 70464K, reserved 1114112K
  class space    used 6598K, committed 8448K, reserved 1048576K
}
Event: 6.203 GC heap after
{Heap after GC invocations=16 (full 0):
 garbage-first heap   total 167936K, used 84910K [0x00000000e0000000, 0x0000000100000000)
  region size 1024K, 2 young (2048K), 2 survivors (2048K)
 Metaspace       used 66270K, committed 70464K, reserved 1114112K
  class space    used 6598K, committed 8448K, reserved 1048576K
}
Event: 6.504 GC heap before
{Heap before GC invocations=17 (full 0):
 garbage-first heap   total 168960K, used 167854K [0x00000000e0000000, 0x0000000100000000)
  region size 1024K, 36 young (36864K), 2 survivors (2048K)
 Metaspace       used 65838K, committed 70528K, reserved 1114112K
  class space    used 6441K, committed 8448K, reserved 1048576K
}
Event: 6.508 GC heap after
{Heap after GC invocations=18 (full 0):
 garbage-first heap   total 172032K, used 91622K [0x00000000e0000000, 0x0000000100000000)
  region size 1024K, 3 young (3072K), 3 survivors (3072K)
 Metaspace       used 65838K, committed 70528K, reserved 1114112K
  class space    used 6441K, committed 8448K, reserved 1048576K
}
Event: 6.819 GC heap before
{Heap before GC invocations=18 (full 0):
 garbage-first heap   total 177152K, used 175590K [0x00000000e0000000, 0x0000000100000000)
  region size 1024K, 38 young (38912K), 3 survivors (3072K)
 Metaspace       used 66023K, committed 70528K, reserved 1114112K
  class space    used 6448K, committed 8448K, reserved 1048576K
}
Event: 6.826 GC heap after
{Heap after GC invocations=19 (full 0):
 garbage-first heap   total 183296K, used 94432K [0x00000000e0000000, 0x0000000100000000)
  region size 1024K, 4 young (4096K), 4 survivors (4096K)
 Metaspace       used 66023K, committed 70528K, reserved 1114112K
  class space    used 6448K, committed 8448K, reserved 1048576K
}
Event: 8.748 GC heap before
{Heap before GC invocations=19 (full 0):
 garbage-first heap   total 183296K, used 125152K [0x00000000e0000000, 0x0000000100000000)
  region size 1024K, 35 young (35840K), 4 survivors (4096K)
 Metaspace       used 67874K, committed 71872K, reserved 1114112K
  class space    used 6655K, committed 8512K, reserved 1048576K
}
Event: 8.751 GC heap after
{Heap after GC invocations=20 (full 0):
 garbage-first heap   total 183296K, used 84793K [0x00000000e0000000, 0x0000000100000000)
  region size 1024K, 4 young (4096K), 4 survivors (4096K)
 Metaspace       used 67874K, committed 71872K, reserved 1114112K
  class space    used 6655K, committed 8512K, reserved 1048576K
}
Event: 8.757 GC heap before
{Heap before GC invocations=20 (full 0):
 garbage-first heap   total 183296K, used 87865K [0x00000000e0000000, 0x0000000100000000)
  region size 1024K, 6 young (6144K), 4 survivors (4096K)
 Metaspace       used 67877K, committed 71872K, reserved 1114112K
  class space    used 6655K, committed 8512K, reserved 1048576K
}
Event: 8.759 GC heap after
{Heap after GC invocations=21 (full 0):
 garbage-first heap   total 183296K, used 86830K [0x00000000e0000000, 0x0000000100000000)
  region size 1024K, 4 young (4096K), 4 survivors (4096K)
 Metaspace       used 67877K, committed 71872K, reserved 1114112K
  class space    used 6655K, committed 8512K, reserved 1048576K
}

Dll operation events (20 events):
Event: 0.051 Attempting to load shared library /usr/lib/jvm/temurin-21-jdk-amd64/lib/libjsvml.so
Event: 0.051 Loaded shared library /usr/lib/jvm/temurin-21-jdk-amd64/lib/libjsvml.so
Event: 0.101 Attempting to load shared library /usr/lib/jvm/temurin-21-jdk-amd64/lib/libnio.so
Event: 0.101 Loaded shared library /usr/lib/jvm/temurin-21-jdk-amd64/lib/libnio.so
Event: 0.104 Attempting to load shared library /usr/lib/jvm/temurin-21-jdk-amd64/lib/libzip.so
Event: 0.104 Loaded shared library /usr/lib/jvm/temurin-21-jdk-amd64/lib/libzip.so
Event: 0.167 Attempting to load shared library /usr/lib/jvm/temurin-21-jdk-amd64/lib/libjimage.so
Event: 0.167 Loaded shared library /usr/lib/jvm/temurin-21-jdk-amd64/lib/libjimage.so
Event: 0.209 Attempting to load shared library /usr/lib/jvm/temurin-21-jdk-amd64/lib/libnet.so
Event: 0.209 Loaded shared library /usr/lib/jvm/temurin-21-jdk-amd64/lib/libnet.so
Event: 0.486 Attempting to load shared library /usr/lib/jvm/temurin-21-jdk-amd64/lib/libextnet.so
Event: 0.486 Loaded shared library /usr/lib/jvm/temurin-21-jdk-amd64/lib/libextnet.so
Event: 0.558 Attempting to load shared library /usr/lib/jvm/temurin-21-jdk-amd64/lib/libverify.so
Event: 0.558 Loaded shared library /usr/lib/jvm/temurin-21-jdk-amd64/lib/libverify.so
Event: 1.349 Attempting to load shared library /tmp/libconscrypt_openjdk_jni-linux-x86_6417890875054440000.so
Event: 1.351 Loaded shared library /tmp/libconscrypt_openjdk_jni-linux-x86_6417890875054440000.so
Event: 4.333 Attempting to load shared library /tmp/2517347274623821258/libsqlite4java.so
Event: 4.334 Loaded shared library /tmp/2517347274623821258/libsqlite4java.so
Event: 8.551 Attempting to load shared library /tmp/robolectric-nativeruntime7071639389297866002/librobolectric-nativeruntime.so
Event: 8.554 Loaded shared library /tmp/robolectric-nativeruntime7071639389297866002/librobolectric-nativeruntime.so

Deoptimization events (20 events):
Event: 8.825 Thread 0x00007f9c1c95a2a0 DEOPT PACKING pc=0x00007f9c0561e03c sp=0x00007f9bae6f9700
Event: 8.825 Thread 0x00007f9c1c95a2a0 DEOPT UNPACKING pc=0x00007f9c0bd8f14f sp=0x00007f9bae6f8b88 mode 0
Event: 8.825 Thread 0x00007f9c1c95a2a0 DEOPT PACKING pc=0x00007f9c05627d24 sp=0x00007f9bae6f9be0
Event: 8.825 Thread 0x00007f9c1c95a2a0 DEOPT UNPACKING pc=0x00007f9c0bd8f14f sp=0x00007f9bae6f8da8 mode 0
Event: 8.828 Thread 0x00007f9c1c95a2a0 Uncommon trap: trap_request=0xffffff66 fr.pc=0x00007f9c0c527d28 relative=0x0000000000000148
Event: 8.828 Thread 0x00007f9c1c95a2a0 Uncommon trap: reason=speculate_class_check action=maybe_recompile pc=0x00007f9c0c527d28 method=java.lang.invoke.LambdaForm$MH/0x00007f9bb02fa400.invoke(Ljava/lang/Object;J)I @ 27 c2
Event: 8.828 Thread 0x00007f9c1c95a2a0 DEOPT PACKING pc=0x00007f9c0c527d28 sp=0x00007f9bae6f90e0
Event: 8.828 Thread 0x00007f9c1c95a2a0 DEOPT UNPACKING pc=0x00007f9c0bd8e619 sp=0x00007f9bae6f9070 mode 2
Event: 8.886 Thread 0x00007f9c1c95a2a0 Uncommon trap: trap_request=0xffffff66 fr.pc=0x00007f9c0c6ec128 relative=0x0000000000000148
Event: 8.886 Thread 0x00007f9c1c95a2a0 Uncommon trap: reason=speculate_class_check action=maybe_recompile pc=0x00007f9c0c6ec128 method=java.lang.invoke.LambdaForm$MH/0x00007f9bb01ad800.invoke(Ljava/lang/Object;Ljava/lang/Object;II)I @ 29 c2
Event: 8.886 Thread 0x00007f9c1c95a2a0 DEOPT PACKING pc=0x00007f9c0c6ec128 sp=0x00007f9bae6f97c0
Event: 8.886 Thread 0x00007f9c1c95a2a0 DEOPT UNPACKING pc=0x00007f9c0bd8e619 sp=0x00007f9bae6f9748 mode 2
Event: 8.933 Thread 0x00007f9c1c95a2a0 Uncommon trap: trap_request=0xffffff66 fr.pc=0x00007f9c0c6ec128 relative=0x0000000000000148
Event: 8.933 Thread 0x00007f9c1c95a2a0 Uncommon trap: reason=speculate_class_check action=maybe_recompile pc=0x00007f9c0c6ec128 method=java.lang.invoke.LambdaForm$MH/0x00007f9bb01ad800.invoke(Ljava/lang/Object;Ljava/lang/Object;II)I @ 29 c2
Event: 8.933 Thread 0x00007f9c1c95a2a0 DEOPT PACKING pc=0x00007f9c0c6ec128 sp=0x00007f9bae6fa660
Event: 8.933 Thread 0x00007f9c1c95a2a0 DEOPT UNPACKING pc=0x00007f9c0bd8e619 sp=0x00007f9bae6fa608 mode 2
Event: 8.970 Thread 0x00007f9b80001fc0 DEOPT PACKING pc=0x00007f9c04c3dbbc sp=0x00007f9bad2fca10
Event: 8.970 Thread 0x00007f9b80001fc0 DEOPT UNPACKING pc=0x00007f9c0bd8f14f sp=0x00007f9bad2fbe50 mode 0
Event: 8.974 Thread 0x00007f9b80001fc0 DEOPT PACKING pc=0x00007f9c0569d52c sp=0x00007f9bad2fce70
Event: 8.974 Thread 0x00007f9b80001fc0 DEOPT UNPACKING pc=0x00007f9c0bd8f14f sp=0x00007f9bad2fc388 mode 0

Classes loaded (20 events):
Event: 6.870 Loading class java/nio/file/ClosedDirectoryStreamException
Event: 6.870 Loading class java/nio/file/ClosedDirectoryStreamException done
Event: 6.870 Loading class java/nio/file/DirectoryIteratorException
Event: 6.870 Loading class java/nio/file/DirectoryIteratorException done
Event: 6.870 Loading class java/nio/file/FileTreeWalker$DirectoryNode
Event: 6.870 Loading class java/nio/file/FileTreeWalker$DirectoryNode done
Event: 6.871 Loading class java/nio/file/FileTreeWalker$Event
Event: 6.871 Loading class java/nio/file/FileTreeWalker$Event done
Event: 6.871 Loading class java/nio/file/FileTreeWalker$EventType
Event: 6.871 Loading class java/nio/file/FileTreeWalker$EventType done
Event: 6.871 Loading class sun/nio/fs/BasicFileAttributesHolder
Event: 6.872 Loading class sun/nio/fs/BasicFileAttributesHolder done
Event: 8.558 Loading class java/awt/Shape
Event: 8.558 Loading class java/awt/Shape done
Event: 8.558 Loading class java/awt/image/Raster
Event: 8.558 Loading class java/awt/image/Raster done
Event: 8.558 Loading class java/awt/image/WritableRaster
Event: 8.559 Loading class java/awt/image/WritableRaster done
Event: 8.628 Loading class jdk/internal/loader/NativeLibraries$Unloader
Event: 8.628 Loading class jdk/internal/loader/NativeLibraries$Unloader done

Classes unloaded (20 events):
Event: 6.286 Thread 0x00007f9c1c1488e0 Unloading class 0x00007f9bb0689000 'java/lang/invoke/LambdaForm$MH+0x00007f9bb0689000'
Event: 6.286 Thread 0x00007f9c1c1488e0 Unloading class 0x00007f9bb0688800 'java/lang/invoke/LambdaForm$MH+0x00007f9bb0688800'
Event: 6.286 Thread 0x00007f9c1c1488e0 Unloading class 0x00007f9bb0688400 'java/lang/invoke/LambdaForm$MH+0x00007f9bb0688400'
Event: 6.286 Thread 0x00007f9c1c1488e0 Unloading class 0x00007f9bb0664000 'java/lang/invoke/LambdaForm$DMH+0x00007f9bb0664000'
Event: 6.286 Thread 0x00007f9c1c1488e0 Unloading class 0x00007f9bb0661c00 'java/lang/invoke/LambdaForm$DMH+0x00007f9bb0661c00'
Event: 6.286 Thread 0x00007f9c1c1488e0 Unloading class 0x00007f9bb065cc00 'java/lang/invoke/LambdaForm$DMH+0x00007f9bb065cc00'
Event: 6.286 Thread 0x00007f9c1c1488e0 Unloading class 0x00007f9bb065c000 'java/lang/invoke/LambdaForm$MH+0x00007f9bb065c000'
Event: 6.286 Thread 0x00007f9c1c1488e0 Unloading class 0x00007f9bb0648c00 'java/lang/invoke/LambdaForm$MH+0x00007f9bb0648c00'
Event: 6.286 Thread 0x00007f9c1c1488e0 Unloading class 0x00007f9bb0648000 'java/lang/invoke/LambdaForm$MH+0x00007f9bb0648000'
Event: 6.286 Thread 0x00007f9c1c1488e0 Unloading class 0x00007f9bb0647800 'java/lang/invoke/LambdaForm$MH+0x00007f9bb0647800'
Event: 6.286 Thread 0x00007f9c1c1488e0 Unloading class 0x00007f9bb0647000 'java/lang/invoke/LambdaForm$MH+0x00007f9bb0647000'
Event: 6.286 Thread 0x00007f9c1c1488e0 Unloading class 0x00007f9bb0646800 'java/lang/invoke/LambdaForm$MH+0x00007f9bb0646800'
Event: 6.286 Thread 0x00007f9c1c1488e0 Unloading class 0x00007f9bb0646400 'java/lang/invoke/LambdaForm$MH+0x00007f9bb0646400'
Event: 6.286 Thread 0x00007f9c1c1488e0 Unloading class 0x00007f9bb0645c00 'java/lang/invoke/LambdaForm$DMH+0x00007f9bb0645c00'
Event: 6.286 Thread 0x00007f9c1c1488e0 Unloading class 0x00007f9bb0645000 'java/lang/invoke/LambdaForm$MH+0x00007f9bb0645000'
Event: 6.286 Thread 0x00007f9c1c1488e0 Unloading class 0x00007f9bb0644c00 'java/lang/invoke/LambdaForm$DMH+0x00007f9bb0644c00'
Event: 6.286 Thread 0x00007f9c1c1488e0 Unloading class 0x00007f9bb0644400 'java/lang/invoke/LambdaForm$MH+0x00007f9bb0644400'
Event: 6.286 Thread 0x00007f9c1c1488e0 Unloading class 0x00007f9bb0643800 'java/lang/invoke/LambdaForm$MH+0x00007f9bb0643800'
Event: 6.286 Thread 0x00007f9c1c1488e0 Unloading class 0x00007f9bb0643000 'java/lang/invoke/LambdaForm$MH+0x00007f9bb0643000'
Event: 6.286 Thread 0x00007f9c1c1488e0 Unloading class 0x00007f9bb05a4400 'java/lang/invoke/LambdaForm$DMH+0x00007f9bb05a4400'

Classes redefined (0 events):
No events

Internal exceptions (20 events):
Event: 6.801 Thread 0x00007f9c1c95a2a0 Exception <a 'sun/nio/fs/UnixException'{0x00000000e6ddba90}> (0x00000000e6ddba90) 
thrown [src/hotspot/share/prims/jni.cpp, line 520]
Event: 6.810 Thread 0x00007f9c1c95a2a0 Exception <a 'java/lang/NoSuchMethodError'{0x00000000e6cd3f38}: 'void java.lang.invoke.DelegatingMethodHandle$Holder.delegate(java.lang.Object, java.lang.Object, int, java.lang.Object, java.lang.Object, int, int, long, java.lang.Object, java.lang.Object)'> (0x00000000e6cd3f38) 
thrown [src/hotspot/share/interpreter/linkResolver.cpp, line 772]
Event: 6.815 Thread 0x00007f9b7001a340 Exception <a 'java/lang/NoSuchMethodError'{0x00000000e6b75070}: 'int java.lang.invoke.DirectMethodHandle$Holder.invokeStaticInit(java.lang.Object, long, long)'> (0x00000000e6b75070) 
thrown [src/hotspot/share/interpreter/linkResolver.cpp, line 772]
Event: 6.817 Thread 0x00007f9b7001a340 Exception <a 'java/lang/NoSuchMethodError'{0x00000000e6b7aff8}: 'java.lang.Object java.lang.invoke.DirectMethodHandle$Holder.newInvokeSpecial(java.lang.Object, long, long)'> (0x00000000e6b7aff8) 
thrown [src/hotspot/share/interpreter/linkResolver.cpp, line 772]
Event: 6.818 Thread 0x00007f9b7001a340 Exception <a 'java/lang/UnsatisfiedLinkError'{0x00000000e6bdfbb8}: 'int org.robolectric.nativeruntime.SQLiteConnectionNatives.nativeGetColumnCount(long, long)'> (0x00000000e6bdfbb8) 
thrown [src/hotspot/share/prims/nativeLookup.cpp, line 415]
Event: 6.828 Thread 0x00007f9b7001a340 Exception <a 'java/lang/UnsatisfiedLinkError'{0x00000000fff83fd8}: 'void org.robolectric.nativeruntime.SQLiteConnectionNatives.nativeResetStatementAndClearBindings(long, long)'> (0x00000000fff83fd8) 
thrown [src/hotspot/share/prims/nativeLookup.cpp, line 415]
Event: 6.837 Thread 0x00007f9b5411a770 Exception <a 'java/lang/NoSuchMethodError'{0x00000000e90c0fd0}: 'java.lang.Object java.lang.invoke.DirectMethodHandle$Holder.newInvokeSpecial(java.lang.Object, long, java.lang.Object)'> (0x00000000e90c0fd0) 
thrown [src/hotspot/share/interpreter/linkResolver.cpp, line 772]
Event: 6.837 Thread 0x00007f9b5411a770 Exception <a 'java/lang/NoSuchMethodError'{0x00000000e90c4538}: 'java.lang.Object java.lang.invoke.Invokers$Holder.linkToTargetMethod(long, java.lang.Object, java.lang.Object)'> (0x00000000e90c4538) 
thrown [src/hotspot/share/interpreter/linkResolver.cpp, line 772]
Event: 6.837 Thread 0x00007f9b5411a770 Exception <a 'java/lang/UnsatisfiedLinkError'{0x00000000e90c79d8}: 'long org.robolectric.nativeruntime.SQLiteConnectionNatives.nativePrepareStatement(long, java.lang.String)'> (0x00000000e90c79d8) 
thrown [src/hotspot/share/prims/nativeLookup.cpp, line 415]
Event: 8.629 Thread 0x00007f9c1c95a2a0 Exception <a 'java/lang/NoSuchMethodError'{0x00000000e7d2f350}: 'java.lang.Object java.lang.invoke.DirectMethodHandle$Holder.invokeStatic(java.lang.Object, java.lang.Object, int, java.lang.Object, int, int, int, int)'> (0x00000000e7d2f350) 
thrown [src/hotspot/share/interpreter/linkResolver.cpp, line 772]
Event: 8.629 Thread 0x00007f9c1c95a2a0 Exception <a 'java/lang/NoSuchMethodError'{0x00000000e7d36760}: 'java.lang.Object java.lang.invoke.DirectMethodHandle$Holder.newInvokeSpecial(java.lang.Object, java.lang.Object, int, java.lang.Object, int, int, int, int)'> (0x00000000e7d36760) 
thrown [src/hotspot/share/interpreter/linkResolver.cpp, line 772]
Event: 8.640 Thread 0x00007f9c1c95a2a0 Exception <a 'java/lang/NoSuchMethodError'{0x00000000e7d7cdb8}: 'java.lang.Object java.lang.invoke.DirectMethodHandle$Holder.newInvokeSpecial(java.lang.Object, long, long, int)'> (0x00000000e7d7cdb8) 
thrown [src/hotspot/share/interpreter/linkResolver.cpp, line 772]
Event: 8.641 Thread 0x00007f9c1c95a2a0 Exception <a 'java/lang/NoSuchMethodError'{0x00000000e7d80968}: 'java.lang.Object java.lang.invoke.Invokers$Holder.linkToTargetMethod(long, long, int, java.lang.Object)'> (0x00000000e7d80968) 
thrown [src/hotspot/share/interpreter/linkResolver.cpp, line 772]
Event: 8.644 Thread 0x00007f9c1c95a2a0 Exception <a 'java/lang/NoSuchMethodError'{0x00000000e7d95458}: 'java.lang.Object java.lang.invoke.DirectMethodHandle$Holder.newInvokeSpecial(java.lang.Object, long, long, int, java.lang.Object)'> (0x00000000e7d95458) 
thrown [src/hotspot/share/interpreter/linkResolver.cpp, line 772]
Event: 8.652 Thread 0x00007f9c1c95a2a0 Exception <a 'java/lang/NoSuchMethodError'{0x00000000e7dc3b10}: 'java.lang.Object java.lang.invoke.DirectMethodHandle$Holder.invokeStatic(java.lang.Object, long, long, long, int, int, int)'> (0x00000000e7dc3b10) 
thrown [src/hotspot/share/interpreter/linkResolver.cpp, line 772]
Event: 8.652 Thread 0x00007f9c1c95a2a0 Exception <a 'java/lang/NoSuchMethodError'{0x00000000e7dca0c8}: 'java.lang.Object java.lang.invoke.DirectMethodHandle$Holder.newInvokeSpecial(java.lang.Object, long, long, long, int, int, int)'> (0x00000000e7dca0c8) 
thrown [src/hotspot/share/interpreter/linkResolver.cpp, line 772]
Event: 8.667 Thread 0x00007f9c1c95a2a0 Exception <a 'java/lang/NoSuchMethodError'{0x00000000e7df5aa8}: 'long java.lang.invoke.DelegatingMethodHandle$Holder.delegate(java.lang.Object, long, java.lang.Object, int)'> (0x00000000e7df5aa8) 
thrown [src/hotspot/share/interpreter/linkResolver.cpp, line 772]
Event: 8.672 Thread 0x00007f9c1c95a2a0 Exception <a 'java/lang/NoSuchMethodError'{0x00000000e7c6d340}: 'int java.lang.invoke.DelegatingMethodHandle$Holder.delegate(java.lang.Object, java.lang.Object, int, int, int)'> (0x00000000e7c6d340) 
thrown [src/hotspot/share/interpreter/linkResolver.cpp, line 772]
Event: 8.744 Thread 0x00007f9c1c95a2a0 Exception <a 'sun/nio/fs/UnixException'{0x00000000e7797610}> (0x00000000e7797610) 
thrown [src/hotspot/share/prims/jni.cpp, line 520]
Event: 8.963 Thread 0x00007f9c1c95a2a0 Exception <a 'sun/nio/fs/UnixException'{0x00000000e88decd0}> (0x00000000e88decd0) 
thrown [src/hotspot/share/prims/jni.cpp, line 520]

ZGC Phase Switch (0 events):
No events

VM Operations (20 events):
Event: 8.797 Executing non-safepoint VM operation: HandshakeAllThreads (Deoptimize)
Event: 8.797 Executing non-safepoint VM operation: HandshakeAllThreads (Deoptimize) done
Event: 8.798 Executing non-safepoint VM operation: HandshakeAllThreads (Deoptimize)
Event: 8.798 Executing non-safepoint VM operation: HandshakeAllThreads (Deoptimize) done
Event: 8.824 Executing non-safepoint VM operation: HandshakeAllThreads (Deoptimize)
Event: 8.824 Executing non-safepoint VM operation: HandshakeAllThreads (Deoptimize) done
Event: 8.825 Executing non-safepoint VM operation: HandshakeAllThreads (Deoptimize)
Event: 8.825 Executing non-safepoint VM operation: HandshakeAllThreads (Deoptimize) done
Event: 8.830 Executing safepoint VM operation: G1PauseRemark
Event: 8.839 Executing safepoint VM operation: G1PauseRemark done
Event: 8.869 Executing safepoint VM operation: G1PauseCleanup
Event: 8.869 Executing safepoint VM operation: G1PauseCleanup done
Event: 8.970 Executing non-safepoint VM operation: HandshakeAllThreads (Deoptimize)
Event: 8.970 Executing non-safepoint VM operation: HandshakeAllThreads (Deoptimize) done
Event: 8.971 Executing non-safepoint VM operation: HandshakeAllThreads (Deoptimize)
Event: 8.971 Executing non-safepoint VM operation: HandshakeAllThreads (Deoptimize) done
Event: 8.972 Executing non-safepoint VM operation: HandshakeAllThreads (Deoptimize)
Event: 8.974 Executing non-safepoint VM operation: HandshakeAllThreads (Deoptimize) done
Event: 8.975 Executing non-safepoint VM operation: HandshakeAllThreads (Deoptimize)
Event: 8.975 Executing non-safepoint VM operation: HandshakeAllThreads (Deoptimize) done

Memory protections (20 events):
Event: 5.629 Protecting memory [0x00007f9bacf00000,0x00007f9bacf04000] with protection modes 0
Event: 5.691 Protecting memory [0x00007f9bad400000,0x00007f9bad404000] with protection modes 0
Event: 5.877 Protecting memory [0x00007f9bacf00000,0x00007f9bacf04000] with protection modes 0
Event: 5.882 Protecting memory [0x00007f9bad300000,0x00007f9bad304000] with protection modes 0
Event: 6.033 Protecting memory [0x00007f9bad300000,0x00007f9bad304000] with protection modes 0
Event: 6.038 Protecting memory [0x00007f9bad200000,0x00007f9bad204000] with protection modes 0
Event: 6.206 Protecting memory [0x00007f9bad200000,0x00007f9bad204000] with protection modes 0
Event: 6.221 Protecting memory [0x00007f9bad500000,0x00007f9bad504000] with protection modes 0
Event: 6.361 Protecting memory [0x00007f9bad500000,0x00007f9bad504000] with protection modes 0
Event: 6.364 Protecting memory [0x00007f9bacf00000,0x00007f9bacf04000] with protection modes 0
Event: 6.474 Protecting memory [0x00007f9bacf00000,0x00007f9bacf04000] with protection modes 0
Event: 6.475 Protecting memory [0x00007f9bad300000,0x00007f9bad304000] with protection modes 0
Event: 6.594 Protecting memory [0x00007f9bad300000,0x00007f9bad304000] with protection modes 0
Event: 6.595 Protecting memory [0x00007f9bad200000,0x00007f9bad204000] with protection modes 0
Event: 6.692 Protecting memory [0x00007f9bad200000,0x00007f9bad204000] with protection modes 0
Event: 6.703 Protecting memory [0x00007f9bad500000,0x00007f9bad504000] with protection modes 0
Event: 6.831 Protecting memory [0x00007f9bad500000,0x00007f9bad504000] with protection modes 0
Event: 8.640 Protecting memory [0x00007f9baed00000,0x00007f9baed04000] with protection modes 0
Event: 8.765 Protecting memory [0x00007f9bacf00000,0x00007f9bacf04000] with protection modes 0
Event: 8.766 Protecting memory [0x00007f9bac100000,0x00007f9bac104000] with protection modes 0

Nmethod flushes (20 events):
Event: 8.838 Thread 0x00007f9c1c1488e0 flushing  nmethod 0x00007f9c04f1a690
Event: 8.838 Thread 0x00007f9c1c1488e0 flushing  nmethod 0x00007f9c04f1b090
Event: 8.838 Thread 0x00007f9c1c1488e0 flushing  nmethod 0x00007f9c04f3dc10
Event: 8.838 Thread 0x00007f9c1c1488e0 flushing  nmethod 0x00007f9c04f5b390
Event: 8.838 Thread 0x00007f9c1c1488e0 flushing  nmethod 0x00007f9c04f5d490
Event: 8.838 Thread 0x00007f9c1c1488e0 flushing  nmethod 0x00007f9c04fa6110
Event: 8.838 Thread 0x00007f9c1c1488e0 flushing  nmethod 0x00007f9c04fa8190
Event: 8.838 Thread 0x00007f9c1c1488e0 flushing  nmethod 0x00007f9c04fa8b10
Event: 8.838 Thread 0x00007f9c1c1488e0 flushing  nmethod 0x00007f9c04fabd10
Event: 8.838 Thread 0x00007f9c1c1488e0 flushing  nmethod 0x00007f9c05025410
Event: 8.838 Thread 0x00007f9c1c1488e0 flushing  nmethod 0x00007f9c0502f790
Event: 8.838 Thread 0x00007f9c1c1488e0 flushing  nmethod 0x00007f9c05033f90
Event: 8.838 Thread 0x00007f9c1c1488e0 flushing  nmethod 0x00007f9c05035210
Event: 8.838 Thread 0x00007f9c1c1488e0 flushing  nmethod 0x00007f9c05037d90
Event: 8.838 Thread 0x00007f9c1c1488e0 flushing  nmethod 0x00007f9c05039010
Event: 8.838 Thread 0x00007f9c1c1488e0 flushing  nmethod 0x00007f9c050c8510
Event: 8.838 Thread 0x00007f9c1c1488e0 flushing  nmethod 0x00007f9c050c9510
Event: 8.838 Thread 0x00007f9c1c1488e0 flushing  nmethod 0x00007f9c05110210
Event: 8.838 Thread 0x00007f9c1c1488e0 flushing  nmethod 0x00007f9c051a2990
Event: 8.838 Thread 0x00007f9c1c1488e0 flushing  nmethod 0x00007f9c05388710

Events (20 events):
Event: 6.474 Thread 0x00007f9b50003b30 Thread added: 0x00007f9b7001a340
Event: 6.475 Thread 0x00007f9b50003b30 Thread exited: 0x00007f9b50003b30
Event: 6.475 Thread 0x00007f9c1c95a2a0 Thread added: 0x00007f9b61feaef0
Event: 6.552 Thread 0x00007f9b61feaef0 Thread exited: 0x00007f9b61feaef0
Event: 6.581 Thread 0x00007f9b54113db0 Thread added: 0x00007f9b7801c950
Event: 6.582 Thread 0x00007f9b54113db0 Thread exited: 0x00007f9b54113db0
Event: 6.594 Thread 0x00007f9c1c95a2a0 Thread added: 0x00007f9b61feaef0
Event: 6.661 Thread 0x00007f9b61feaef0 Thread exited: 0x00007f9b61feaef0
Event: 6.691 Thread 0x00007f9b68001980 Thread added: 0x00007f9b80001fc0
Event: 6.691 Thread 0x00007f9b68001980 Thread exited: 0x00007f9b68001980
Event: 6.698 Thread 0x00007f9c1c95a2a0 Thread added: 0x00007f9b61feaef0
Event: 6.775 Thread 0x00007f9b61feaef0 Thread exited: 0x00007f9b61feaef0
Event: 6.831 Thread 0x00007f9b7001a340 Thread added: 0x00007f9b88807ed0
Event: 6.832 Thread 0x00007f9b7001a340 Thread exited: 0x00007f9b7001a340
Event: 7.408 Thread 0x00007f9b88548260 Thread exited: 0x00007f9b88548260
Event: 8.640 Thread 0x00007f9c1c15a980 Thread added: 0x00007f9b888201c0
Event: 8.763 Thread 0x00007f9b7801c950 Thread added: 0x00007f9b90001fb0
Event: 8.764 Thread 0x00007f9b7801c950 Thread exited: 0x00007f9b7801c950
Event: 8.766 Thread 0x00007f9c1c95a2a0 Thread added: 0x00007f9b6200ee30
Event: 8.935 Thread 0x00007f9b6200ee30 Thread exited: 0x00007f9b6200ee30


Dynamic libraries:
e0000000-e9500000 rw-p 00000000 00:00 0 
e9500000-ebf00000 ---p 00000000 00:00 0 
ebf00000-ec000000 rw-p 00000000 00:00 0 
ec000000-fe300000 ---p 00000000 00:00 0 
fe300000-ffe00000 rw-p 00000000 00:00 0 
ffe00000-fff0d000 rw-p 00cdb000 00:1f 974                                /usr/lib/jvm/temurin-21-jdk-amd64/lib/server/classes.jsa
fff0d000-100000000 rw-p 00000000 00:00 0 
5564f9346000-5564f9347000 r-xp 00000000 00:1f 954                        /usr/lib/jvm/temurin-21-jdk-amd64/bin/java
5564f9348000-5564f9349000 r--p 00001000 00:1f 954                        /usr/lib/jvm/temurin-21-jdk-amd64/bin/java
5564f9349000-5564f934a000 rw-p 00002000 00:1f 954                        /usr/lib/jvm/temurin-21-jdk-amd64/bin/java
5564f934a000-5564f953a000 rw-p 00000000 00:00 0                          [heap]
7f0a183e1000-7f0a18be1000 rw-p 00000000 00:00 0                          [stack]
7f9b4276d000-7f9b44000000 r--p 00000000 00:19 1481                       /tmp/robolectric-nativeruntime7071639389297866002/icu/icudt68l.dat
7f9b44000000-7f9b44182000 rw-p 00000000 00:00 0 
7f9b44182000-7f9b48000000 ---p 00000000 00:00 0 
7f9b48000000-7f9b481c7000 rw-p 00000000 00:00 0 
7f9b481c7000-7f9b4c000000 ---p 00000000 00:00 0 
7f9b4c000000-7f9b4c1a2000 rw-p 00000000 00:00 0 
7f9b4c1a2000-7f9b50000000 ---p 00000000 00:00 0 
7f9b50000000-7f9b50021000 rw-p 00000000 00:00 0 
7f9b50021000-7f9b54000000 ---p 00000000 00:00 0 
7f9b54000000-7f9b54160000 rw-p 00000000 00:00 0 
7f9b54160000-7f9b58000000 ---p 00000000 00:00 0 
7f9b58000000-7f9b5807e000 rw-p 00000000 00:00 0 
7f9b5807e000-7f9b5c000000 ---p 00000000 00:00 0 
7f9b5c000000-7f9b5c023000 rw-p 00000000 00:00 0 
7f9b5c023000-7f9b60000000 ---p 00000000 00:00 0 
7f9b60000000-7f9b620ef000 rw-p 00000000 00:00 0 
7f9b620ef000-7f9b64000000 ---p 00000000 00:00 0 
7f9b64000000-7f9b6406c000 rw-p 00000000 00:00 0 
7f9b6406c000-7f9b68000000 ---p 00000000 00:00 0 
7f9b68000000-7f9b68021000 rw-p 00000000 00:00 0 
7f9b68021000-7f9b6c000000 ---p 00000000 00:00 0 
7f9b6c000000-7f9b6c06c000 rw-p 00000000 00:00 0 
7f9b6c06c000-7f9b70000000 ---p 00000000 00:00 0 
7f9b70000000-7f9b70021000 rw-p 00000000 00:00 0 
7f9b70021000-7f9b74000000 ---p 00000000 00:00 0 
7f9b74000000-7f9b755dd000 rw-p 00000000 00:00 0 
7f9b755dd000-7f9b78000000 ---p 00000000 00:00 0 
7f9b78000000-7f9b78021000 rw-p 00000000 00:00 0 
7f9b78021000-7f9b7c000000 ---p 00000000 00:00 0 
7f9b7c000000-7f9b7c05f000 rw-p 00000000 00:00 0 
7f9b7c05f000-7f9b80000000 ---p 00000000 00:00 0 
7f9b80000000-7f9b80021000 rw-p 00000000 00:00 0 
7f9b80021000-7f9b84000000 ---p 00000000 00:00 0 
7f9b84000000-7f9b855f3000 rw-p 00000000 00:00 0 
7f9b855f3000-7f9b88000000 ---p 00000000 00:00 0 
7f9b88000000-7f9b8887b000 rw-p 00000000 00:00 0 
7f9b8887b000-7f9b8c000000 ---p 00000000 00:00 0 
7f9b8c000000-7f9b8c075000 rw-p 00000000 00:00 0 
7f9b8c075000-7f9b90000000 ---p 00000000 00:00 0 
7f9b90000000-7f9b90021000 rw-p 00000000 00:00 0 
7f9b90021000-7f9b94000000 ---p 00000000 00:00 0 
7f9b94000000-7f9b94067000 rw-p 00000000 00:00 0 
7f9b94067000-7f9b98000000 ---p 00000000 00:00 0 
7f9b98000000-7f9b987cc000 rw-p 00000000 00:00 0 
7f9b987cc000-7f9b9c000000 ---p 00000000 00:00 0 
7f9b9c000000-7f9b9c021000 rw-p 00000000 00:00 0 
7f9b9c021000-7f9ba0000000 ---p 00000000 00:00 0 
7f9ba0000000-7f9ba0021000 rw-p 00000000 00:00 0 
7f9ba0021000-7f9ba4000000 ---p 00000000 00:00 0 
7f9ba4000000-7f9ba6fd0000 rw-p 00000000 00:00 0 
7f9ba6fd0000-7f9ba7000000 ---p 00000000 00:00 0 
7f9ba7000000-7f9ba7e10000 rw-p 00000000 00:00 0 
7f9ba7e10000-7f9ba8000000 ---p 00000000 00:00 0 
7f9ba8000000-7f9ba80c8000 rw-p 00000000 00:00 0 
7f9ba80c8000-7f9bac000000 ---p 00000000 00:00 0 
7f9bac100000-7f9bac104000 ---p 00000000 00:00 0 
7f9bac104000-7f9bac200000 rw-p 00000000 00:00 0 
7f9bac200000-7f9bac63a000 r--p 00000000 00:19 1482                       /tmp/robolectric-nativeruntime7071639389297866002/librobolectric-nativeruntime.so
7f9bac63a000-7f9bacea4000 r-xp 00439000 00:19 1482                       /tmp/robolectric-nativeruntime7071639389297866002/librobolectric-nativeruntime.so
7f9bacea4000-7f9baceea000 r--p 00ca2000 00:19 1482                       /tmp/robolectric-nativeruntime7071639389297866002/librobolectric-nativeruntime.so
7f9baceea000-7f9bacef6000 rw-p 00ce7000 00:19 1482                       /tmp/robolectric-nativeruntime7071639389297866002/librobolectric-nativeruntime.so
7f9bacef6000-7f9bacf00000 rw-p 00000000 00:00 0 
7f9bacf00000-7f9bacf04000 ---p 00000000 00:00 0 
7f9bacf04000-7f9bad000000 rw-p 00000000 00:00 0 
7f9bad000000-7f9bad004000 ---p 00000000 00:00 0 
7f9bad004000-7f9bad100000 rw-p 00000000 00:00 0 
7f9bad100000-7f9bad104000 ---p 00000000 00:00 0 
7f9bad104000-7f9bad200000 rw-p 00000000 00:00 0 
7f9bad200000-7f9bad204000 ---p 00000000 00:00 0 
7f9bad204000-7f9bad300000 rw-p 00000000 00:00 0 
7f9bad300000-7f9bad304000 ---p 00000000 00:00 0 
7f9bad304000-7f9bad400000 rw-p 00000000 00:00 0 
7f9bad400000-7f9bad404000 ---p 00000000 00:00 0 
7f9bad404000-7f9bad500000 rw-p 00000000 00:00 0 
7f9bad500000-7f9bad504000 ---p 00000000 00:00 0 
7f9bad504000-7f9bad600000 rw-p 00000000 00:00 0 
7f9bad600000-7f9bad6c4000 r-xp 00000000 00:19 1092                       /tmp/2517347274623821258/libsqlite4java.so
7f9bad6c4000-7f9bad8c4000 ---p 000c4000 00:19 1092                       /tmp/2517347274623821258/libsqlite4java.so
7f9bad8c4000-7f9bad8c6000 r--p 000c4000 00:19 1092                       /tmp/2517347274623821258/libsqlite4java.so
7f9bad8c6000-7f9bad8c9000 rw-p 000c6000 00:19 1092                       /tmp/2517347274623821258/libsqlite4java.so
7f9bad8e6000-7f9bad8ea000 ---p 00000000 00:00 0 
7f9bad8ea000-7f9bad9e6000 rw-p 00000000 00:00 0 
7f9bad9e6000-7f9bad9ea000 ---p 00000000 00:00 0 
7f9bad9ea000-7f9badae6000 rw-p 00000000 00:00 0 
7f9badae6000-7f9badaea000 ---p 00000000 00:00 0 
7f9badaea000-7f9badbe6000 rw-p 00000000 00:00 0 
7f9badbe6000-7f9badbea000 ---p 00000000 00:00 0 
7f9badbea000-7f9badce6000 rw-p 00000000 00:00 0 
7f9badce6000-7f9badcea000 ---p 00000000 00:00 0 
7f9badcea000-7f9badde6000 rw-p 00000000 00:00 0 
7f9badde6000-7f9bade7f000 r--p 00000000 00:1f 1626                       /usr/lib/x86_64-linux-gnu/libstdc++.so.6.0.30
7f9bade7f000-7f9badf80000 r-xp 00099000 00:1f 1626                       /usr/lib/x86_64-linux-gnu/libstdc++.so.6.0.30
7f9badf80000-7f9badffa000 r--p 0019a000 00:1f 1626                       /usr/lib/x86_64-linux-gnu/libstdc++.so.6.0.30
7f9badffa000-7f9badffd000 rw-p 00214000 00:1f 1626                       /usr/lib/x86_64-linux-gnu/libstdc++.so.6.0.30
7f9badffd000-7f9bae000000 rw-p 00000000 00:00 0 
7f9bae000000-7f9bae244000 r-xp 00000000 00:19 1077                       /tmp/libconscrypt_openjdk_jni-linux-x86_6417890875054440000.so (deleted)
7f9bae244000-7f9bae443000 ---p 00244000 00:19 1077                       /tmp/libconscrypt_openjdk_jni-linux-x86_6417890875054440000.so (deleted)
7f9bae443000-7f9bae454000 r--p 00243000 00:19 1077                       /tmp/libconscrypt_openjdk_jni-linux-x86_6417890875054440000.so (deleted)
7f9bae454000-7f9bae457000 rw-p 00254000 00:19 1077                       /tmp/libconscrypt_openjdk_jni-linux-x86_6417890875054440000.so (deleted)
7f9bae457000-7f9bae458000 rw-p 00000000 00:00 0 
7f9bae4fd000-7f9bae501000 ---p 00000000 00:00 0 
7f9bae501000-7f9bae5fd000 rw-p 00000000 00:00 0 
7f9bae5fd000-7f9bae601000 ---p 00000000 00:00 0 
7f9bae601000-7f9bae6fd000 rw-p 00000000 00:00 0 
7f9bae6fd000-7f9bae701000 ---p 00000000 00:00 0 
7f9bae701000-7f9bae7fd000 rw-p 00000000 00:00 0 
7f9bae7fd000-7f9bae801000 ---p 00000000 00:00 0 
7f9bae801000-7f9bae8fd000 rw-p 00000000 00:00 0 
7f9bae8fd000-7f9bae901000 ---p 00000000 00:00 0 
7f9bae901000-7f9bae9fd000 rw-p 00000000 00:00 0 
7f9bae9fd000-7f9bae9fe000 ---p 00000000 00:00 0 
7f9bae9fe000-7f9baeafe000 rw-p 00000000 00:00 0 
7f9baeafe000-7f9baeaff000 ---p 00000000 00:00 0 
7f9baeaff000-7f9baebff000 rw-p 00000000 00:00 0 
7f9baebff000-7f9baec00000 ---p 00000000 00:00 0 
7f9baec00000-7f9baed00000 rw-p 00000000 00:00 0 
7f9baed00000-7f9baed04000 ---p 00000000 00:00 0 
7f9baed04000-7f9baee00000 rw-p 00000000 00:00 0 
7f9baee00000-7f9baee04000 ---p 00000000 00:00 0 
7f9baee04000-7f9baef00000 rw-p 00000000 00:00 0 
7f9baef00000-7f9baef04000 ---p 00000000 00:00 0 
7f9baef04000-7f9baf000000 rw-p 00000000 00:00 0 
7f9baf000000-7f9bafc9c000 rw-p 00001000 00:1f 974                        /usr/lib/jvm/temurin-21-jdk-amd64/lib/server/classes.jsa
7f9bafc9c000-7f9bb0000000 ---p 00000000 00:00 0 
7f9bb0000000-7f9bb0850000 rw-p 00000000 00:00 0 
7f9bb0850000-7f9bf0000000 ---p 00000000 00:00 0 
7f9bf0000000-7f9bf0021000 rw-p 00000000 00:00 0 
7f9bf0021000-7f9bf4000000 ---p 00000000 00:00 0 
7f9bf4000000-7f9bf4021000 rw-p 00000000 00:00 0 
7f9bf4021000-7f9bf8000000 ---p 00000000 00:00 0 
7f9bf8000000-7f9bf8021000 rw-p 00000000 00:00 0 
7f9bf8021000-7f9bfc000000 ---p 00000000 00:00 0 
7f9bfc000000-7f9bfc02b000 rw-p 00000000 00:00 0 
7f9bfc02b000-7f9c00000000 ---p 00000000 00:00 0 
7f9c00000000-7f9c00021000 rw-p 00000000 00:00 0 
7f9c00021000-7f9c04000000 ---p 00000000 00:00 0 
7f9c04030000-7f9c040fe000 r-xp 00000000 00:1f 975                        /usr/lib/jvm/temurin-21-jdk-amd64/lib/libjsvml.so
7f9c040fe000-7f9c040ff000 r--p 000cd000 00:1f 975                        /usr/lib/jvm/temurin-21-jdk-amd64/lib/libjsvml.so
7f9c040ff000-7f9c04100000 rw-p 000ce000 00:1f 975                        /usr/lib/jvm/temurin-21-jdk-amd64/lib/libjsvml.so
7f9c04100000-7f9c04104000 ---p 00000000 00:00 0 
7f9c04104000-7f9c04200000 rw-p 00000000 00:00 0 
7f9c04200000-7f9c04204000 ---p 00000000 00:00 0 
7f9c04204000-7f9c04300000 rw-p 00000000 00:00 0 
7f9c04300000-7f9c04304000 ---p 00000000 00:00 0 
7f9c04304000-7f9c04400000 rw-p 00000000 00:00 0 
7f9c04400000-7f9c04404000 ---p 00000000 00:00 0 
7f9c04404000-7f9c04500000 rw-p 00000000 00:00 0 
7f9c04500000-7f9c04504000 ---p 00000000 00:00 0 
7f9c04504000-7f9c04600000 rw-p 00000000 00:00 0 
7f9c04600000-7f9c04604000 ---p 00000000 00:00 0 
7f9c04604000-7f9c04700000 rw-p 00000000 00:00 0 
7f9c04700000-7f9c04704000 ---p 00000000 00:00 0 
7f9c04704000-7f9c04800000 rw-p 00000000 00:00 0 
7f9c04800000-7f9c056b0000 rwxp 00000000 00:00 0 
7f9c056b0000-7f9c0bd37000 ---p 00000000 00:00 0 
7f9c0bd37000-7f9c0c037000 rwxp 00000000 00:00 0 
7f9c0c037000-7f9c0c2c8000 ---p 00000000 00:00 0 
7f9c0c2c8000-7f9c0c748000 rwxp 00000000 00:00 0 
7f9c0c748000-7f9c13800000 ---p 00000000 00:00 0 
7f9c13856000-7f9c1c000000 r--s 00000000 00:1f 969                        /usr/lib/jvm/temurin-21-jdk-amd64/lib/modules
7f9c1c000000-7f9c1ca13000 rw-p 00000000 00:00 0 
7f9c1ca13000-7f9c20000000 ---p 00000000 00:00 0 
7f9c20010000-7f9c202f9000 r--p 00000000 00:1f 34                         /usr/lib/locale/locale-archive
7f9c202f9000-7f9c202fa000 ---p 00000000 00:00 0 
7f9c202fa000-7f9c203fa000 rw-p 00000000 00:00 0 
7f9c203fa000-7f9c203fb000 ---p 00000000 00:00 0 
7f9c203fb000-7f9c204fb000 rw-p 00000000 00:00 0 
7f9c204fb000-7f9c204fc000 ---p 00000000 00:00 0 
7f9c204fc000-7f9c205fc000 rw-p 00000000 00:00 0 
7f9c205fc000-7f9c205fd000 ---p 00000000 00:00 0 
7f9c205fd000-7f9c206fd000 rw-p 00000000 00:00 0 
7f9c206fd000-7f9c22a00000 rw-p 00000000 00:00 0 
7f9c22a21000-7f9c22a24000 r--p 00000000 00:1f 129                        /usr/lib/x86_64-linux-gnu/libgcc_s.so.1
7f9c22a24000-7f9c22a3b000 r-xp 00003000 00:1f 129                        /usr/lib/x86_64-linux-gnu/libgcc_s.so.1
7f9c22a3b000-7f9c22a3f000 r--p 0001a000 00:1f 129                        /usr/lib/x86_64-linux-gnu/libgcc_s.so.1
7f9c22a3f000-7f9c22a40000 r--p 0001d000 00:1f 129                        /usr/lib/x86_64-linux-gnu/libgcc_s.so.1
7f9c22a40000-7f9c22a41000 rw-p 0001e000 00:1f 129                        /usr/lib/x86_64-linux-gnu/libgcc_s.so.1
7f9c22a41000-7f9c22a4e000 r-xp 00000000 00:1f 1639                       /usr/lib/jvm/temurin-21-jdk-amd64/lib/libverify.so
7f9c22a4e000-7f9c22a50000 r--p 0000c000 00:1f 1639                       /usr/lib/jvm/temurin-21-jdk-amd64/lib/libverify.so
7f9c22a50000-7f9c22a51000 rw-p 0000e000 00:1f 1639                       /usr/lib/jvm/temurin-21-jdk-amd64/lib/libverify.so
7f9c22a51000-7f9c22a6c000 r-xp 00000000 00:1f 976                        /usr/lib/jvm/temurin-21-jdk-amd64/lib/libzip.so
7f9c22a6c000-7f9c22a6d000 r--p 0001a000 00:1f 976                        /usr/lib/jvm/temurin-21-jdk-amd64/lib/libzip.so
7f9c22a6d000-7f9c22a6e000 rw-p 0001b000 00:1f 976                        /usr/lib/jvm/temurin-21-jdk-amd64/lib/libzip.so
7f9c22a6e000-7f9c22a7a000 r-xp 00000000 00:1f 978                        /usr/lib/jvm/temurin-21-jdk-amd64/lib/libnet.so
7f9c22a7a000-7f9c22a7b000 r--p 0000b000 00:1f 978                        /usr/lib/jvm/temurin-21-jdk-amd64/lib/libnet.so
7f9c22a7b000-7f9c22a7c000 rw-p 0000c000 00:1f 978                        /usr/lib/jvm/temurin-21-jdk-amd64/lib/libnet.so
7f9c22a7c000-7f9c22bfe000 rw-p 00000000 00:00 0 
7f9c22bfe000-7f9c22bff000 ---p 00000000 00:00 0 
7f9c22bff000-7f9c22cff000 rw-p 00000000 00:00 0 
7f9c22cff000-7f9c22d00000 ---p 00000000 00:00 0 
7f9c22d00000-7f9c22e00000 rw-p 00000000 00:00 0 
7f9c22e00000-7f9c23054000 rw-p 00000000 00:00 0 
7f9c23054000-7f9c230fc000 ---p 00000000 00:00 0 
7f9c230fc000-7f9c23100000 rw-p 00000000 00:00 0 
7f9c23100000-7f9c2358c000 ---p 00000000 00:00 0 
7f9c2358c000-7f9c23600000 rw-p 00000000 00:00 0 
7f9c23602000-7f9c23609000 r--s 00000000 00:1f 36                         /usr/lib/x86_64-linux-gnu/gconv/gconv-modules.cache
7f9c23609000-7f9c2360b000 r-xp 00000000 00:1f 1633                       /usr/lib/jvm/temurin-21-jdk-amd64/lib/libextnet.so
7f9c2360b000-7f9c2360c000 r--p 00001000 00:1f 1633                       /usr/lib/jvm/temurin-21-jdk-amd64/lib/libextnet.so
7f9c2360c000-7f9c2360d000 rw-p 00002000 00:1f 1633                       /usr/lib/jvm/temurin-21-jdk-amd64/lib/libextnet.so
7f9c2360d000-7f9c23621000 r-xp 00000000 00:1f 977                        /usr/lib/jvm/temurin-21-jdk-amd64/lib/libnio.so
7f9c23621000-7f9c23622000 r--p 00013000 00:1f 977                        /usr/lib/jvm/temurin-21-jdk-amd64/lib/libnio.so
7f9c23622000-7f9c23623000 rw-p 00014000 00:1f 977                        /usr/lib/jvm/temurin-21-jdk-amd64/lib/libnio.so
7f9c23623000-7f9c236bf000 rw-p 00000000 00:00 0 
7f9c236bf000-7f9c236c0000 ---p 00000000 00:00 0 
7f9c236c0000-7f9c237c0000 rw-p 00000000 00:00 0 
7f9c237c0000-7f9c2381d000 rw-p 00000000 00:00 0 
7f9c2381d000-7f9c23831000 ---p 00000000 00:00 0 
7f9c23831000-7f9c23832000 rw-p 00000000 00:00 0 
7f9c23832000-7f9c238c3000 ---p 00000000 00:00 0 
7f9c238c3000-7f9c2391d000 rw-p 00000000 00:00 0 
7f9c2391d000-7f9c23931000 ---p 00000000 00:00 0 
7f9c23931000-7f9c23932000 rw-p 00000000 00:00 0 
7f9c23932000-7f9c239c3000 ---p 00000000 00:00 0 
7f9c239c3000-7f9c23ddf000 rw-p 00000000 00:00 0 
7f9c23ddf000-7f9c23ec1000 ---p 00000000 00:00 0 
7f9c23ec1000-7f9c23edf000 rw-p 00000000 00:00 0 
7f9c23edf000-7f9c23fac000 ---p 00000000 00:00 0 
7f9c23fac000-7f9c23fb2000 rw-p 00000000 00:00 0 
7f9c23fb2000-7f9c23fb8000 ---p 00000000 00:00 0 
7f9c23fb8000-7f9c23fd9000 r-xp 00000000 00:1f 964                        /usr/lib/jvm/temurin-21-jdk-amd64/lib/libjava.so
7f9c23fd9000-7f9c23fda000 r--p 00020000 00:1f 964                        /usr/lib/jvm/temurin-21-jdk-amd64/lib/libjava.so
7f9c23fda000-7f9c23fdb000 rw-p 00021000 00:1f 964                        /usr/lib/jvm/temurin-21-jdk-amd64/lib/libjava.so
7f9c23fdb000-7f9c23fdc000 rw-p 00000000 00:00 0 
7f9c23fdc000-7f9c23fe4000 rw-s 00000000 00:19 1074                       /tmp/hsperfdata_root/2768
7f9c23fe4000-7f9c23fff000 r-xp 00000000 00:1f 970                        /usr/lib/jvm/temurin-21-jdk-amd64/lib/libjimage.so
7f9c23fff000-7f9c24000000 ---p 0001b000 00:1f 970                        /usr/lib/jvm/temurin-21-jdk-amd64/lib/libjimage.so
7f9c24000000-7f9c24002000 r--p 0001b000 00:1f 970                        /usr/lib/jvm/temurin-21-jdk-amd64/lib/libjimage.so
7f9c24002000-7f9c24003000 rw-p 0001d000 00:1f 970                        /usr/lib/jvm/temurin-21-jdk-amd64/lib/libjimage.so
7f9c24003000-7f9c24007000 ---p 00000000 00:00 0 
7f9c24007000-7f9c24103000 rw-p 00000000 00:00 0 
7f9c24103000-7f9c24113000 r--p 00000000 00:1f 126                        /usr/lib/x86_64-linux-gnu/libm.so.6
7f9c24113000-7f9c24187000 r-xp 00010000 00:1f 126                        /usr/lib/x86_64-linux-gnu/libm.so.6
7f9c24187000-7f9c241e1000 r--p 00084000 00:1f 126                        /usr/lib/x86_64-linux-gnu/libm.so.6
7f9c241e1000-7f9c241e2000 r--p 000dd000 00:1f 126                        /usr/lib/x86_64-linux-gnu/libm.so.6
7f9c241e2000-7f9c241e3000 rw-p 000de000 00:1f 126                        /usr/lib/x86_64-linux-gnu/libm.so.6
7f9c241e3000-7f9c241e4000 r--p 00000000 00:1f 968                        /usr/lib/x86_64-linux-gnu/librt.so.1
7f9c241e4000-7f9c241e5000 r-xp 00001000 00:1f 968                        /usr/lib/x86_64-linux-gnu/librt.so.1
7f9c241e5000-7f9c241e6000 r--p 00002000 00:1f 968                        /usr/lib/x86_64-linux-gnu/librt.so.1
7f9c241e6000-7f9c241e7000 r--p 00002000 00:1f 968                        /usr/lib/x86_64-linux-gnu/librt.so.1
7f9c241e7000-7f9c241e8000 rw-p 00003000 00:1f 968                        /usr/lib/x86_64-linux-gnu/librt.so.1
7f9c241e8000-7f9c25622000 r-xp 00000000 00:1f 967                        /usr/lib/jvm/temurin-21-jdk-amd64/lib/server/libjvm.so
7f9c25622000-7f9c256f7000 r--p 01439000 00:1f 967                        /usr/lib/jvm/temurin-21-jdk-amd64/lib/server/libjvm.so
7f9c256f7000-7f9c25727000 rw-p 0150e000 00:1f 967                        /usr/lib/jvm/temurin-21-jdk-amd64/lib/server/libjvm.so
7f9c25727000-7f9c2578f000 rw-p 00000000 00:00 0 
7f9c2578f000-7f9c257b5000 r--p 00000000 00:1f 28                         /usr/lib/x86_64-linux-gnu/libc.so.6
7f9c257b5000-7f9c2590b000 r-xp 00026000 00:1f 28                         /usr/lib/x86_64-linux-gnu/libc.so.6
7f9c2590b000-7f9c25962000 r--p 0017c000 00:1f 28                         /usr/lib/x86_64-linux-gnu/libc.so.6
7f9c25962000-7f9c25964000 rw-p 001d3000 00:1f 28                         /usr/lib/x86_64-linux-gnu/libc.so.6
7f9c25964000-7f9c25971000 rw-p 00000000 00:00 0 
7f9c25971000-7f9c25972000 r--p 00000000 00:1f 961                        /usr/lib/x86_64-linux-gnu/libdl.so.2
7f9c25972000-7f9c25973000 r-xp 00001000 00:1f 961                        /usr/lib/x86_64-linux-gnu/libdl.so.2
7f9c25973000-7f9c25974000 r--p 00002000 00:1f 961                        /usr/lib/x86_64-linux-gnu/libdl.so.2
7f9c25974000-7f9c25975000 r--p 00002000 00:1f 961                        /usr/lib/x86_64-linux-gnu/libdl.so.2
7f9c25975000-7f9c25976000 rw-p 00003000 00:1f 961                        /usr/lib/x86_64-linux-gnu/libdl.so.2
7f9c25976000-7f9c25977000 r--p 00000000 00:1f 960                        /usr/lib/x86_64-linux-gnu/libpthread.so.0
7f9c25977000-7f9c25978000 r-xp 00001000 00:1f 960                        /usr/lib/x86_64-linux-gnu/libpthread.so.0
7f9c25978000-7f9c25979000 r--p 00002000 00:1f 960                        /usr/lib/x86_64-linux-gnu/libpthread.so.0
7f9c25979000-7f9c2597a000 r--p 00002000 00:1f 960                        /usr/lib/x86_64-linux-gnu/libpthread.so.0
7f9c2597a000-7f9c2597b000 rw-p 00003000 00:1f 960                        /usr/lib/x86_64-linux-gnu/libpthread.so.0
7f9c2597b000-7f9c2597c000 ---p 00000000 00:00 0 
7f9c2597c000-7f9c2597d000 r--p 00000000 00:00 0 
7f9c2597d000-7f9c2597e000 ---p 00000000 00:00 0 
7f9c2597e000-7f9c25997000 r-xp 00000000 00:1f 959                        /usr/lib/jvm/temurin-21-jdk-amd64/lib/libjli.so
7f9c25997000-7f9c25998000 r--p 00018000 00:1f 959                        /usr/lib/jvm/temurin-21-jdk-amd64/lib/libjli.so
7f9c25998000-7f9c25999000 rw-p 00019000 00:1f 959                        /usr/lib/jvm/temurin-21-jdk-amd64/lib/libjli.so
7f9c25999000-7f9c2599b000 rw-p 00000000 00:00 0 
7f9c2599b000-7f9c2599c000 r--p 00000000 00:00 0                          [vvar]
7f9c2599c000-7f9c2599e000 r-xp 00000000 00:00 0 
7f9c2599e000-7f9c2599f000 r--p 00000000 00:1f 26                         /usr/lib/x86_64-linux-gnu/ld-linux-x86-64.so.2
7f9c2599f000-7f9c259c5000 r-xp 00001000 00:1f 26                         /usr/lib/x86_64-linux-gnu/ld-linux-x86-64.so.2
7f9c259c5000-7f9c259d1000 r--p 00027000 00:1f 26                         /usr/lib/x86_64-linux-gnu/ld-linux-x86-64.so.2
7f9c259d1000-7f9c259d3000 rw-p 00033000 00:1f 26                         /usr/lib/x86_64-linux-gnu/ld-linux-x86-64.so.2
ffffffffff600000-ffffffffff601000 r-xp 00000000 00:00 0                  [vsyscall]
Total number of mappings: 286

JVMTI agents: none


VM Arguments:
jvm_args: -Djava.awt.headless=true -Djava.library.path=/usr/java/packages/lib:/usr/lib64:/lib64:/lib:/usr/lib:/app/applet/app/src/testDebug/jniLibs:/app/applet/app/src/test/jniLibs -Dorg.gradle.internal.worker.tmpdir=/app/applet/app/build/tmp/testDebugUnitTest/work --add-opens=java.base/java.io=ALL-UNNAMED -Xmx512m -Dfile.encoding=UTF-8 -Duser.country=US -Duser.language=en -Duser.variant -ea 
java_command: worker.org.gradle.process.internal.worker.GradleWorkerMain 'Gradle Test Executor 3'
java_class_path (initial): /opt/gradle/.gradle/caches/9.3.1/workerMain/gradle-worker.jar:/app/applet/app/build/intermediates/unit_test_config_directory/debugUnitTest/generateDebugUnitTestConfig/out:/app/applet/app/build/intermediates/built_in_kotlinc/debugUnitTest/compileDebugUnitTestKotlin/classes:/app/applet/app/build/intermediates/java_res/debugUnitTest/processDebugUnitTestJavaRes/out:/app/applet/app/build/intermediates/runtime_app_classes_jar/debug/bundleDebugClassesToRuntimeJar/classes.jar:/opt/gradle/.gradle/caches/9.3.1/transforms/7298fd6f35a95198603091ae626ebe06/transformed/navigation-common-2.8.9-runtime.jar:/opt/gradle/.gradle/caches/9.3.1/transforms/2db9023c3bbe3e3284582a8e3ae415eb/transformed/navigation-runtime-2.8.9-runtime.jar:/opt/gradle/.gradle/caches/9.3.1/transforms/467dc25c1aecf1abb915788ebc0e092f/transformed/navigation-common-ktx-2.8.9-runtime.jar:/opt/gradle/.gradle/caches/9.3.1/transforms/e25b602a751e85b3ba2c5efb50cc9c80/transformed/navigation-runtime-ktx-2.8.9-runtime.jar:/opt/gradle/.gradle/caches/9.3.1/transforms/c16c501cef790e804c9a24bebb0d6a0d/transformed/navigation-compose-2.8.9-runtime.jar:/opt/gradle/.gradle/caches/9.3.1/transforms/4d0fac7f1d417d7ea6fe1b0df2553f24/transformed/ui-test-junit4-release-runtime.jar:/opt/gradle/.gradle/caches/9.3.1/transforms/b44ebeb961dcbff503caf1b9b213203f/transformed/activity-1.10.1-runtime.jar:/opt/gradle/.gradle/caches/9.3.1/transforms/78575ff6774a2494fae9347a4390643c/transformed/activity-ktx-1.10.1-runtime.jar:/opt/gradle/.gradle/caches/9.3.1/transforms/32abdae2a09bb98a59b3499dd25ba083/transformed/material3-release-runtime.jar:/opt/gradle/.gradle/caches/9.3.1/transforms/02156647f000cf7fde5d2ab11dd59568/transformed/material-release-runtime.jar:/opt/gradle/.gradle/caches/9.3.1/transforms/b55c0306f09a01acfa1d593b8a064dbd/transformed/material-ripple-runtime.jar:/opt/gradle/.gradle/caches/9.3.1/transforms/671f2685cf1e5a947ce9a322e435364a/transformed/foundation-release-runtime.jar:/opt/gradle/.gradle/caches/9.3.1/transforms/d2e53db4b0a5ef36b399348e36e49cee/transformed/foundation-layout-release-runtime.jar:/opt/gradle/.gradle/caches/9.3.1/transforms/0bf7486ef5e45396d1efe1eae7e32c4c/transformed/animation-core-release-runtime.jar:/opt/gradle/.gradle/caches/9.3.1/transforms/3c7682ba52a865425b08fbb3b701c9d1/transformed/animation-runtime.jar:/opt/gradle/.gradle/caches/9.3.1/transforms/6e84d87f0437c6feb5a3d24f8b533418/transformed/ui-tooling-data-runtime.jar:/opt/gradle/.gradle/caches/9.3.1/transforms/e7d1d18570e66672cec45afa31b81401/transformed/ui-test-release-runtime.jar:/opt/gradle/.gradle/caches/9.3.1/transforms/de8e7d037baadda08199fa9d4eb6c0c5/transformed/ui-unit-release-runtime.jar:/opt/gradle/.gradle/caches/9.3.1/transforms/f4b0973e2cfeb29397f4a64a089941fa/transformed/ui-geometry-runtime.jar:/opt/gradle/.gradle/caches/9.3.1/transforms/24532feb46bee6b8fcf59d6533cf06bc/transformed/ui-util-release-runtime.jar:/opt/gradle/.gradle/caches/9.3.1/transforms/002fb431764c328d2aa99537e25a9496/transformed/ui-text-release-runtime.jar:/opt/gradle/.gradle/caches/9.3.1/transforms/596ebadcf58c49aa1a582f6b61d2a9a8/transformed/ui-tooling-preview-runtime.jar:/opt/gradle/.gradle/caches/9.3.1/transforms/f32f6feda98d3e2aa942a06d08899c1b/transformed/ui-graphics-release-runtime.jar:/opt/gradle/.gradle/caches/9.3.1/transforms/e4586474e02e9810650f9932d5a7bd56/transformed/ui-tooling-release-runtime.jar:/opt/gradle/.gradle/caches/9.3.1/transforms/80b0d86055237b08313a21c7fbbffc2a/transformed/activity-compose-1.10.1-runtime.jar:/opt/gradle/.gradle/caches/9.3.1/transforms/389e778263e4862dd6468184ec2bad0e/transformed/work-runtime-ktx-2.9.1-runtime.jar:/opt/gradle/.gradle/caches/9.3.1/transforms/16a5768e7ad7b8e5bfeb870d9c6490cb/transformed/work-runtime-2.9.1-runtime.jar:/opt/gradle/.gradle/caches/9.3.1/transforms/8f868998026a9bd8a19601a9004f846c/transformed/customview-poolingcontainer-1.0.0-runtime.jar:/opt/gradle/.gradle/caches/9.3.1/transforms/0bb8b0ae779fc702f64ff71a68fbce8f/transformed/core-ktx-1.18.0-runtime.jar:/opt/gradle/.gradle/caches/9.3.1/transforms/3a1812f9143c30c7c46c261fbc2a367f/transformed/autofill-1.0.0-runtime.jar:/opt/gradle/.gradle/caches/9.3.1/transforms/f8d726a3b50af54369348c2aee523304/transformed/graphics-path-1.0.1-runtime.jar:/opt/gradle/.gradle/caches/9.3.1/transforms/8f9df5d3597abbe7089dbe4722a2173c/transformed/emoji2-1.4.0-runtime.jar:/opt/gradle/.gradle/caches/9.3.1/transforms/5b9b1894b927e44b418a663cdd0375bf/transformed/core-1.18.0-runtime.jar:/opt/gradle/.gradle/caches/9.3.1/transforms/96721d9e8180a4055d887bd2ab1a2cbb/transformed/junit-1.3.0-runtime.jar:/opt/gradle/.gradle/caches/9.3.1/transforms/3fe306e184e5854f19b7004e2463131c/transformed/espresso-core-3.5.0-runtime.jar:/opt/gradle/.gradle/caches/9.3.1/transforms/cb96a0d62c63d0af328e5ac24b9bea3a/transformed/core-1.7.0-runtime.jar:/opt/gradle/.gradle/caches/9.3.1/transforms/9f79cae7cd1cf1b137dd55ce890b2b6e/transformed/savedstate-ktx-1.2.1-runtime.jar:/opt/gradle/.gradle/caches/9.3.1/transforms/4fca0e42575a1631a9859f703f78bcad/transformed/savedstate-1.2.1-runtime.jar:/opt/gradle/.gradle/caches/9.3.1/transforms/f2f8f98d255e78bb9fa269f3d58f32f1/transformed/lifecycle-process-2.8.7-runtime.jar:/opt/gradle/.gradle/caches/9.3.1/transforms/886236e6b07cff776197313084b482bd/transformed/lifecycle-livedata-core-ktx-2.8.7-runtime.jar:/opt/gradle/.gradle/caches/9.3.1/transforms/0769a4df05547301c163f0f5d551e71c/transformed/lifecycle-livedata-core-2.8.7-runtime.jar:/opt/gradle/.gradle/caches/9.3.1/transforms/44a226b432cf8279367daf25e75c3bf0/transformed/lifecycle-viewmodel-release-runtime.jar:/opt/gradle/.gradle/caches/modules-2/files-2.1/androidx.lifecycle/lifecycle-common-jvm/2.8.7/7174a594afb73a9ad9ac9074ce78b94af3cc52a7/lifecycle-common-jvm-2.8.7.jar:/opt/gradle/.gradle/caches/9.3.1/transforms/551d9488a1e1c875b3b2be74e0cb6cbd/transformed/lifecycle-runtime-release-runtime.jar:/opt/gradle/.gradle/caches/modules-2/files-2.1/androidx.lifecycle/lifecycle-common-java8/2.8.7/2ad14aed781c4a73ed4dbb421966d408a0a06686/lifecycle-common-java8-2.8.7.jar:/opt/gradle/.gradle/caches/9.3.1/transforms/c6fee3e8b9dbf972233ccd5ccb27fc1a/transformed/lifecycle-service-2.8.7-runtime.jar:/opt/gradle/.gradle/caches/9.3.1/transforms/77ec520704229b08721fa4fd0a24eead/transformed/lifecycle-livedata-2.8.7-runtime.jar:/opt/gradle/.gradle/caches/9.3.1/transforms/08fd051ce338ab1f0eb58398e909b3c6/transformed/lifecycle-viewmodel-savedstate-2.8.7-runtime.jar:/opt/gradle/.gradle/caches/9.3.1/transforms/1b37be39024cdccb0a24e6c5e6a26a5b/transformed/lifecycle-viewmodel-ktx-2.8.7-runtime.jar:/opt/gradle/.gradle/caches/9.3.1/transforms/fff13446c9707e0278dd26bfa319e228/transformed/lifecycle-runtime-ktx-release-runtime.jar:/opt/gradle/.gradle/caches/9.3.1/transforms/4b70b06406bf7d1c8aace7b5c77cc4f7/transformed/lifecycle-runtime-compose-release-runtime.jar:/opt/gradle/.gradle/caches/9.3.1/transforms/38ec8ffcd707fd107de5ced1ea1abb87/transformed/lifecycle-viewmodel-compose-release-runtime.jar:/opt/gradle/.gradle/caches/9.3.1/transforms/3584fb3c5d1e7d63eb1a945eb3490f25/transformed/material-icons-extended-release-runtime.jar:/opt/gradle/.gradle/caches/9.3.1/transforms/994a7459f6a46a5feca6298c24d13fa2/transformed/material-icons-core-release-runtime.jar:/opt/gradle/.gradle/caches/9.3.1/transforms/05aea88f1e59422fa55216105aae4784/transformed/ui-release-runtime.jar:/opt/gradle/.gradle/caches/9.3.1/transforms/e9a478afb0862bbb83580bffe750fbb8/transformed/ui-test-manifest-1.8.0-runtime.jar:/opt/gradle/.gradle/caches/modules-2/files-2.1/androidx.room/room-migration-jvm/2.7.0/6ea2d9759a174cf3633c585129395617c10541f6/room-migration-jvm-2.7.0.jar:/opt/gradle/.gradle/caches/modules-2/files-2.1/androidx.room/room-common-jvm/2.7.0/46a9845444d0b849131baeb85bfe4051828261ad/room-common-jvm-2.7.0.jar:/opt/gradle/.gradle/caches/9.3.1/transforms/e19960190434e84ac831b0a2f2477883/transformed/room-runtime-release-runtime.jar:/opt/gradle/.gradle/caches/9.3.1/transforms/2257d94a8ad0f172dda982132e93fef2/transformed/room-ktx-2.7.0-runtime.jar:/opt/gradle/.gradle/caches/9.3.1/transforms/7ada992e1ec8101c657b69d64a76c1e6/transformed/room-testing-release-runtime.jar:/opt/gradle/.gradle/caches/9.3.1/transforms/10348b4517273ff871e866ba595893d0/transformed/runner-1.5.0-runtime.jar:/opt/gradle/.gradle/caches/modules-2/files-2.1/junit/junit/4.13.2/8ac9e16d933b6fb43bc7f576336b8f4d7eb5ba12/junit-4.13.2.jar:/opt/gradle/.gradle/caches/9.3.1/transforms/a0cd144f360676a42b8011948be7e381/transformed/runtime-saveable-release-runtime.jar:/opt/gradle/.gradle/caches/9.3.1/transforms/83cc16af696752d4b45c87be0d7dc31d/transformed/runtime-release-runtime.jar:/opt/gradle/.gradle/caches/modules-2/files-2.1/org.jetbrains.kotlinx/kotlinx-coroutines-android/1.10.2/c8705d275d81f19e8afaf3ff9b5bf7a4b6b6c19b/kotlinx-coroutines-android-1.10.2.jar:/opt/gradle/.gradle/caches/modules-2/files-2.1/org.jetbrains.kotlinx/kotlinx-coroutines-test-jvm/1.10.2/deb87732ba15dc455f08af4b120fca0d96d6cb5f/kotlinx-coroutines-test-jvm-1.10.2.jar:/opt/gradle/.gradle/caches/modules-2/files-2.1/androidx.datastore/datastore-preferences-external-protobuf/1.1.7/ddd0a2d64e3c928359c993d1291e535d5d7fc9a3/datastore-preferences-external-protobuf-1.1.7.jar:/opt/gradle/.gradle/caches/modules-2/files-2.1/androidx.datastore/datastore-core-okio-jvm/1.1.7/ce08f132812044a9778547b299fd812e34dbd602/datastore-core-okio-jvm-1.1.7.jar:/opt/gradle/.gradle/caches/9.3.1/transforms/dc7e2cf3569042083d51f34bbd74786a/transformed/datastore-core-release-runtime.jar:/opt/gradle/.gradle/caches/modules-2/files-2.1/androidx.datastore/datastore-preferences-proto/1.1.7/6d7430ed8d2b5f2b8675dad8d196ba5dd710921b/datastore-preferences-proto-1.1.7.jar:/opt/gradle/.gradle/caches/9.3.1/transforms/bd09e0969940ee6d750f3888aa73be29/transformed/datastore-preferences-core-release-runtime.jar:/opt/gradle/.gradle/caches/9.3.1/transforms/14a6bd9e8a3cbdd098f7a7ff8cdc3620/transformed/datastore-release-runtime.jar:/opt/gradle/.gradle/caches/9.3.1/transforms/ce7c1eb1df705fc58562eb0a4406269f/transformed/datastore-preferences-release-runtime.jar:/opt/gradle/.gradle/caches/9.3.1/transforms/6e925e0e6add42c4fd556ea0333ec52e/transformed/profileinstaller-1.4.0-runtime.jar:/opt/gradle/.gradle/caches/modules-2/files-2.1/androidx.concurrent/concurrent-futures/1.2.0/6a1dfd69226e148898410721f4b14315343d1429/concurrent-futures-1.2.0.jar:/opt/gradle/.gradle/caches/modules-2/files-2.1/androidx.concurrent/concurrent-futures-ktx/1.2.0/13b49fdb58c74bdfb12eb131b5e22d6d09683e30/concurrent-futures-ktx-1.2.0.jar:/opt/gradle/.gradle/caches/modules-2/files-2.1/org.jetbrains.kotlinx/kotlinx-coroutines-core-jvm/1.10.2/4a9f78ef49483748e2c129f3d124b8fa249dafbf/kotlinx-coroutines-core-jvm-1.10.2.jar:/opt/gradle/.gradle/caches/modules-2/files-2.1/org.robolectric/robolectric/4.16.1/23d7214ddb0d3e430533cd94ae8df0deef81321c/robolectric-4.16.1.jar:/opt/gradle/.gradle/caches/9.3.1/transforms/b8cd95d843001e810cb682b92c47b0c4/transformed/core-splashscreen-1.0.1-runtime.jar:/opt/gradle/.gradle/caches/9.3.1/transforms/1a7690f0ec4d4acdc2e2102f6ea06fe7/transformed/storage-1.6.0-runtime.jar:/opt/gradle/.gradle/caches/modules-2/files-2.1/org.robolectric/shadows-framework/4.16.1/8de8daee97c18b7cb305df2155e09352c3f4784b/shadows-framework-4.16.1.jar:/opt/gradle/.gradle/caches/9.3.1/transforms/cf2f9582894a69b9536bf1a6c35b3c3c/transformed/monitor-1.8.0-runtime.jar:/opt/gradle/.gradle/caches/9.3.1/transforms/e18ff0c925bae4b59e6203490e498b8a/transformed/annotation-1.0.1-runtime.jar:/opt/gradle/.gradle/caches/9.3.1/transforms/7a34cafd3b318fca134e2d846926246a/transformed/annotation-experimental-1.4.1-runtime.jar:/opt/gradle/.gradle/caches/9.3.1/transforms/291b38d60ad9776225222a6be1b72112/transformed/core-viewtree-1.0.0-runtime.jar:/opt/gradle/.gradle/caches/9.3.1/transforms/7c698be184d5c5eaaea66ae7fb3a8334/transformed/sqlite-framework-release-runtime.jar:/opt/gradle/.gradle/caches/9.3.1/transforms/f415373077e6dd590bdd2ccd73f7f900/transformed/sqlite-release-runtime.jar:/opt/gradle/.gradle/caches/9.3.1/transforms/faf03027ccf3c95bb0c43a363c4423b7/transformed/versionedparcelable-1.1.1-runtime.jar:/opt/gradle/.gradle/caches/modules-2/files-2.1/androidx.collection/collection-ktx/1.5.0/27c78a926a16a1bf792b2285cf2834e8caae4a07/collection-ktx-1.5.0.jar:/opt/gradle/.gradle/caches/modules-2/files-2.1/androidx.collection/collection-jvm/1.5.0/7ba2c69414d46ebc2dd76598bdd0a75c54281a57/collection-jvm-1.5.0.jar:/opt/gradle/.gradle/caches/9.3.1/transforms/34b22bc95126e636933487e2542980cf/transformed/core-runtime-2.2.0-runtime.jar:/opt/gradle/.gradle/caches/modules-2/files-2.1/androidx.arch.core/core-common/2.2.0/5e1b8b81dfd5f52c56a8d53b18ca759c19a301f3/core-common-2.2.0.jar:/opt/gradle/.gradle/caches/9.3.1/transforms/9883f613c185b22751f66da553486d7f/transformed/startup-runtime-1.1.1-runtime.jar:/opt/gradle/.gradle/caches/9.3.1/transforms/b497117c4ea7fb9624b0e0af9ab597ca/transformed/tracing-1.2.0-runtime.jar:/opt/gradle/.gradle/caches/9.3.1/transforms/708737e11fc895f4168080ad16d55f8d/transformed/interpolator-1.0.0-runtime.jar:/opt/gradle/.gradle/caches/modules-2/files-2.1/androidx.annotation/annotation-jvm/1.9.1/b17951747e38bf3986a24431b9ba0d039958aa5f/annotation-jvm-1.9.1.jar:/opt/gradle/.gradle/caches/modules-2/files-2.1/org.jetbrains.kotlinx/kotlinx-serialization-core-jvm/1.6.3/6b6c17d0312ba7192893adea9d52959941d0119b/kotlinx-serialization-core-jvm-1.6.3.jar:/opt/gradle/.gradle/caches/modules-2/files-2.1/org.jetbrains.kotlinx/kotlinx-serialization-json-jvm/1.6.3/2241746853abf04073e3ab0dcd9e6729d363b313/kotlinx-serialization-json-jvm-1.6.3.jar:/opt/gradle/.gradle/caches/modules-2/files-2.1/org.jetbrains.kotlin/kotlin-parcelize-runtime/1.9.22/de4a21d6560cadd035c69ba3af3ad1afecc95299/kotlin-parcelize-runtime-1.9.22.jar:/opt/gradle/.gradle/caches/modules-2/files-2.1/com.squareup.okio/okio-jvm/3.4.0/4e8bd78a52ab935ce383d0092646922154295e54/okio-jvm-3.4.0.jar:/opt/gradle/.gradle/caches/modules-2/files-2.1/org.jetbrains.kotlin/kotlin-stdlib-jdk8/1.8.0/ed04f49e186a116753ad70d34f0ac2925d1d8020/kotlin-stdlib-jdk8-1.8.0.jar:/opt/gradle/.gradle/caches/modules-2/files-2.1/org.jetbrains.kotlin/kotlin-android-extensions-runtime/1.9.22/ee3bc0c3b55cb516ac92d6a093e1b939166b86a2/kotlin-android-extensions-runtime-1.9.22.jar:/opt/gradle/.gradle/caches/modules-2/files-2.1/org.jetbrains.kotlin/kotlin-stdlib-jdk7/1.8.0/3c91271347f678c239607abb676d4032a7898427/kotlin-stdlib-jdk7-1.8.0.jar:/opt/gradle/.gradle/caches/modules-2/files-2.1/org.jetbrains.kotlin/kotlin-stdlib/2.2.10/30de6faa127a4a012db8e71bf1b9c0a99b1402b2/kotlin-stdlib-2.2.10.jar:/opt/gradle/.gradle/caches/modules-2/files-2.1/com.google.code.gson/gson/2.10.1/b3add478d4382b78ea20b1671390a858002feb6c/gson-2.10.1.jar:/opt/gradle/.gradle/caches/modules-2/files-2.1/org.robolectric/junit/4.16.1/bf78ceb93a1ce6540d17c96667c718f6eb6b02a8/junit-4.16.1.jar:/opt/gradle/.gradle/caches/modules-2/files-2.1/org.robolectric/resources/4.16.1/63f17dcabdc665a4c6526065a6988ad91ce94a2e/resources-4.16.1.jar:/opt/gradle/.gradle/caches/modules-2/files-2.1/org.robolectric/sandbox/4.16.1/f07a594df898ddeff90f8ad1afbd2dc87d4adf57/sandbox-4.16.1.jar:/opt/gradle/.gradle/caches/modules-2/files-2.1/org.robolectric/utils-reflector/4.16.1/6981e76db63d2871ea686af2ebf93f8ec25377c/utils-reflector-4.16.1.jar:/opt/gradle/.gradle/caches/modules-2/files-2.1/org.robolectric/plugins-maven-dependency-resolver/4.16.1/35dcd628ea6a41f75583c7f4a0e3319b8568a03/plugins-maven-dependency-resolver-4.16.1.jar:/opt/gradle/.gradle/caches/modules-2/files-2.1/org.robolectric/nativeruntime/4.16.1/b3f40e562aec27ed2db7390ff4e34b57fab4bd32/nativeruntime-4.16.1.jar:/opt/gradle/.gradle/caches/modules-2/files-2.1/org.robolectric/shadowapi/4.16.1/67bd325ef7690b7afc58412bb8d412e0dec544dc/shadowapi-4.16.1.jar:/opt/gradle/.gradle/caches/modules-2/files-2.1/org.robolectric/utils/4.16.1/a1161904b408aae53d895b4cd5d0238cc1f0583c/utils-4.16.1.jar:/opt/gradle/.gradle/caches/modules-2/files-2.1/org.robolectric/pluginapi/4.16.1/c19231c5af0a4db96cf0f137f80ec7b598e1d4bc/pluginapi-4.16.1.jar:/opt/gradle/.gradle/caches/modules-2/files-2.1/com.google.errorprone/error_prone_annotation/2.41.0/e83c3036b7cd2eb35f713c73a743d85fecc487bf/error_prone_annotation-2.41.0.jar:/opt/gradle/.gradle/caches/modules-2/files-2.1/com.google.guava/guava/33.4.8-jre/cb7510a733595f02fe633ffff62d40cfc3056e9/guava-33.4.8-android.jar:/opt/gradle/.gradle/caches/modules-2/files-2.1/com.google.guava/listenablefuture/9999.0-empty-to-avoid-conflict-with-guava/b421526c5f297295adef1c886e5246c39d4ac629/listenablefuture-9999.0-empty-to-avoid-conflict-with-guava.jar:/opt/gradle/.gradle/caches/modules-2/files-2.1/org.hamcrest/hamcrest-integration/1.3/5de0c73fef18917cd85d0ab70bb23818685e4dfd/hamcrest-integration-1.3.jar:/opt/gradle/.gradle/caches/modules-2/files-2.1/org.hamcrest/hamcrest-library/1.3/4785a3c21320980282f9f33d0d1264a69040538f/hamcrest-library-1.3.jar:/opt/gradle/.gradle/caches/modules-2/files-2.1/org.hamcrest/hamcrest-core/1.3/42a25dc3219429f0e5d060061f71acb49bf010a0/hamcrest-core-1.3.jar:/opt/gradle/.gradle/caches/modules-2/files-2.1/org.conscrypt/conscrypt-openjdk-uber/2.5.2/d858f142ea189c62771c505a6548d8606ac098fe/conscrypt-openjdk-uber-2.5.2.jar:/opt/gradle/.gradle/caches/modules-2/files-2.1/org.yaml/snakeyaml/2.4/e0666b825b796f85521f02360e77f4c92c5a7a07/snakeyaml-2.4.jar:/opt/gradle/.gradle/caches/9.3.1/transforms/e552d817aa411be6a47a75e5eae4ab0f/transformed/espresso-idling-resource-3.7.0-runtime.jar:/opt/gradle/.gradle/caches/modules-2/files-2.1/com.google.testparameterinjector/test-parameter-injector/1.18/5da02ca88c55bab58071a33e3f5fb6cfcf5df270/test-parameter-injector-1.18.jar:/opt/gradle/.gradle/caches/modules-2/files-2.1/org.robolectric/annotations/4.16.1/59e6be87a183b4bd397d5f2088531b0cdb8b1155/annotations-4.16.1.jar:/opt/gradle/.gradle/caches/modules-2/files-2.1/javax.inject/javax.inject/1/6975da39a7040257bd51d21a231b76c915872d38/javax.inject-1.jar:/opt/gradle/.gradle/caches/modules-2/files-2.1/javax.annotation/javax.annotation-api/1.3.2/934c04d3cfef185a8008e7bf34331b79730a9d43/javax.annotation-api-1.3.2.jar:/opt/gradle/.gradle/caches/modules-2/files-2.1/org.bouncycastle/bcprov-jdk18on/1.81/d17c094daef57dbd80af71687a475aa6df7cbe54/bcprov-jdk18on-1.81.jar:/opt/gradle/.gradle/caches/modules-2/files-2.1/org.jetbrains/annotations/23.0.0/8cc20c07506ec18e0834947b84a864bfc094484e/annotations-23.0.0.jar:/opt/gradle/.gradle/caches/modules-2/files-2.1/com.google.auto.value/auto-value-annotations/1.11.0/f0d047931d07cfbc6fa4079854f181ff62891d6f/auto-value-annotations-1.11.0.jar:/opt/gradle/.gradle/caches/modules-2/files-2.1/org.ow2.asm/asm-commons/9.8/36e4d212970388e5bd2c5180292012502df461bb/asm-commons-9.8.jar:/opt/gradle/.gradle/caches/modules-2/files-2.1/org.ow2.asm/asm-tree/9.8/18419ca5b77a2f81097c741e7872e6ab8d2f40d/asm-tree-9.8.jar:/opt/gradle/.gradle/caches/modules-2/files-2.1/org.ow2.asm/asm/9.8/dc19ecb3f7889b7860697215cae99c0f9b6f6b4b/asm-9.8.jar:/opt/gradle/.gradle/caches/modules-2/files-2.1/com.almworks.sqlite4java/sqlite4java/1.0.392/d6234e08ff4e1607ff5321da2579571f05ff778d/sqlite4java-1.0.392.jar:/opt/gradle/.gradle/caches/modules-2/files-2.1/com.ibm.icu/icu4j/77.1/38693cf0b1d7362a8b726af74dc06026a7c23809/icu4j-77.1.jar:/opt/gradle/.gradle/caches/modules-2/files-2.1/org.jspecify/jspecify/1.0.0/7425a601c1c7ec76645a78d22b8c6a627edee507/jspecify-1.0.0.jar:/opt/gradle/.gradle/caches/modules-2/files-2.1/com.google.guava/failureaccess/1.0.3/aeaffd00d57023a2c947393ed251f0354f0985fc/failureaccess-1.0.3.jar:/opt/gradle/.gradle/caches/modules-2/files-2.1/com.google.errorprone/error_prone_annotations/2.36.0/227d4d4957ccc3dc5761bd897e3a0ee587e750a7/error_prone_annotations-2.36.0.jar:/opt/gradle/.gradle/caches/modules-2/files-2.1/com.google.j2objc/j2objc-annotations/3.0.0/7399e65dd7e9ff3404f4535b2f017093bdb134c7/j2objc-annotations-3.0.0.jar:/opt/gradle/.gradle/caches/modules-2/files-2.1/org.robolectric/nativeruntime-dist-compat/1.0.18/a966cdb1df961a0df69acec8f98bb10d3ebf5f66/nativeruntime-dist-compat-1.0.18.jar:/opt/gradle/.gradle/caches/modules-2/files-2.1/com.squareup/javawriter/2.1.1/67ff45d9ae02e583d0f9b3432a5ebbe05c30c966/javawriter-2.1.1.jar:/opt/gradle/.gradle/caches/modules-2/files-2.1/com.google.code.findbugs/jsr305/2.0.2/516c03b21d50a644d538de0f0369c620989cd8f0/jsr305-2.0.2.jar:/app/applet/app/build/intermediates/java_res/debug/processDebugJavaRes/out:/opt/gradle/.gradle/caches/9.3.1/transforms/71ff749a2b64a04842073419ff4cbb06/transformed/navigation-common-2.8.9/jars/classes.jar:/opt/gradle/.gradle/caches/9.3.1/transforms/87a074cc4ba52401c71a401f43e8b34d/transformed/navigation-runtime-2.8.9/jars/classes.jar:/opt/gradle/.gradle/caches/9.3.1/transforms/cb3321def43239e5011285b33703cfb4/transformed/navigation-common-ktx-2.8.9/jars/classes.jar:/opt/gradle/.gradle/caches/9.3.1/transforms/69d918c59f924178a4f26a39181644b9/transformed/navigation-runtime-ktx-2.8.9/jars/classes.jar:/opt/gradle/.gradle/caches/9.3.1/transforms/a1e2f2832c4cf27499a65c1826a890a7/transformed/navigation-compose-2.8.9/jars/classes.jar:/opt/gradle/.gradle/caches/9.3.1/transforms/03880d2ce080d398510a95d57e01fad3/transformed/ui-test-junit4-release/jars/classes.jar:/opt/gradle/.gradle/caches/9.3.1/transforms/ddbc95e4e7a0959342d51e398632d327/transformed/activity-1.10.1/jars/classes.jar:/opt/gradle/.gradle/caches/9.3.1/transforms/d1714fce2f082650a6696920fd3caa91/transformed/activity-ktx-1.10.1/jars/classes.jar:/opt/gradle/.gradle/caches/9.3.1/transforms/e72ded074d8688b6c2661e805d946815/transformed/material3-release/jars/classes.jar:/opt/gradle/.gradle/caches/9.3.1/transforms/3589f07397b43467554d66ca9c945e5b/transformed/material-release/jars/classes.jar:/opt/gradle/.gradle/caches/9.3.1/transforms/d32d6c305375e36292da752cce890cb2/transformed/material-ripple/jars/classes.jar:/opt/gradle/.gradle/caches/9.3.1/transforms/3c119bc55c6e0fce5186121ecb0eba25/transformed/foundation-release/jars/classes.jar:/opt/gradle/.gradle/caches/9.3.1/transforms/2808e201b31ca15d0877e296198f6c96/transformed/foundation-layout-release/jars/classes.jar:/opt/gradle/.gradle/caches/9.3.1/transforms/0bacdd0ec00387375c7e5254dba8a258/transformed/animation-core-release/jars/classes.jar:/opt/gradle/.gradle/caches/9.3.1/transforms/0475eaf2995264ed5d4994507f9945be/transformed/animation/jars/classes.jar:/opt/gradle/.gradle/caches/9.3.1/transforms/1a450dfc1eda5560f92d8c04f1053348/transformed/ui-tooling-data/jars/classes.jar:/opt/gradle/.gradle/caches/9.3.1/transforms/ec3b63b344f3638a88d8817c7430dbe5/transformed/ui-test-release/jars/classes.jar:/opt/gradle/.gradle/caches/9.3.1/transforms/cd07fead45f50b3e00390df0c665689b/transformed/ui-unit-release/jars/classes.jar:/opt/gradle/.gradle/caches/9.3.1/transforms/74d75eaf3d205f08c9538b3323583d8c/transformed/ui-geometry/jars/classes.jar:/opt/gradle/.gradle/caches/9.3.1/transforms/e4a4ca94c5e6ad8dec96df5ec4bb9ae1/transformed/ui-util-release/jars/classes.jar:/opt/gradle/.gradle/caches/9.3.1/transforms/4ed0d413dacc9285d591ed6a595ffb3d/transformed/ui-text-release/jars/classes.jar:/opt/gradle/.gradle/caches/9.3.1/transforms/d3d162c0f3d9fdd2163e36e0d3d2d3a0/transformed/ui-tooling-preview/jars/classes.jar:/opt/gradle/.gradle/caches/9.3.1/transforms/1d9c33377f55fac1d2c860ee32050c5e/transformed/ui-graphics-release/jars/classes.jar:/opt/gradle/.gradle/caches/9.3.1/transforms/1bccbb604237aea6439acd6ac64f9974/transformed/ui-tooling-release/jars/classes.jar:/opt/gradle/.gradle/caches/9.3.1/transforms/326dc125eece3ab501ed6dc1843c95ea/transformed/activity-compose-1.10.1/jars/classes.jar:/opt/gradle/.gradle/caches/9.3.1/transforms/289c71becd429ca7184d8b9487fd62c0/transformed/work-runtime-ktx-2.9.1/jars/classes.jar:/opt/gradle/.gradle/caches/9.3.1/transforms/7bd15220579f6fcc9e77fe2006e6315e/transformed/work-runtime-2.9.1/jars/classes.jar:/opt/gradle/.gradle/caches/9.3.1/transforms/6a4ec91945314e5eb81ac0042d2b839f/transformed/customview-poolingcontainer-1.0.0/jars/classes.jar:/opt/gradle/.gradle/caches/9.3.1/transforms/a43909252a3af89520556ad2f2f34f80/transformed/core-ktx-1.18.0/jars/classes.jar:/opt/gradle/.gradle/caches/9.3.1/transforms/2975ad87d8b15ba608b213da5b85766d/transformed/autofill-1.0.0/jars/classes.jar:/opt/gradle/.gradle/caches/9.3.1/transforms/bbc7d8244b90058a029de9aa58bcf6dc/transformed/graphics-path-1.0.1/jars/classes.jar:/opt/gradle/.gradle/caches/9.3.1/transforms/ee095149f9b7e62f319056a2b3ab5d8f/transformed/emoji2-1.4.0/jars/classes.jar:/opt/gradle/.gradle/caches/9.3.1/transforms/ee095149f9b7e62f319056a2b3ab5d8f/transformed/emoji2-1.4.0/jars/libs/repackaged.jar:/opt/gradle/.gradle/caches/9.3.1/transforms/f7e16338296c22a062a66d37291d7e60/transformed/core-1.18.0/jars/classes.jar:/opt/gradle/.gradle/caches/9.3.1/transforms/7a16f680cf913ec018cf110d925e49ab/transformed/junit-1.3.0/jars/classes.jar:/opt/gradle/.gradle/caches/9.3.1/transforms/26f2ae3f2380ef2267be60e658d38883/transformed/espresso-core-3.5.0/jars/classes.jar:/opt/gradle/.gradle/caches/9.3.1/transforms/8bb98aa0f1482c3560d4ec8e95d5d6ba/transformed/core-1.7.0/jars/classes.jar:/opt/gradle/.gradle/caches/9.3.1/transforms/810be5318efc6188636258d952da6fc2/transformed/savedstate-ktx-1.2.1/jars/classes.jar:/opt/gradle/.gradle/caches/9.3.1/transforms/bf1bc3c5a3f38b239c994270df7d8795/transformed/savedstate-1.2.1/jars/classes.jar:/opt/gradle/.gradle/caches/9.3.1/transforms/c22b97e9332a7bea7d35a670c0aa3e99/transformed/lifecycle-process-2.8.7/jars/classes.jar:/opt/gradle/.gradle/caches/9.3.1/transforms/acc4ad0f0f384b81eb38610040d63358/transformed/lifecycle-livedata-core-ktx-2.8.7/jars/classes.jar:/opt/gradle/.gradle/caches/9.3.1/transforms/61f9827be9ffddda40be969bf18ecfb3/transformed/lifecycle-livedata-core-2.8.7/jars/classes.jar:/opt/gradle/.gradle/caches/9.3.1/transforms/2085fc73124fd1ddc05d7dcc31f32337/transformed/lifecycle-viewmodel-release/jars/classes.jar:/opt/gradle/.gradle/caches/9.3.1/transforms/69fa35c1bc6674db7765fed2d36b30fc/transformed/lifecycle-runtime-release/jars/classes.jar:/opt/gradle/.gradle/caches/9.3.1/transforms/b25d08c3d651739322ca72520e771a73/transformed/lifecycle-service-2.8.7/jars/classes.jar:/opt/gradle/.gradle/caches/9.3.1/transforms/e947dfa8d5c3e23bea11d75fa4443cab/transformed/lifecycle-livedata-2.8.7/jars/classes.jar:/opt/gradle/.gradle/caches/9.3.1/transforms/a9c652e33052a32a82612a5ec125e6c4/transformed/lifecycle-viewmodel-savedstate-2.8.7/jars/classes.jar:/opt/gradle/.gradle/caches/9.3.1/transforms/4f3b18eb0a67c62b413fecc40d2c37e7/transformed/lifecycle-viewmodel-ktx-2.8.7/jars/classes.jar:/opt/gradle/.gradle/caches/9.3.1/transforms/d791feaf506057d0e78d388f0d04f296/transformed/lifecycle-runtime-ktx-release/jars/classes.jar:/opt/gradle/.gradle/caches/9.3.1/transforms/31641c6acd04662fc76173a94829481c/transformed/lifecycle-runtime-compose-release/jars/classes.jar:/opt/gradle/.gradle/caches/9.3.1/transforms/26f08c5e4826411565fd6dd4d383ba23/transformed/lifecycle-viewmodel-compose-release/jars/classes.jar:/opt/gradle/.gradle/caches/9.3.1/transforms/6a00bded64a52736ac6f5f7e02f3ac9e/transformed/material-icons-extended-release/jars/classes.jar:/opt/gradle/.gradle/caches/9.3.1/transforms/acd41c4634c2a499ad9f1ceac809da97/transformed/material-icons-core-release/jars/classes.jar:/opt/gradle/.gradle/caches/9.3.1/transforms/222517fd5f0c7848bede820440d4999b/transformed/ui-release/jars/classes.jar:/opt/gradle/.gradle/caches/9.3.1/transforms/e1e00e9caa5ab76602491541c221421c/transformed/ui-test-manifest-1.8.0/jars/classes.jar:/opt/gradle/.gradle/caches/9.3.1/transforms/d3448b9a83bad0f7135c35c31f045df6/transformed/room-runtime-release/jars/classes.jar:/opt/gradle/.gradle/caches/9.3.1/transforms/188784849c55d38f4e01917be573830c/transformed/room-ktx-2.7.0/jars/classes.jar:/opt/gradle/.gradle/caches/9.3.1/transforms/198518b24b9169eb2f5847628021d405/transformed/room-testing-release/jars/classes.jar:/opt/gradle/.gradle/caches/9.3.1/transforms/b3419d62713df5234599574b398cc5a4/transformed/runner-1.5.0/jars/classes.jar:/opt/gradle/.gradle/caches/9.3.1/transforms/bffa93a411a932a7c84ef47a4a049c77/transformed/runtime-saveable-release/jars/classes.jar:/opt/gradle/.gradle/caches/9.3.1/transforms/e5fb266836f640a4cdf200b0fbff21ed/transformed/runtime-release/jars/classes.jar:/opt/gradle/.gradle/caches/9.3.1/transforms/30862e71869d146ae6330576c68a1ed7/transformed/datastore-core-release/jars/classes.jar:/opt/gradle/.gradle/caches/9.3.1/transforms/c0b6a29749b9c842ec351895f3872ba3/transformed/datastore-preferences-core-release/jars/classes.jar:/opt/gradle/.gradle/caches/9.3.1/transforms/97d7491d6905f47bc437888e1b9a2e80/transformed/datastore-release/jars/classes.jar:/opt/gradle/.gradle/caches/9.3.1/transforms/f0072fe32f82a6415fdf169e0602ca18/transformed/datastore-preferences-release/jars/classes.jar:/opt/gradle/.gradle/caches/9.3.1/transforms/ffd573f6f431c7e942b5388a56105c37/transformed/profileinstaller-1.4.0/jars/classes.jar:/opt/gradle/.gradle/caches/9.3.1/transforms/1db71360c9d6d0a8bf374b937d6b1e02/transformed/core-splashscreen-1.0.1/jars/classes.jar:/opt/gradle/.gradle/caches/9.3.1/transforms/bd627f14b32a9cdefe2c91890e118261/transformed/storage-1.6.0/jars/classes.jar:/opt/gradle/.gradle/caches/9.3.1/transforms/035924ce91a0d6608851fac437b860cd/transformed/monitor-1.8.0/jars/classes.jar:/opt/gradle/.gradle/caches/9.3.1/transforms/adc93ab3c431374a196c951785bfb437/transformed/annotation-1.0.1/jars/classes.jar:/opt/gradle/.gradle/caches/9.3.1/transforms/8d6f2525b5e072f07355d65fe1cb71a0/transformed/annotation-experimental-1.4.1/jars/classes.jar:/opt/gradle/.gradle/caches/9.3.1/transforms/df83f9434f938f51c78f1b84ab0c4f92/transformed/core-viewtree-1.0.0/jars/classes.jar:/opt/gradle/.gradle/caches/9.3.1/transforms/4754710214d1f3b57b22d9e1f91c3e63/transformed/sqlite-framework-release/jars/classes.jar:/opt/gradle/.gradle/caches/9.3.1/transforms/f5d4111b938e056c789c01cc512fa88c/transformed/sqlite-release/jars/classes.jar:/opt/gradle/.gradle/caches/9.3.1/transforms/5b6bc49e7508ac40cf52787bec29e6e2/transformed/versionedparcelable-1.1.1/jars/classes.jar:/opt/gradle/.gradle/caches/9.3.1/transforms/08bf7980a0fe2c1bb268b133a9bf8f1a/transformed/core-runtime-2.2.0/jars/classes.jar:/opt/gradle/.gradle/caches/9.3.1/transforms/310ec112483bd6a978f8deda56bf75dd/transformed/startup-runtime-1.1.1/jars/classes.jar:/opt/gradle/.gradle/caches/9.3.1/transforms/db8ddf01392cf74b8aca6afc8cb81d53/transformed/tracing-1.2.0/jars/classes.jar:/opt/gradle/.gradle/caches/9.3.1/transforms/84cb9e6f8205bcf43ab28d95b41eeed0/transformed/interpolator-1.0.0/jars/classes.jar:/opt/gradle/.gradle/caches/9.3.1/transforms/1b4e25537854fd63006ac45e7de3ad41/transformed/espresso-idling-resource-3.7.0/jars/classes.jar:/app/applet/app/build/intermediates/compile_and_runtime_r_class_jar/debug/processDebugResources/R.jar:/opt/gradle/.gradle/caches/9.3.1/transforms/73201a155b2982baab319033152919cf/transformed/android.jar
Launcher Type: SUN_STANDARD

[Global flags]
     intx CICompilerCount                          = 3                                         {product} {ergonomic}
     uint ConcGCThreads                            = 1                                         {product} {ergonomic}
     uint G1ConcRefinementThreads                  = 4                                         {product} {ergonomic}
   size_t G1HeapRegionSize                         = 1048576                                   {product} {ergonomic}
    uintx GCDrainStackTargetSize                   = 64                                        {product} {ergonomic}
   size_t InitialHeapSize                          = 201326592                                 {product} {ergonomic}
   size_t MarkStackSize                            = 4194304                                   {product} {ergonomic}
   size_t MaxHeapSize                              = 536870912                                 {product} {command line}
   size_t MaxNewSize                               = 321912832                                 {product} {ergonomic}
   size_t MinHeapDeltaBytes                        = 1048576                                   {product} {ergonomic}
   size_t MinHeapSize                              = 8388608                                   {product} {ergonomic}
    uintx NonNMethodCodeHeapSize                   = 5832780                                {pd product} {ergonomic}
    uintx NonProfiledCodeHeapSize                  = 122912730                              {pd product} {ergonomic}
    uintx ProfiledCodeHeapSize                     = 122912730                              {pd product} {ergonomic}
    uintx ReservedCodeCacheSize                    = 251658240                              {pd product} {ergonomic}
     bool SegmentedCodeCache                       = true                                      {product} {ergonomic}
   size_t SoftMaxHeapSize                          = 536870912                              {manageable} {ergonomic}
     bool UseCompressedOops                        = true                           {product lp64_product} {ergonomic}
     bool UseG1GC                                  = true                                      {product} {ergonomic}

Logging:
Log output configuration:
 #0: stdout all=warning uptime,level,tags foldmultilines=false
 #1: stderr all=off uptime,level,tags foldmultilines=false

Release file:
IMPLEMENTOR="Eclipse Adoptium"
IMPLEMENTOR_VERSION="Temurin-21.0.12+8"
JAVA_RUNTIME_VERSION="21.0.12+8-LTS"
JAVA_VERSION="21.0.12"
JAVA_VERSION_DATE="2026-07-21"
LIBC="gnu"
MODULES="java.base java.compiler java.datatransfer java.xml java.prefs java.desktop java.instrument java.logging java.management java.security.sasl java.naming java.rmi java.management.rmi java.net.http java.scripting java.security.jgss java.transaction.xa java.sql java.sql.rowset java.xml.crypto java.se java.smartcardio jdk.accessibility jdk.internal.jvmstat jdk.attach jdk.charsets jdk.internal.opt jdk.zipfs jdk.compiler jdk.crypto.ec jdk.crypto.cryptoki jdk.dynalink jdk.internal.ed jdk.editpad jdk.hotspot.agent jdk.httpserver jdk.incubator.vector jdk.internal.le jdk.internal.vm.ci jdk.internal.vm.compiler jdk.internal.vm.compiler.management jdk.jartool jdk.javadoc jdk.jcmd jdk.management jdk.management.agent jdk.jconsole jdk.jdeps jdk.jdwp.agent jdk.jdi jdk.jfr jdk.jlink jdk.jpackage jdk.jshell jdk.jsobject jdk.jstatd jdk.localedata jdk.management.jfr jdk.naming.dns jdk.naming.rmi jdk.net jdk.nio.mapmode jdk.random jdk.sctp jdk.security.auth jdk.security.jgss jdk.unsupported jdk.unsupported.desktop jdk.xml.dom"
OS_ARCH="x86_64"
OS_NAME="Linux"
SOURCE=".:git:04806bcb1d50"
BUILD_SOURCE="git:e6ba7dec3d07654074559310376a3ae89da5f4ac"
BUILD_SOURCE_REPO="https://github.com/adoptium/temurin-build.git"
SOURCE_REPO="https://github.com/adoptium/jdk21u.git"
FULL_VERSION="21.0.12+8-LTS"
SEMANTIC_VERSION="21.0.12+8"
BUILD_INFO="OS: Linux Version: 6.8.0-1062-azure"
JVM_VARIANT="Hotspot"
JVM_VERSION="21.0.12+8-LTS"
IMAGE_TYPE="JDK"

Environment Variables:
PATH=/usr/local/sbin:/usr/local/bin:/usr/sbin:/usr/bin:/sbin:/bin:/opt/android/sdk/cmdline-tools/latest/bin:/opt/android/sdk/platform-tools:/opt/gradle/gradle-9.3.1/bin:/usr/local/sbin:/usr/local/bin:/usr/sbin:/usr/bin:/sbin:/bin
LANG=en_US.UTF-8
LC_ALL=en_US.UTF-8

Active Locale:
LC_ALL=LC_CTYPE=en_US.UTF-8;LC_NUMERIC=C;LC_TIME=en_US.UTF-8;LC_COLLATE=en_US.UTF-8;LC_MONETARY=en_US.UTF-8;LC_MESSAGES=en_US.UTF-8;LC_PAPER=en_US.UTF-8;LC_NAME=en_US.UTF-8;LC_ADDRESS=en_US.UTF-8;LC_TELEPHONE=en_US.UTF-8;LC_MEASUREMENT=en_US.UTF-8;LC_IDENTIFICATION=en_US.UTF-8
LC_COLLATE=en_US.UTF-8
LC_CTYPE=en_US.UTF-8
LC_MESSAGES=en_US.UTF-8
LC_MONETARY=en_US.UTF-8
LC_NUMERIC=C
LC_TIME=en_US.UTF-8

Signal Handlers:
   SIGSEGV: crash_handler in libjvm.so, mask=11100100010111111101111111111110, flags=SA_RESTART|SA_SIGINFO, unblocked
    SIGBUS: crash_handler in libjvm.so, mask=11100100010111111101111111111110, flags=SA_RESTART|SA_SIGINFO, unblocked
    SIGFPE: crash_handler in libjvm.so, mask=11100100010111111101111111111110, flags=SA_RESTART|SA_SIGINFO, unblocked
   SIGPIPE: javaSignalHandler in libjvm.so, mask=11100100010111111101111111111110, flags=SA_RESTART|SA_SIGINFO, blocked
   SIGXFSZ: javaSignalHandler in libjvm.so, mask=11100100010111111101111111111110, flags=SA_RESTART|SA_SIGINFO, blocked
    SIGILL: crash_handler in libjvm.so, mask=11100100010111111101111111111110, flags=SA_RESTART|SA_SIGINFO, unblocked
   SIGUSR2: SR_handler in libjvm.so, mask=00000000000000000000000000000000, flags=SA_RESTART|SA_SIGINFO, blocked
    SIGHUP: UserHandler in libjvm.so, mask=11100100010111111101111111111110, flags=SA_RESTART|SA_SIGINFO, blocked
    SIGINT: UserHandler in libjvm.so, mask=11100100010111111101111111111110, flags=SA_RESTART|SA_SIGINFO, blocked
   SIGTERM: UserHandler in libjvm.so, mask=11100100010111111101111111111110, flags=SA_RESTART|SA_SIGINFO, blocked
   SIGQUIT: UserHandler in libjvm.so, mask=11100100010111111101111111111110, flags=SA_RESTART|SA_SIGINFO, blocked
   SIGTRAP: crash_handler in libjvm.so, mask=11100100010111111101111111111110, flags=SA_RESTART|SA_SIGINFO, unblocked


Periodic native trim disabled

---------------  S Y S T E M  ---------------

OS:
DISTRIB_ID=Ubuntu
DISTRIB_RELEASE=22.04
DISTRIB_CODENAME=jammy
DISTRIB_DESCRIPTION="Ubuntu 22.04.5 LTS"
uname: Linux 4.19.0-gvisor #1 SMP Sun Jan 10 15:06:54 PST 2016 x86_64
OS uptime: 0 days 0:57 hours
libc: glibc 2.36 NPTL 2.36 
rlimit (soft/hard): STACK 8192k/infinity , CORE 0k/infinity , NPROC 1048576/536870911 , NOFILE 25000/25000 , AS infinity/infinity , CPU infinity/infinity , DATA infinity/infinity , FSIZE infinity/infinity , MEMLOCK infinity/infinity
load average: 0.00 0.00 0.00

/proc/meminfo:
MemTotal:       12582912 kB
MemFree:         5190052 kB
MemAvailable:    5190052 kB
Buffers:               0 kB
Cached:          2035764 kB
SwapCache:             0 kB
Active:          7116580 kB
Inactive:         276268 kB
Active(anon):    6840312 kB
Inactive(anon):        0 kB
Active(file):     276268 kB
Inactive(file):   276268 kB
Unevictable:           0 kB
Mlocked:               0 kB
SwapTotal:             0 kB
SwapFree:              0 kB
Dirty:                 0 kB
Writeback:             0 kB
AnonPages:       6840312 kB
Mapped:           552536 kB
Shmem:           1483228 kB

/sys/kernel/mm/transparent_hugepage/enabled: <Not Available>
/sys/kernel/mm/transparent_hugepage/hpage_pmd_size: <Not Available>
/sys/kernel/mm/transparent_hugepage/defrag (defrag/compaction efforts parameter): <Not Available>

Process Memory:
Virtual Size: 4253560K (peak: -1K)
Resident Set Size: 508912K (peak: -1K)
C-Heap outstanding allocations: 93247K, retained: 35460K
glibc malloc tunables: (default)

/proc/sys/kernel/threads-max (system-wide limit on the number of threads): <Not Available>
/proc/sys/vm/max_map_count (maximum number of memory map areas a process may have): 2147483647
/proc/sys/vm/swappiness (control to define how aggressively the kernel swaps out anonymous memory): <Not Available>
/proc/sys/kernel/pid_max (system-wide limit on number of process identifiers): 65536

container information not found.
Steal ticks since vm start: 0
Steal ticks percentage since vm start:  0.000

CPU: total 4 (initial active 4) (64 cores per cpu, 2 threads per core) family 6 model 106 stepping 6 microcode 0x0, cx8, cmov, fxsr, ht, mmx, 3dnowpref, sse, sse2, sse3, ssse3, sse4.1, sse4.2, popcnt, lzcnt, tsc, avx, avx2, aes, erms, clmul, bmi1, bmi2, rtm, adx, avx512f, avx512dq, avx512cd, avx512bw, avx512vl, sha, fma, vzeroupper, avx512_vpopcntdq, avx512_vpclmulqdq, avx512_vaes, avx512_vnni, clflush, clflushopt, clwb, avx512_vbmi2, avx512_vbmi, rdtscp, rdpid, fsrm, gfni, avx512_bitalg, f16c, pku, ospke, avx512_ifma
CPU Model and flags from /proc/cpuinfo:
model name	: unknown
flags		: fpu vme de pse tsc msr pae mce cx8 apic sep mtrr pge mca cmov pat pse36 clflush dts acpi mmx fxsr sse sse2 ss ht tm pbe syscall nx pdpe1gb rdtscp lm pni pclmulqdq dtes64 monitor ds_cpl vmx smx est tm2 ssse3 sdbg fma cx16 xtpr pdcm pcid dca sse4_1 sse4_2 x2apic movbe popcnt tsc_deadline_timer aes xsave avx f16c rdrand lahf_lm abm 3dnowprefetch fsgsbase tsc_adjust bmi1 hle avx2 smep bmi2 erms invpcid rtm cqm rdt_a avx512f avx512dq rdseed adx smap clwb avx512cd sha_ni avx512bw avx512vl xsaveopt xsavec xgetbv1 xsaves avx512vbmi umip pku ospke avx512_vbmi2 gfni vaes vpclmulqdq avx512_vnni avx512_bitalg tme avx512_vpopcntdq la57 rdpid fsrm md_clear pconfig flush_l1d arch_capabilities

Online cpus: 0-3
Offline cpus: <Not Available>
BIOS frequency limitation: <Not Available>
Frequency switch latency (ns): <Not Available>
Available cpu frequencies: <Not Available>
Current governor: <Not Available>
Core performance/turbo boost: <Not Available>

Memory: 4k page, physical 12582912k(5190052k free), swap 0k(0k free)
Page Sizes: 4k

vm_info: OpenJDK 64-Bit Server VM (21.0.12+8-LTS) for linux-amd64 JRE (21.0.12+8-LTS), built on 2026-07-21T00:00:00Z by "admin" with gcc 11.3.0

END.
