#
# A fatal error has been detected by the Java Runtime Environment:
#
#  SIGSEGV (0xb) at pc=0x00007f769a73f1d1, pid=2230, tid=2296
#
# JRE version: OpenJDK Runtime Environment Temurin-21.0.12+8 (21.0.12+8) (build 21.0.12+8-LTS)
# Java VM: OpenJDK 64-Bit Server VM Temurin-21.0.12+8 (21.0.12+8-LTS, mixed mode, sharing, tiered, compressed oops, compressed class ptrs, g1 gc, linux-amd64)
# Problematic frame:
# C  [librobolectric-nativeruntime.so+0x43f1d1]  android::nativePrepareStatement(_JNIEnv*, _jclass*, long, _jstring*)+0x51
#
# Core dump will be written. Default location: core.2230 (may not exist)
#
# If you would like to submit a bug report, please visit:
#   https://github.com/adoptium/adoptium-support/issues
# The crash happened outside the Java Virtual Machine in native code.
# See problematic frame for where to report the bug.
#

---------------  S U M M A R Y ------------

Command Line: -Djava.awt.headless=true -Djava.library.path=/usr/java/packages/lib:/usr/lib64:/lib64:/lib:/usr/lib:/app/applet/app/src/testDebug/jniLibs:/app/applet/app/src/test/jniLibs -Dorg.gradle.internal.worker.tmpdir=/app/applet/app/build/tmp/testDebugUnitTest/work --add-opens=java.base/java.io=ALL-UNNAMED -Xmx512m -Dfile.encoding=UTF-8 -Duser.country=US -Duser.language=en -Duser.variant -ea worker.org.gradle.process.internal.worker.GradleWorkerMain 'Gradle Test Executor 8'

Host: unknown, 4 cores, 12G, Ubuntu 22.04.5 LTS
Time: Thu Aug 27 20:33:24 2026 UTC elapsed time: 9.130037 seconds (0d 0h 0m 9s)

---------------  T H R E A D  ---------------

Current thread (0x00007f76e0001550):  JavaThread "WM.task-16" daemon [_thread_in_native, id=2296, stack(0x00007f76ed3e6000,0x00007f76ed4e6000) (1024K)]

Stack: [0x00007f76ed3e6000,0x00007f76ed4e6000],  sp=0x00007f76ed4e2470,  free space=1009k
Native frames: (J=compiled Java code, j=interpreted, Vv=VM code, C=native code)
C  [librobolectric-nativeruntime.so+0x43f1d1]  android::nativePrepareStatement(_JNIEnv*, _jclass*, long, _jstring*)+0x51
j  org.robolectric.shadows.ShadowNativeSQLiteConnection.lambda$nativePrepareStatement$2(JLjava/lang/String;)Ljava/lang/Long;+2
j  org.robolectric.shadows.ShadowNativeSQLiteConnection$$Lambda+0x00007f76a08efa70.get()Ljava/lang/Object;+8
J 5235 c2 org.robolectric.util.PerfStatsCollector.measure(Ljava/lang/String;Lorg/robolectric/util/PerfStatsCollector$ThrowingSupplier;)Ljava/lang/Object; (44 bytes) @ 0x00007f77045f8424 [0x00007f77045f8340+0x00000000000000e4]
j  org.robolectric.shadows.ShadowNativeSQLiteConnection.nativePrepareStatement(JLjava/lang/String;)J+12
J 2215 c1 java.lang.invoke.DirectMethodHandle$Holder.invokeStatic(Ljava/lang/Object;JLjava/lang/Object;)J java.base@21.0.12 (17 bytes) @ 0x00007f76fcc0117c [0x00007f76fcc00de0+0x000000000000039c]
J 6917 c1 java.lang.invoke.LambdaForm$MH+0x00007f76a03d4800.guardWithCatch(Ljava/lang/Object;JLjava/lang/Object;)J java.base@21.0.12 (77 bytes) @ 0x00007f76fd30415c [0x00007f76fd303e20+0x000000000000033c]
j  java.lang.invoke.LambdaForm$MH+0x00007f76a03d5800.reinvoke(Ljava/lang/Object;JLjava/lang/Object;)J+22 java.base@21.0.12
J 6452 c1 java.lang.invoke.LambdaForm$MH+0x00007f76a03d5c00.guard(Ljava/lang/Object;JLjava/lang/Object;)J java.base@21.0.12 (100 bytes) @ 0x00007f76fd2260dc [0x00007f76fd225a40+0x000000000000069c]
j  java.lang.invoke.LambdaForm$MH+0x00007f76a03d5400.invoke(Ljava/lang/Object;JLjava/lang/Object;)J+52 java.base@21.0.12
j  java.lang.invoke.LambdaForm$MH+0x00007f76a03d5800.reinvoke(Ljava/lang/Object;JLjava/lang/Object;)J+22 java.base@21.0.12
J 6975 c1 android.database.sqlite.SQLiteConnection.$$robo$$android_database_sqlite_SQLiteConnection$acquirePreparedStatement(Ljava/lang/String;)Landroid/database/sqlite/SQLiteConnection$PreparedStatement; (169 bytes) @ 0x00007f76fd34732c [0x00007f76fd345920+0x0000000000001a0c]
J 5227 c2 java.lang.invoke.DirectMethodHandle$Holder.invokeSpecial(Ljava/lang/Object;Ljava/lang/Object;Ljava/lang/Object;)Ljava/lang/Object; java.base@21.0.12 (15 bytes) @ 0x00007f77045e67f4 [0x00007f77045e67a0+0x0000000000000054]
J 4300 c1 java.lang.invoke.LambdaForm$MH+0x00007f76a022d800.guardWithCatch(Ljava/lang/Object;Ljava/lang/Object;Ljava/lang/Object;)Ljava/lang/Object; java.base@21.0.12 (75 bytes) @ 0x00007f76fc83339c [0x00007f76fc832fa0+0x00000000000003fc]
J 4379 c1 java.lang.invoke.LambdaForm$MH+0x00007f76a022e000.reinvoke(Ljava/lang/Object;Ljava/lang/Object;Ljava/lang/Object;)Ljava/lang/Object; java.base@21.0.12 (24 bytes) @ 0x00007f76fc865f34 [0x00007f76fc865a80+0x00000000000004b4]
J 7080 c2 java.lang.invoke.LambdaForm$MH+0x00007f76a022e400.guard(Ljava/lang/Object;Ljava/lang/Object;Ljava/lang/Object;)Ljava/lang/Object; java.base@21.0.12 (98 bytes) @ 0x00007f77045471e4 [0x00007f7704547100+0x00000000000000e4]
j  java.lang.invoke.LambdaForm$MH+0x00007f76a022dc00.invoke(Ljava/lang/Object;Ljava/lang/Object;Ljava/lang/Object;)Ljava/lang/Object;+50 java.base@21.0.12
J 4379 c1 java.lang.invoke.LambdaForm$MH+0x00007f76a022e000.reinvoke(Ljava/lang/Object;Ljava/lang/Object;Ljava/lang/Object;)Ljava/lang/Object; java.base@21.0.12 (24 bytes) @ 0x00007f76fc865f34 [0x00007f76fc865a80+0x00000000000004b4]
J 7454 c1 android.database.sqlite.SQLiteConnection.$$robo$$android_database_sqlite_SQLiteConnection$prepare(Ljava/lang/String;Landroid/database/sqlite/SQLiteStatementInfo;)V (192 bytes) @ 0x00007f76fd560eac [0x00007f76fd55f820+0x000000000000168c]
J 4236 c1 java.lang.invoke.DirectMethodHandle$Holder.invokeSpecial(Ljava/lang/Object;Ljava/lang/Object;Ljava/lang/Object;Ljava/lang/Object;)V java.base@21.0.12 (18 bytes) @ 0x00007f76fc95354c [0x00007f76fc953160+0x00000000000003ec]
J 7808 c2 java.lang.invoke.LambdaForm$MH+0x00007f76a0212400.guardWithCatch(Ljava/lang/Object;Ljava/lang/Object;Ljava/lang/Object;Ljava/lang/Object;)V java.base@21.0.12 (79 bytes) @ 0x00007f770473da60 [0x00007f770473d9e0+0x0000000000000080]
J 4120 c1 java.lang.invoke.LambdaForm$MH+0x00007f76a0213400.reinvoke(Ljava/lang/Object;Ljava/lang/Object;Ljava/lang/Object;Ljava/lang/Object;)V java.base@21.0.12 (27 bytes) @ 0x00007f76fc8a7d44 [0x00007f76fc8a7880+0x00000000000004c4]
J 3485 c1 java.lang.invoke.LambdaForm$MH+0x00007f76a0213800.guard(Ljava/lang/Object;Ljava/lang/Object;Ljava/lang/Object;Ljava/lang/Object;)V java.base@21.0.12 (103 bytes) @ 0x00007f76fce627ac [0x00007f76fce62040+0x000000000000076c]
j  java.lang.invoke.LambdaForm$MH+0x00007f76a0213000.invoke(Ljava/lang/Object;Ljava/lang/Object;Ljava/lang/Object;Ljava/lang/Object;)V+53 java.base@21.0.12
J 4120 c1 java.lang.invoke.LambdaForm$MH+0x00007f76a0213400.reinvoke(Ljava/lang/Object;Ljava/lang/Object;Ljava/lang/Object;Ljava/lang/Object;)V java.base@21.0.12 (27 bytes) @ 0x00007f76fc8a7d44 [0x00007f76fc8a7880+0x00000000000004c4]
J 7452 c1 android.database.sqlite.SQLiteSession.$$robo$$android_database_sqlite_SQLiteSession$prepare(Ljava/lang/String;ILandroid/os/CancellationSignal;Landroid/database/sqlite/SQLiteStatementInfo;)V (56 bytes) @ 0x00007f76fd558a44 [0x00007f76fd557220+0x0000000000001824]
J 7636 c1 android.database.sqlite.SQLiteSession.prepare(Ljava/lang/String;ILandroid/os/CancellationSignal;Landroid/database/sqlite/SQLiteStatementInfo;)V (12 bytes) @ 0x00007f76fd642674 [0x00007f76fd641b20+0x0000000000000b54]
J 7275 c1 android.database.sqlite.SQLiteProgram.$$robo$$android_database_sqlite_SQLiteProgram$__constructor__(Landroid/database/sqlite/SQLiteDatabase;Ljava/lang/String;[Ljava/lang/Object;Landroid/os/CancellationSignal;)V (245 bytes) @ 0x00007f76fd48296c [0x00007f76fd47ec80+0x0000000000003cec]
J 7274 c1 android.database.sqlite.SQLiteProgram.<init>(Landroid/database/sqlite/SQLiteDatabase;Ljava/lang/String;[Ljava/lang/Object;Landroid/os/CancellationSignal;)V (20 bytes) @ 0x00007f76fd47bb3c [0x00007f76fd47a300+0x000000000000183c]
J 7923 c1 android.database.sqlite.SQLiteQuery.<init>(Landroid/database/sqlite/SQLiteDatabase;Ljava/lang/String;Landroid/os/CancellationSignal;)V (22 bytes) @ 0x00007f76fd7a1384 [0x00007f76fd7a12c0+0x00000000000000c4]
J 7944 c1 android.database.sqlite.SQLiteDirectCursorDriver.$$robo$$android_database_sqlite_SQLiteDirectCursorDriver$query(Landroid/database/sqlite/SQLiteDatabase$CursorFactory;[Ljava/lang/String;)Landroid/database/Cursor; (85 bytes) @ 0x00007f76fd7d0fd4 [0x00007f76fd7d0ec0+0x0000000000000114]
J 7747 c1 android.database.sqlite.SQLiteDatabase.$$robo$$android_database_sqlite_SQLiteDatabase$rawQueryWithFactory(Landroid/database/sqlite/SQLiteDatabase$CursorFactory;Ljava/lang/String;[Ljava/lang/String;Ljava/lang/String;Landroid/os/CancellationSignal;)Landroid/database/Cursor; (57 bytes) @ 0x00007f76fd6e1abc [0x00007f76fd6e0360+0x000000000000175c]
J 7745 c1 android.database.sqlite.SQLiteDatabase.rawQueryWithFactory(Landroid/database/sqlite/SQLiteDatabase$CursorFactory;Ljava/lang/String;[Ljava/lang/String;Ljava/lang/String;Landroid/os/CancellationSignal;)Landroid/database/Cursor; (14 bytes) @ 0x00007f76fd6ddbbc [0x00007f76fd6dcd20+0x0000000000000e9c]
J 7744 c1 android.database.sqlite.SQLiteDatabase.$$robo$$android_database_sqlite_SQLiteDatabase$rawQueryWithFactory(Landroid/database/sqlite/SQLiteDatabase$CursorFactory;Ljava/lang/String;[Ljava/lang/String;Ljava/lang/String;)Landroid/database/Cursor; (11 bytes) @ 0x00007f76fd6dc7dc [0x00007f76fd6dc740+0x000000000000009c]
J 7756 c1 android.database.sqlite.SQLiteDatabase.rawQueryWithFactory(Landroid/database/sqlite/SQLiteDatabase$CursorFactory;Ljava/lang/String;[Ljava/lang/String;Ljava/lang/String;)Landroid/database/Cursor; (12 bytes) @ 0x00007f76fd6f2304 [0x00007f76fd6f1780+0x0000000000000b84]
J 7534 c1 androidx.sqlite.db.framework.FrameworkSQLiteDatabase.query(Landroidx/sqlite/db/SupportSQLiteQuery;)Landroid/database/Cursor; (43 bytes) @ 0x00007f76fd5d388c [0x00007f76fd5d2da0+0x0000000000000aec]
j  androidx.room.RoomDatabase.query(Landroidx/sqlite/db/SupportSQLiteQuery;Landroid/os/CancellationSignal;)Landroid/database/Cursor;+48
j  androidx.room.util.DBUtil__DBUtil_androidKt.query(Landroidx/room/RoomDatabase;Landroidx/sqlite/db/SupportSQLiteQuery;ZLandroid/os/CancellationSignal;)Landroid/database/Cursor;+15
j  androidx.room.util.DBUtil.query(Landroidx/room/RoomDatabase;Landroidx/sqlite/db/SupportSQLiteQuery;ZLandroid/os/CancellationSignal;)Landroid/database/Cursor;+4
j  androidx.work.impl.model.WorkSpecDao_Impl.getWorkSpecIdAndStatesForName(Ljava/lang/String;)Ljava/util/List;+49
j  androidx.work.impl.WorkerUpdater.enqueueUniquelyNamedPeriodic$lambda$4(Landroidx/work/impl/WorkManagerImpl;Ljava/lang/String;Landroidx/work/impl/OperationImpl;Lkotlin/jvm/functions/Function0;Landroidx/work/WorkRequest;)V+48
j  androidx.work.impl.WorkerUpdater$$Lambda+0x00007f76a069cb48.run()V+20
j  androidx.work.impl.utils.SerialExecutorImpl$Task.run()V+4
j  java.util.concurrent.ThreadPoolExecutor.runWorker(Ljava/util/concurrent/ThreadPoolExecutor$Worker;)V+92 java.base@21.0.12
j  java.util.concurrent.ThreadPoolExecutor$Worker.run()V+5 java.base@21.0.12
j  java.lang.Thread.runWith(Ljava/lang/Object;Ljava/lang/Runnable;)V+5 java.base@21.0.12
j  java.lang.Thread.run()V+19 java.base@21.0.12
v  ~StubRoutines::call_stub 0x00007f7703d37cc6
V  [libjvm.so+0x91cbd5]  JavaCalls::call_helper(JavaValue*, methodHandle const&, JavaCallArguments*, JavaThread*)+0x2e5
V  [libjvm.so+0x91e552]  JavaCalls::call_virtual(JavaValue*, Handle, Klass*, Symbol*, Symbol*, JavaThread*)+0x1d2
V  [libjvm.so+0x9f3e0e]  thread_entry(JavaThread*, JavaThread*)+0x8e
V  [libjvm.so+0x9343f8]  JavaThread::thread_main_inner()+0x1d8
V  [libjvm.so+0xfa1c88]  Thread::call_run()+0xa8
V  [libjvm.so+0xd1385a]  thread_native_entry(Thread*)+0xda
Java frames: (J=compiled Java code, j=interpreted, Vv=VM code)
j  org.robolectric.nativeruntime.SQLiteConnectionNatives.nativePrepareStatement(JLjava/lang/String;)J+0
j  org.robolectric.shadows.ShadowNativeSQLiteConnection.lambda$nativePrepareStatement$2(JLjava/lang/String;)Ljava/lang/Long;+2
j  org.robolectric.shadows.ShadowNativeSQLiteConnection$$Lambda+0x00007f76a08efa70.get()Ljava/lang/Object;+8
J 5235 c2 org.robolectric.util.PerfStatsCollector.measure(Ljava/lang/String;Lorg/robolectric/util/PerfStatsCollector$ThrowingSupplier;)Ljava/lang/Object; (44 bytes) @ 0x00007f77045f8424 [0x00007f77045f8340+0x00000000000000e4]
j  org.robolectric.shadows.ShadowNativeSQLiteConnection.nativePrepareStatement(JLjava/lang/String;)J+12
J 2215 c1 java.lang.invoke.DirectMethodHandle$Holder.invokeStatic(Ljava/lang/Object;JLjava/lang/Object;)J java.base@21.0.12 (17 bytes) @ 0x00007f76fcc0117c [0x00007f76fcc00de0+0x000000000000039c]
J 6917 c1 java.lang.invoke.LambdaForm$MH+0x00007f76a03d4800.guardWithCatch(Ljava/lang/Object;JLjava/lang/Object;)J java.base@21.0.12 (77 bytes) @ 0x00007f76fd30415c [0x00007f76fd303e20+0x000000000000033c]
j  java.lang.invoke.LambdaForm$MH+0x00007f76a03d5800.reinvoke(Ljava/lang/Object;JLjava/lang/Object;)J+22 java.base@21.0.12
J 6452 c1 java.lang.invoke.LambdaForm$MH+0x00007f76a03d5c00.guard(Ljava/lang/Object;JLjava/lang/Object;)J java.base@21.0.12 (100 bytes) @ 0x00007f76fd2260dc [0x00007f76fd225a40+0x000000000000069c]
j  java.lang.invoke.LambdaForm$MH+0x00007f76a03d5400.invoke(Ljava/lang/Object;JLjava/lang/Object;)J+52 java.base@21.0.12
j  java.lang.invoke.LambdaForm$MH+0x00007f76a03d5800.reinvoke(Ljava/lang/Object;JLjava/lang/Object;)J+22 java.base@21.0.12
J 6975 c1 android.database.sqlite.SQLiteConnection.$$robo$$android_database_sqlite_SQLiteConnection$acquirePreparedStatement(Ljava/lang/String;)Landroid/database/sqlite/SQLiteConnection$PreparedStatement; (169 bytes) @ 0x00007f76fd34732c [0x00007f76fd345920+0x0000000000001a0c]
J 5227 c2 java.lang.invoke.DirectMethodHandle$Holder.invokeSpecial(Ljava/lang/Object;Ljava/lang/Object;Ljava/lang/Object;)Ljava/lang/Object; java.base@21.0.12 (15 bytes) @ 0x00007f77045e67f4 [0x00007f77045e67a0+0x0000000000000054]
J 4300 c1 java.lang.invoke.LambdaForm$MH+0x00007f76a022d800.guardWithCatch(Ljava/lang/Object;Ljava/lang/Object;Ljava/lang/Object;)Ljava/lang/Object; java.base@21.0.12 (75 bytes) @ 0x00007f76fc83339c [0x00007f76fc832fa0+0x00000000000003fc]
J 4379 c1 java.lang.invoke.LambdaForm$MH+0x00007f76a022e000.reinvoke(Ljava/lang/Object;Ljava/lang/Object;Ljava/lang/Object;)Ljava/lang/Object; java.base@21.0.12 (24 bytes) @ 0x00007f76fc865f34 [0x00007f76fc865a80+0x00000000000004b4]
J 7080 c2 java.lang.invoke.LambdaForm$MH+0x00007f76a022e400.guard(Ljava/lang/Object;Ljava/lang/Object;Ljava/lang/Object;)Ljava/lang/Object; java.base@21.0.12 (98 bytes) @ 0x00007f77045471e4 [0x00007f7704547100+0x00000000000000e4]
j  java.lang.invoke.LambdaForm$MH+0x00007f76a022dc00.invoke(Ljava/lang/Object;Ljava/lang/Object;Ljava/lang/Object;)Ljava/lang/Object;+50 java.base@21.0.12
J 4379 c1 java.lang.invoke.LambdaForm$MH+0x00007f76a022e000.reinvoke(Ljava/lang/Object;Ljava/lang/Object;Ljava/lang/Object;)Ljava/lang/Object; java.base@21.0.12 (24 bytes) @ 0x00007f76fc865f34 [0x00007f76fc865a80+0x00000000000004b4]
J 7454 c1 android.database.sqlite.SQLiteConnection.$$robo$$android_database_sqlite_SQLiteConnection$prepare(Ljava/lang/String;Landroid/database/sqlite/SQLiteStatementInfo;)V (192 bytes) @ 0x00007f76fd560eac [0x00007f76fd55f820+0x000000000000168c]
J 4236 c1 java.lang.invoke.DirectMethodHandle$Holder.invokeSpecial(Ljava/lang/Object;Ljava/lang/Object;Ljava/lang/Object;Ljava/lang/Object;)V java.base@21.0.12 (18 bytes) @ 0x00007f76fc95354c [0x00007f76fc953160+0x00000000000003ec]
J 7808 c2 java.lang.invoke.LambdaForm$MH+0x00007f76a0212400.guardWithCatch(Ljava/lang/Object;Ljava/lang/Object;Ljava/lang/Object;Ljava/lang/Object;)V java.base@21.0.12 (79 bytes) @ 0x00007f770473da60 [0x00007f770473d9e0+0x0000000000000080]
J 4120 c1 java.lang.invoke.LambdaForm$MH+0x00007f76a0213400.reinvoke(Ljava/lang/Object;Ljava/lang/Object;Ljava/lang/Object;Ljava/lang/Object;)V java.base@21.0.12 (27 bytes) @ 0x00007f76fc8a7d44 [0x00007f76fc8a7880+0x00000000000004c4]
J 3485 c1 java.lang.invoke.LambdaForm$MH+0x00007f76a0213800.guard(Ljava/lang/Object;Ljava/lang/Object;Ljava/lang/Object;Ljava/lang/Object;)V java.base@21.0.12 (103 bytes) @ 0x00007f76fce627ac [0x00007f76fce62040+0x000000000000076c]
j  java.lang.invoke.LambdaForm$MH+0x00007f76a0213000.invoke(Ljava/lang/Object;Ljava/lang/Object;Ljava/lang/Object;Ljava/lang/Object;)V+53 java.base@21.0.12
J 4120 c1 java.lang.invoke.LambdaForm$MH+0x00007f76a0213400.reinvoke(Ljava/lang/Object;Ljava/lang/Object;Ljava/lang/Object;Ljava/lang/Object;)V java.base@21.0.12 (27 bytes) @ 0x00007f76fc8a7d44 [0x00007f76fc8a7880+0x00000000000004c4]
J 7452 c1 android.database.sqlite.SQLiteSession.$$robo$$android_database_sqlite_SQLiteSession$prepare(Ljava/lang/String;ILandroid/os/CancellationSignal;Landroid/database/sqlite/SQLiteStatementInfo;)V (56 bytes) @ 0x00007f76fd558a44 [0x00007f76fd557220+0x0000000000001824]
J 7636 c1 android.database.sqlite.SQLiteSession.prepare(Ljava/lang/String;ILandroid/os/CancellationSignal;Landroid/database/sqlite/SQLiteStatementInfo;)V (12 bytes) @ 0x00007f76fd642674 [0x00007f76fd641b20+0x0000000000000b54]
J 7275 c1 android.database.sqlite.SQLiteProgram.$$robo$$android_database_sqlite_SQLiteProgram$__constructor__(Landroid/database/sqlite/SQLiteDatabase;Ljava/lang/String;[Ljava/lang/Object;Landroid/os/CancellationSignal;)V (245 bytes) @ 0x00007f76fd48296c [0x00007f76fd47ec80+0x0000000000003cec]
J 7274 c1 android.database.sqlite.SQLiteProgram.<init>(Landroid/database/sqlite/SQLiteDatabase;Ljava/lang/String;[Ljava/lang/Object;Landroid/os/CancellationSignal;)V (20 bytes) @ 0x00007f76fd47bb3c [0x00007f76fd47a300+0x000000000000183c]
J 7923 c1 android.database.sqlite.SQLiteQuery.<init>(Landroid/database/sqlite/SQLiteDatabase;Ljava/lang/String;Landroid/os/CancellationSignal;)V (22 bytes) @ 0x00007f76fd7a1384 [0x00007f76fd7a12c0+0x00000000000000c4]
J 7944 c1 android.database.sqlite.SQLiteDirectCursorDriver.$$robo$$android_database_sqlite_SQLiteDirectCursorDriver$query(Landroid/database/sqlite/SQLiteDatabase$CursorFactory;[Ljava/lang/String;)Landroid/database/Cursor; (85 bytes) @ 0x00007f76fd7d0fd4 [0x00007f76fd7d0ec0+0x0000000000000114]
J 7747 c1 android.database.sqlite.SQLiteDatabase.$$robo$$android_database_sqlite_SQLiteDatabase$rawQueryWithFactory(Landroid/database/sqlite/SQLiteDatabase$CursorFactory;Ljava/lang/String;[Ljava/lang/String;Ljava/lang/String;Landroid/os/CancellationSignal;)Landroid/database/Cursor; (57 bytes) @ 0x00007f76fd6e1abc [0x00007f76fd6e0360+0x000000000000175c]
J 7745 c1 android.database.sqlite.SQLiteDatabase.rawQueryWithFactory(Landroid/database/sqlite/SQLiteDatabase$CursorFactory;Ljava/lang/String;[Ljava/lang/String;Ljava/lang/String;Landroid/os/CancellationSignal;)Landroid/database/Cursor; (14 bytes) @ 0x00007f76fd6ddbbc [0x00007f76fd6dcd20+0x0000000000000e9c]
J 7744 c1 android.database.sqlite.SQLiteDatabase.$$robo$$android_database_sqlite_SQLiteDatabase$rawQueryWithFactory(Landroid/database/sqlite/SQLiteDatabase$CursorFactory;Ljava/lang/String;[Ljava/lang/String;Ljava/lang/String;)Landroid/database/Cursor; (11 bytes) @ 0x00007f76fd6dc7dc [0x00007f76fd6dc740+0x000000000000009c]
J 7756 c1 android.database.sqlite.SQLiteDatabase.rawQueryWithFactory(Landroid/database/sqlite/SQLiteDatabase$CursorFactory;Ljava/lang/String;[Ljava/lang/String;Ljava/lang/String;)Landroid/database/Cursor; (12 bytes) @ 0x00007f76fd6f2304 [0x00007f76fd6f1780+0x0000000000000b84]
J 7534 c1 androidx.sqlite.db.framework.FrameworkSQLiteDatabase.query(Landroidx/sqlite/db/SupportSQLiteQuery;)Landroid/database/Cursor; (43 bytes) @ 0x00007f76fd5d388c [0x00007f76fd5d2da0+0x0000000000000aec]
j  androidx.room.RoomDatabase.query(Landroidx/sqlite/db/SupportSQLiteQuery;Landroid/os/CancellationSignal;)Landroid/database/Cursor;+48
j  androidx.room.util.DBUtil__DBUtil_androidKt.query(Landroidx/room/RoomDatabase;Landroidx/sqlite/db/SupportSQLiteQuery;ZLandroid/os/CancellationSignal;)Landroid/database/Cursor;+15
j  androidx.room.util.DBUtil.query(Landroidx/room/RoomDatabase;Landroidx/sqlite/db/SupportSQLiteQuery;ZLandroid/os/CancellationSignal;)Landroid/database/Cursor;+4
j  androidx.work.impl.model.WorkSpecDao_Impl.getWorkSpecIdAndStatesForName(Ljava/lang/String;)Ljava/util/List;+49
j  androidx.work.impl.WorkerUpdater.enqueueUniquelyNamedPeriodic$lambda$4(Landroidx/work/impl/WorkManagerImpl;Ljava/lang/String;Landroidx/work/impl/OperationImpl;Lkotlin/jvm/functions/Function0;Landroidx/work/WorkRequest;)V+48
j  androidx.work.impl.WorkerUpdater$$Lambda+0x00007f76a069cb48.run()V+20
j  androidx.work.impl.utils.SerialExecutorImpl$Task.run()V+4
j  java.util.concurrent.ThreadPoolExecutor.runWorker(Ljava/util/concurrent/ThreadPoolExecutor$Worker;)V+92 java.base@21.0.12
j  java.util.concurrent.ThreadPoolExecutor$Worker.run()V+5 java.base@21.0.12
j  java.lang.Thread.runWith(Ljava/lang/Object;Ljava/lang/Runnable;)V+5 java.base@21.0.12
j  java.lang.Thread.run()V+19 java.base@21.0.12
v  ~StubRoutines::call_stub 0x00007f7703d37cc6

siginfo: si_signo: 11 (SIGSEGV), si_code: 1 (SEGV_MAPERR), si_addr: 0x000000000000071a

Registers:
RAX=0x00007f76f4001c00, RBX=0x00007f76e0001910, RCX=0x0000000000000029, RDX=0x00007f76481ea578
RSP=0x00007f76ed4e2470, RBP=0x00007f76ed4e2520, RSI=0x00007f76f4001cb6, RDI=0x00007f76e00018f0
R8 =0x00007f771c197708, R9 =0x00000000000000e0, R10=0x0000000000000000, R11=0x00000000000000c0
R12=0x000000000000005b, R13=0x00007f76f4001c00, R14=0x000000000000071a, R15=0x00007f76ed4e2540
RIP=0x00007f769a73f1d1, EFLAGS=0x0000000000011202, CSGSFS=0x002b000000000033, ERR=0x0000000000000000
  TRAPNO=0x0000000000000000

XMM[0]=0x00007f76f4000090 0x00007f76f4000090
XMM[1]=0x0000000000000000 0x00007f76e0001550
XMM[2]=0x00007f7703d4fc1d 0x00007f76ed4e2540
XMM[3]=0x0000000000000000 0x00007f7703d3ea90
XMM[4]=0x00007f76ed4e25a0 0x00007f0000000000
XMM[5]=0x0000000000000000 0x00007f76e0001550
XMM[6]=0x0000000000000000 0x00007f76e0001550
XMM[7]=0x0000000000000000 0x00007f76e0001550
XMM[8]=0x1800010000000400 0x02003000656c6946
XMM[9]=0xd2c7ef9fd2c7ef9f 0xd2c7ef9f07a8d4f8
XMM[10]=0x0000000000000000 0x0000000034e0e559
XMM[11]=0x435a939d435a939d 0x435a939d4b036895
XMM[12]=0x0000000000000000 0x0000000007a8d4f8
XMM[13]=0x0000000000000000 0xfcd265c3fdcb5a62
XMM[14]=0x0000000000000000 0x0000000000f8f49f
XMM[15]=0x0000000000000000 0x0000000000000000
  MXCSR=0x00001fa2


Register to memory mapping:

RAX=0x00007f76f4001c00 points into unknown readable memory: 0x0045004c00450053 | 53 00 45 00 4c 00 45 00
RBX=0x00007f76e0001910 points into unknown readable memory: 0x00007f771c198060 | 60 80 19 1c 77 7f 00 00
RCX=0x0000000000000029 is an unknown value
RDX=0x00007f76481ea578 points into unknown readable memory: 0x0000000000000025 | 25 00 00 00 00 00 00 00
RSP=0x00007f76ed4e2470 is pointing into the stack for thread: 0x00007f76e0001550
RBP=0x00007f76ed4e2520 is pointing into the stack for thread: 0x00007f76e0001550
RSI=0x00007f76f4001cb6 points into unknown readable memory: 00 00
RDI=0x00007f76e00018f0 points into unknown readable memory: 0x00007f76ed4e24c0 | c0 24 4e ed 76 7f 00 00
R8 =0x00007f771c197708: <offset 0x0000000001515708> in /usr/lib/jvm/temurin-21-jdk-amd64/lib/server/libjvm.so at 0x00007f771ac82000
R9 =0x00000000000000e0 is an unknown value
R10=0x0 is null
R11=0x00000000000000c0 is an unknown value
R12=0x000000000000005b is an unknown value
R13=0x00007f76f4001c00 points into unknown readable memory: 0x0045004c00450053 | 53 00 45 00 4c 00 45 00
R14=0x000000000000071a is an unknown value
R15=0x00007f76ed4e2540 is pointing into the stack for thread: 0x00007f76e0001550

Top of Stack: (sp=0x00007f76ed4e2470)
0x00007f76ed4e2470:   00007f76380e6e60 0000000000000000   `n.8v...........
0x00007f76ed4e2480:   4915442095898200 00007f76380e6e60   .... D.I`n.8v...
0x00007f76ed4e2490:   0000000000000000 00007f76380e6e60   ........`n.8v...
0x00007f76ed4e24a0:   00007f76ed4e2550 00007f76e0001550   P%N.v...P...v...
0x00007f76ed4e24b0:   00007f76ed4e2520 00007f7703d439c0    %N.v....9..w...
0x00007f76ed4e24c0:   00007f76ed4e2520 00007f7703d436a5    %N.v....6..w...
0x00007f76ed4e24d0:   00007f7703d4365f 00007f76ed4e24d8   _6..w....$N.v...
0x00007f76ed4e24e0:   00007f76380e6e60 0000000000000006   `n.8v...........
0x00007f76ed4e24f0:   00007f76380e7c08 0000000000000000   .|.8v...........
0x00007f76ed4e2500:   00000000e621aec0 00007f76380e6e60   ..!.....`n.8v...
0x00007f76ed4e2510:   0000000000000000 00007f76ed4e2540   ........@%N.v...
0x00007f76ed4e2520:   00007f76ed4e25a0 00007f7703d3f25e   .%N.v...^...w...
0x00007f76ed4e2530:   00000000e621aec0 00007f7703d40fd6   ..!.........w...
0x00007f76ed4e2540:   00000000eab6c7f0 000000000000071a   ................
0x00007f76ed4e2550:   0000000000000000 00007f76ed4e2558   ........X%N.v...
0x00007f76ed4e2560:   00007f769e1ebe4a 0000000000000004   J...v...........
0x00007f76ed4e2570:   00007f769e1ec168 0000000000000000   h...v...........
0x00007f76ed4e2580:   00000000e2c2ba20 00007f769e1ebe78    .......x...v...
0x00007f76ed4e2590:   00007f76ed4e2540 00007f76ed4e25b0   @%N.v....%N.v...
0x00007f76ed4e25a0:   00007f76ed4e2610 00007f7703d3f2f2   .&N.v.......w...
0x00007f76ed4e25b0:   00000000eab6c7f0 000000000000071a   ................
0x00007f76ed4e25c0:   0000000000000000 00007f76ed4e25c8   .........%N.v...
0x00007f76ed4e25d0:   00007f7638407c58 0000000000000002   X|@8v...........
0x00007f76ed4e25e0:   00007f7638407ce0 0000000000000000   .|@8v...........
0x00007f76ed4e25f0:   00000000e8443b28 00007f7638407c60   (;D.....`|@8v...
0x00007f76ed4e2600:   00007f76ed4e25b0 00007f76ed4e2630   .%N.v...0&N.v...
0x00007f76ed4e2610:   00000000e1f532c8 00007f77045f8424   .2......$._.w...
0x00007f76ed4e2620:   00000000e844a768 00007f77045f8424   h.D.....$._.w...
0x00007f76ed4e2630:   00000000e844a768 00000000e844a780   h.D.......D.....
0x00007f76ed4e2640:   00007f76ed4e2658 00007f76ed4e26d0   X&N.v....&N.v...
0x00007f76ed4e2650:   00007f7703d3f9d8 00000000e8447490   ....w....tD.....
0x00007f76ed4e2660:   00007f76ed4e26d0 00007f7703d3f2f2   .&N.v.......w...

Instructions: (pc=0x00007f769a73f1d1)
0x00007f769a73f0d1:   df e8 19 e9 84 00 4d 85 ed 74 23 48 8b 03 48 8b
0x00007f769a73f0e1:   80 50 05 00 00 48 89 df 4c 89 f6 4c 89 ea 48 83
0x00007f769a73f0f1:   c4 08 5b 41 5c 41 5d 41 5e 41 5f 5d ff e0 48 83
0x00007f769a73f101:   c4 08 5b 41 5c 41 5d 41 5e 41 5f 5d c3 66 90 55
0x00007f769a73f111:   41 57 41 56 41 54 53 49 89 cf 49 89 d6 48 89 fb
0x00007f769a73f121:   48 8b 07 48 89 ce 31 d2 ff 90 48 05 00 00 49 89
0x00007f769a73f131:   c4 49 8b 3e 48 89 c6 31 d2 e8 c1 e8 84 00 89 c5
0x00007f769a73f141:   48 8b 03 48 89 df 4c 89 fe 4c 89 e2 ff 90 50 05
0x00007f769a73f151:   00 00 85 ed 74 13 49 8b 36 48 89 df 5b 41 5c 41
0x00007f769a73f161:   5e 41 5f 5d e9 86 e8 84 00 5b 41 5c 41 5e 41 5f
0x00007f769a73f171:   5d c3 66 2e 0f 1f 84 00 00 00 00 00 0f 1f 00 55
0x00007f769a73f181:   41 57 41 56 41 55 41 54 53 48 83 ec 18 49 89 cf
0x00007f769a73f191:   49 89 d6 48 89 fb 64 48 8b 04 25 28 00 00 00 48
0x00007f769a73f1a1:   89 44 24 10 48 8b 07 48 89 ce ff 90 20 05 00 00
0x00007f769a73f1b1:   41 89 c4 48 8b 03 48 89 df 4c 89 fe 31 d2 ff 90
0x00007f769a73f1c1:   00 07 00 00 49 89 c5 48 c7 44 24 08 00 00 00 00
0x00007f769a73f1d1:   49 8b 3e 43 8d 14 24 48 8d 4c 24 08 48 89 c6 45
0x00007f769a73f1e1:   31 c0 e8 28 e8 84 00 89 c5 48 8b 03 48 89 df 4c
0x00007f769a73f1f1:   89 fe 4c 89 ea ff 90 08 07 00 00 85 ed 74 78 48
0x00007f769a73f201:   8b 03 48 89 df 4c 89 fe 31 d2 ff 90 48 05 00 00
0x00007f769a73f211:   49 89 c4 48 89 c7 e8 f4 e4 84 00 48 8d 78 32 e8
0x00007f769a73f221:   bb e5 84 00 49 89 c5 48 85 c0 74 1f 0f 10 05 05
0x00007f769a73f231:   7a d9 ff 41 0f 11 45 00 41 c7 45 10 67 3a 20 00
0x00007f769a73f241:   4c 89 ef 4c 89 e6 e8 d4 e7 84 00 48 8b 03 48 89
0x00007f769a73f251:   df 4c 89 fe 4c 89 e2 ff 90 50 05 00 00 49 8b 36
0x00007f769a73f261:   48 89 df 4c 89 ea e8 04 e7 84 00 4c 89 ef e8 ac
0x00007f769a73f271:   e5 84 00 31 c0 eb 05 48 8b 44 24 08 64 48 8b 0c
0x00007f769a73f281:   25 28 00 00 00 48 3b 4c 24 10 75 0f 48 83 c4 18
0x00007f769a73f291:   5b 41 5c 41 5d 41 5e 41 5f 5d c3 e8 7f e3 84 00
0x00007f769a73f2a1:   66 2e 0f 1f 84 00 00 00 00 00 0f 1f 44 00 00 48
0x00007f769a73f2b1:   89 cf e9 78 e7 84 00 0f 1f 84 00 00 00 00 00 48
0x00007f769a73f2c1:   89 cf e9 78 e7 84 00 0f 1f 84 00 00 00 00 00 50


Stack slot to memory mapping:

stack at sp + 0 slots: {method} {0x00007f76380e6e60} 'nativePrepareStatement' '(JLjava/lang/String;)J' in 'org/robolectric/nativeruntime/SQLiteConnectionNatives'
stack at sp + 1 slots: 0x0 is null
stack at sp + 2 slots: 0x4915442095898200 is an unknown value
stack at sp + 3 slots: {method} {0x00007f76380e6e60} 'nativePrepareStatement' '(JLjava/lang/String;)J' in 'org/robolectric/nativeruntime/SQLiteConnectionNatives'
stack at sp + 4 slots: 0x0 is null
stack at sp + 5 slots: {method} {0x00007f76380e6e60} 'nativePrepareStatement' '(JLjava/lang/String;)J' in 'org/robolectric/nativeruntime/SQLiteConnectionNatives'
stack at sp + 6 slots: 0x00007f76ed4e2550 is pointing into the stack for thread: 0x00007f76e0001550
stack at sp + 7 slots: 0x00007f76e0001550 is a thread


Compiled method (c2) 9146 5235   !   4       org.robolectric.util.PerfStatsCollector::measure (44 bytes)
 total in heap  [0x00007f77045f8190,0x00007f77045f87c8] = 1592
 relocation     [0x00007f77045f82e8,0x00007f77045f8338] = 80
 main code      [0x00007f77045f8340,0x00007f77045f8558] = 536
 stub code      [0x00007f77045f8558,0x00007f77045f8580] = 40
 oops           [0x00007f77045f8580,0x00007f77045f8588] = 8
 metadata       [0x00007f77045f8588,0x00007f77045f85c8] = 64
 scopes data    [0x00007f77045f85c8,0x00007f77045f86c8] = 256
 scopes pcs     [0x00007f77045f86c8,0x00007f77045f8758] = 144
 dependencies   [0x00007f77045f8758,0x00007f77045f8768] = 16
 handler table  [0x00007f77045f8768,0x00007f77045f87b0] = 72
 nul chk table  [0x00007f77045f87b0,0x00007f77045f87c8] = 24

[Constant Pool (empty)]

[MachCode]
[Entry Point]
  # {method} {0x00007f769b65c2e8} 'measure' '(Ljava/lang/String;Lorg/robolectric/util/PerfStatsCollector$ThrowingSupplier;)Ljava/lang/Object;' in 'org/robolectric/util/PerfStatsCollector'
  # this:     rsi:rsi   = 'org/robolectric/util/PerfStatsCollector'
  # parm0:    rdx:rdx   = 'java/lang/String'
  # parm1:    rcx:rcx   = 'org/robolectric/util/PerfStatsCollector$ThrowingSupplier'
  #           [sp+0x40]  (sp of caller)
  0x00007f77045f8340: 448b 5608 | 49bb 0000 | 009f 767f | 0000 4d03 | d349 3bc2 

  0x00007f77045f8354: ;   {runtime_call ic_miss_stub}
  0x00007f77045f8354: 0f85 26cd | 78ff 6690 | 0f1f 4000 
[Verified Entry Point]
  0x00007f77045f8360: 8984 2400 | c0fe ff55 | 4883 ec30 | 4181 7f20 | 0900 0000 | 0f85 d001 | 0000 4889 | 5424 0848 
  0x00007f77045f8380: 8bee 4889 | 0c24 4d8b | 87b8 0100 | 004d 8bd0 | 4983 c220 | 4d3b 97c8 | 0100 000f | 83b0 0000 
  0x00007f77045f83a0: 004d 8997 | b801 0000 | 410f 1882 | 0001 0000 | 49c7 0001 

  0x00007f77045f83b4: ;   {metadata('org/robolectric/util/PerfStatsCollector$Event')}
  0x00007f77045f83b4: 0000 0041 | c740 08a0 | 4c10 014d | 8960 1045 | 8960 1c4c | 8bd5 418b | 6a10 4c8b | 5c24 0845 
  0x00007f77045f83d4: 8958 0c45 | 8950 184c | 8944 2408 

  0x00007f77045f83e0: ; implicit exception: dispatches to 0x00007f77045f84a4
  0x00007f77045f83e0: 448b 5508 

  0x00007f77045f83e4: ;   {metadata('org/robolectric/util/PerfStatsCollector$$Lambda+0x00007f76a0104658')}
  0x00007f77045f83e4: 4181 fa58 | 4610 010f | 857f 0000 | 0049 ba10 | 0b9a 1b77 | 7f00 0041 

  0x00007f77045f83fc: ;   {other}
  0x00007f77045f83fc: ffd2 0f1f | 8400 0000 | 0000 4c8b | 5424 0849 | 8942 1048 | 8b34 2466 | 9048 b830 | c1ef 4d76 
  0x00007f77045f841c: ;   {virtual_call}
  0x00007f77045f841c: 7f00 00e8 

  0x00007f77045f8420: ; ImmutableOopMap {[8]=Oop }
                      ;*invokeinterface get {reexecute=0 rethrow=0 return_oop=1}
                      ; - org.robolectric.util.PerfStatsCollector::measure@10 (line 52)
  0x00007f77045f8420: 5c16 86ff 

  0x00007f77045f8424: ;   {other}
  0x00007f77045f8424: 0f1f 8400 | 9402 0000 | 4c8b 5424 | 0845 8b52 | 1841 0fb6 | 6a0c 85ed | 7546 4883 

  0x00007f77045f8440: ;   {poll_return}
  0x00007f77045f8440: c430 5d49 | 3ba7 5004 | 0000 0f87 | e400 0000 

  0x00007f77045f8450: ;   {metadata('org/robolectric/util/PerfStatsCollector$Event')}
  0x00007f77045f8450: c348 bea0 | 4c10 a076 

  0x00007f77045f8458: ;   {runtime_call _new_instance_Java}
  0x00007f77045f8458: 7f00 00e8 

  0x00007f77045f845c: ; ImmutableOopMap {rbp=Oop [0]=Oop [8]=Oop }
                      ;*new {reexecute=0 rethrow=0 return_oop=1}
                      ; - org.robolectric.util.PerfStatsCollector::startEvent@0 (line 44)
                      ; - org.robolectric.util.PerfStatsCollector::measure@4 (line 50)
  0x00007f77045f845c: a08e 85ff 

  0x00007f77045f8460: ;   {other}
  0x00007f77045f8460: 0f1f 8400 | d002 0001 | 4c8b c0e9 | 57ff ffff | bede ffff 

  0x00007f77045f8474: ;   {runtime_call UncommonTrapBlob}
  0x00007f77045f8474: ff66 90e8 

  0x00007f77045f8478: ; ImmutableOopMap {rbp=NarrowOop [0]=Oop [8]=Oop }
                      ;*invokeinterface nanoTime {reexecute=0 rethrow=0 return_oop=0}
                      ; - org.robolectric.util.PerfStatsCollector$Event::<init>@19 (line 126)
                      ; - org.robolectric.util.PerfStatsCollector::startEvent@6 (line 44)
                      ; - org.robolectric.util.PerfStatsCollector::measure@4 (line 50)
  0x00007f77045f8478: 842a 79ff 

  0x00007f77045f847c: ;   {other}
  0x00007f77045f847c: 0f1f 8400 | ec02 0002 | be45 ffff | ff48 ff74 | 2408 488f | 0424 4889 

  0x00007f77045f8494: ;   {runtime_call UncommonTrapBlob}
  0x00007f77045f8494: 4424 08e8 

  0x00007f77045f8498: ; ImmutableOopMap {[0]=Oop [8]=Oop }
                      ;*ifne {reexecute=1 rethrow=0 return_oop=0}
                      ; - (reexecute) org.robolectric.util.PerfStatsCollector$Event::finished@7 (line 134)
                      ; - org.robolectric.util.PerfStatsCollector::measure@20 (line 57)
  0x00007f77045f8498: 642a 79ff 

  0x00007f77045f849c: ;   {other}
  0x00007f77045f849c: 0f1f 8400 | 0c03 0003 | bef6 ffff | ff48 8b2c 

  0x00007f77045f84ac: ;   {runtime_call UncommonTrapBlob}
  0x00007f77045f84ac: 2466 90e8 

  0x00007f77045f84b0: ; ImmutableOopMap {rbp=Oop }
                      ;*invokeinterface nanoTime {reexecute=0 rethrow=0 return_oop=0}
                      ; - org.robolectric.util.PerfStatsCollector$Event::<init>@19 (line 126)
                      ; - org.robolectric.util.PerfStatsCollector::startEvent@6 (line 44)
                      ; - org.robolectric.util.PerfStatsCollector::measure@4 (line 50)
  0x00007f77045f84b0: 4c2a 79ff 

  0x00007f77045f84b4: ;   {other}
  0x00007f77045f84b4: 0f1f 8400 | 2403 0004 | bef6 ffff | ff48 8b6c | 2408 4889 

  0x00007f77045f84c8: ;   {runtime_call UncommonTrapBlob}
  0x00007f77045f84c8: 0424 90e8 

  0x00007f77045f84cc: ; ImmutableOopMap {rbp=Oop [0]=Oop }
                      ;*getfield enabled {reexecute=1 rethrow=0 return_oop=0}
                      ; - (reexecute) org.robolectric.util.PerfStatsCollector::access$300@1 (line 17)
                      ; - org.robolectric.util.PerfStatsCollector$Event::finished@4 (line 134)
                      ; - org.robolectric.util.PerfStatsCollector::measure@20 (line 57)
  0x00007f77045f84cc: 302a 79ff 

  0x00007f77045f84d0: ;   {other}
  0x00007f77045f84d0: 0f1f 8400 | 4003 0005 | 488b f0eb | 4648 8bf0 | eb41 488b | e844 8b50 

  0x00007f77045f84e8: ;   {metadata('java/lang/Exception')}
  0x00007f77045f84e8: 0849 bb20 | c000 9f76 | 7f00 0049 | b800 0000 | 9f76 7f00 | 004d 03c2 | 4d8b 5040 | 4d3b d375 
  0x00007f77045f8508: 2433 d248 | 8b74 2408 

  0x00007f77045f8510: ;   {optimized virtual_call}
  0x00007f77045f8510: 6666 90e8 

  0x00007f77045f8514: ; ImmutableOopMap {rbp=Oop }
                      ;*invokevirtual finished {reexecute=0 rethrow=0 return_oop=0}
                      ; - org.robolectric.util.PerfStatsCollector::measure@38 (line 57)
  0x00007f77045f8514: 28df feff 

  0x00007f77045f8518: ;   {other}
  0x00007f77045f8518: 0f1f 8400 | 8803 0006 | 488b f548 | 83c4 305d 

  0x00007f77045f8528: ;   {runtime_call _rethrow_Java}
  0x00007f77045f8528: e953 f885 | ffba 0100 | 0000 ebd7 

  0x00007f77045f8534: ;   {internal_word}
  0x00007f77045f8534: 49ba 4384 | 5f04 777f | 0000 4d89 | 9768 0400 

  0x00007f77045f8544: ;   {runtime_call SafepointBlob}
  0x00007f77045f8544: 00e9 b63a 

  0x00007f77045f8548: ;   {runtime_call StubRoutines (final stubs)}
  0x00007f77045f8548: 79ff e831 | 2f77 ffe9 | 26fe ffff | f4f4 f4f4 
[Stub Code]
  0x00007f77045f8558: ;   {no_reloc}
  0x00007f77045f8558: 48bb 0000 | 0000 0000 

  0x00007f77045f8560: ;   {runtime_call nmethod}
  0x00007f77045f8560: 0000 e9fb 

  0x00007f77045f8564: ;   {runtime_call ExceptionBlob}
  0x00007f77045f8564: ffff ffe9 | 1412 85ff 
[Deopt Handler Code]
  0x00007f77045f856c: e800 0000 | 0048 832c 

  0x00007f77045f8574: ;   {runtime_call DeoptimizationBlob}
  0x00007f77045f8574: 2405 e925 | 2d79 fff4 | f4f4 f4f4 
[/MachCode]


Compiled method (c1) 9149 2215       3       java.lang.invoke.DirectMethodHandle$Holder::invokeStatic (17 bytes)
 total in heap  [0x00007f76fcc00c10,0x00007f76fcc01360] = 1872
 relocation     [0x00007f76fcc00d68,0x00007f76fcc00dc8] = 96
 main code      [0x00007f76fcc00de0,0x00007f76fcc01228] = 1096
 stub code      [0x00007f76fcc01228,0x00007f76fcc01278] = 80
 metadata       [0x00007f76fcc01278,0x00007f76fcc01288] = 16
 scopes data    [0x00007f76fcc01288,0x00007f76fcc012d8] = 80
 scopes pcs     [0x00007f76fcc012d8,0x00007f76fcc01348] = 112
 dependencies   [0x00007f76fcc01348,0x00007f76fcc01350] = 8
 nul chk table  [0x00007f76fcc01350,0x00007f76fcc01360] = 16

[Constant Pool (empty)]

[MachCode]
[Verified Entry Point]
  # {method} {0x00007f769f0b2be8} 'invokeStatic' '(Ljava/lang/Object;JLjava/lang/Object;)J' in 'java/lang/invoke/DirectMethodHandle$Holder'
  # parm0:    rsi:rsi   = 'java/lang/Object'
  # parm1:    rdx:rdx   = long
  # parm2:    rcx:rcx   = 'java/lang/Object'
  #           [sp+0x50]  (sp of caller)
  0x00007f76fcc00de0: 8984 2400 | c0fe ff55 | 4883 ec40 | 4181 7f20 | 0900 0000 

  0x00007f76fcc00df4: ;   {runtime_call StubRoutines (final stubs)}
  0x00007f76fcc00df4: 7405 e885 

  0x00007f76fcc00df8: ;   {metadata(method data for {method} {0x00007f769f0b2be8} 'invokeStatic' '(Ljava/lang/Object;JLjava/lang/Object;)J' in 'java/lang/invoke/DirectMethodHandle$Holder')}
  0x00007f76fcc00df8: a616 0748 | bf80 dbad | 9b76 7f00 | 0048 8dbf | 4802 0000 | 4885 f675 | 0cf6 0701 | 754c f048 
  0x00007f76fcc00e18: 830f 01eb | 458b 5e08 | 49ba 0000 | 009f 767f | 0000 4903 | da4c 8bd3 | 4833 1f48 | f7c3 fcff 
  0x00007f76fcc00e38: ffff 7426 | f6c3 0275 | 2148 f707 | feff ffff | 7415 498b | da48 331f | 48f7 c3fc | ffff ff74 
  0x00007f76fcc00e58: 0948 830f | 02eb 0348 | 891f 4885 | c975 0ef6 | 4710 0175 | 52f0 4883 | 4f10 01eb | 4a8b 5908 
  0x00007f76fcc00e78: 49ba 0000 | 009f 767f | 0000 4903 | da4c 8bd3 | 4833 5f10 | 48f7 c3fc | ffff ff74 | 2af6 c302 
  0x00007f76fcc00e98: 7525 48f7 | 4710 feff | ffff 7417 | 498b da48 | 335f 1048 | f7c3 fcff | ffff 740b | 4883 4f10 
  0x00007f76fcc00eb8: 02eb 0448 

  0x00007f76fcc00ebc: ;   {metadata(method data for {method} {0x00007f769f0b2be8} 'invokeStatic' '(Ljava/lang/Object;JLjava/lang/Object;)J' in 'java/lang/invoke/DirectMethodHandle$Holder')}
  0x00007f76fcc00ebc: 895f 1048 | bf80 dbad | 9b76 7f00 | 008b 9ff4 | 0000 0083 | c302 899f | f400 0000 | 81e3 fe07 
  0x00007f76fcc00edc: 0000 85db | 0f84 b102 

  0x00007f76fcc00ee4: ;   {metadata(method data for {method} {0x00007f769f0b2be8} 'invokeStatic' '(Ljava/lang/Object;JLjava/lang/Object;)J' in 'java/lang/invoke/DirectMethodHandle$Holder')}
  0x00007f76fcc00ee4: 0000 48bf | 80db ad9b | 767f 0000 | 488d bf48 | 0100 0048 | 85f6 750e | f647 0801 | 7552 f048 
  0x00007f76fcc00f04: 834f 0801 | eb4a 8b5e | 0849 ba00 | 0000 9f76 | 7f00 0049 | 03da 4c8b | d348 335f | 0848 f7c3 
  0x00007f76fcc00f24: fcff ffff | 742a f6c3 | 0275 2548 | f747 08fe | ffff ff74 | 1749 8bda | 4833 5f08 | 48f7 c3fc 
  0x00007f76fcc00f44: ffff ff74 | 0b48 834f | 0802 eb04 | 4889 5f08 

  0x00007f76fcc00f54: ;   {metadata(method data for {method} {0x00007f769f0b2be8} 'invokeStatic' '(Ljava/lang/Object;JLjava/lang/Object;)J' in 'java/lang/invoke/DirectMethodHandle$Holder')}
  0x00007f76fcc00f54: 48bf 80db | ad9b 767f | 0000 4883 | 8738 0100 

  0x00007f76fcc00f64: ;   {metadata(method data for {method} {0x00007f769f0a1a00} 'internalMemberName' '(Ljava/lang/Object;)Ljava/lang/Object;' in 'java/lang/invoke/DirectMethodHandle')}
  0x00007f76fcc00f64: 0001 48bf | 5848 2d9b | 767f 0000 | 8b9f f400 | 0000 83c3 | 0289 9ff4 | 0000 0081 | e3fe ff1f 
  0x00007f76fcc00f84: 0085 db0f | 842b 0200 | 0048 85f6 

  0x00007f76fcc00f90: ;   {metadata(method data for {method} {0x00007f769f0a1a00} 'internalMemberName' '(Ljava/lang/Object;)Ljava/lang/Object;' in 'java/lang/invoke/DirectMethodHandle')}
  0x00007f76fcc00f90: 7516 48bb | 5848 2d9b | 767f 0000 | 808b 3101 | 0000 01e9 | cd00 0000 

  0x00007f76fcc00fa8: ;   {metadata('java/lang/invoke/DirectMethodHandle')}
  0x00007f76fcc00fa8: 48b8 78f1 | 099f 767f | 0000 8b5e | 0849 ba00 | 0000 9f76 | 7f00 0049 | 03da 483b | 4340 0f85 
  0x00007f76fcc00fc8: 8d00 0000 

  0x00007f76fcc00fcc: ;   {metadata(method data for {method} {0x00007f769f0a1a00} 'internalMemberName' '(Ljava/lang/Object;)Ljava/lang/Object;' in 'java/lang/invoke/DirectMethodHandle')}
  0x00007f76fcc00fcc: 48bb 5848 | 2d9b 767f | 0000 8b46 | 0849 ba00 | 0000 9f76 | 7f00 0049 | 03c2 483b | 8348 0100 
  0x00007f76fcc00fec: 0075 0d48 | 8383 5001 | 0000 01e9 | 7900 0000 | 483b 8358 | 0100 0075 | 0d48 8383 | 6001 0000 
  0x00007f76fcc0100c: 01e9 6300 | 0000 4883 | bb48 0100 | 0000 7517 | 4889 8348 | 0100 0048 | c783 5001 | 0000 0100 
  0x00007f76fcc0102c: 0000 e942 | 0000 0048 | 83bb 5801 | 0000 0075 | 1748 8983 | 5801 0000 | 48c7 8360 | 0100 0001 
  0x00007f76fcc0104c: 0000 00e9 | 2100 0000 | e91c 0000 

  0x00007f76fcc01058: ;   {metadata(method data for {method} {0x00007f769f0a1a00} 'internalMemberName' '(Ljava/lang/Object;)Ljava/lang/Object;' in 'java/lang/invoke/DirectMethodHandle')}
  0x00007f76fcc01058: 0048 bb58 | 482d 9b76 | 7f00 0048 | 83ab 3801 | 0000 01e9 | 6901 0000 | e900 0000 | 008b 7e20 
  0x00007f76fcc01078: ;   {metadata(method data for {method} {0x00007f769f0b2be8} 'invokeStatic' '(Ljava/lang/Object;JLjava/lang/Object;)J' in 'java/lang/invoke/DirectMethodHandle$Holder')}
  0x00007f76fcc01078: 48be 80db | ad9b 767f | 0000 488d | b658 0100 | 0048 85ff | 750c f606 | 0175 46f0 | 4883 0e01 
  0x00007f76fcc01098: ;   {metadata('java/lang/invoke/MemberName')}
  0x00007f76fcc01098: eb3f 48bb | 981c 099f | 767f 0000 | 4c8b d348 | 331e 48f7 | c3fc ffff | ff74 26f6 | c302 7521 
  0x00007f76fcc010b8: 48f7 06fe | ffff ff74 | 1549 8bda | 4833 1e48 | f7c3 fcff | ffff 7409 | 4883 0e02 | eb03 4889 
  0x00007f76fcc010d8: ;   {metadata(method data for {method} {0x00007f769f0b2be8} 'invokeStatic' '(Ljava/lang/Object;JLjava/lang/Object;)J' in 'java/lang/invoke/DirectMethodHandle$Holder')}
  0x00007f76fcc010d8: 1e48 be80 | dbad 9b76 | 7f00 0048 | 8db6 b001 | 0000 4885 | c975 0ef6 | 4608 0175 | 52f0 4883 
  0x00007f76fcc010f8: 4e08 01eb | 4a8b 5908 | 49ba 0000 | 009f 767f | 0000 4903 | da4c 8bd3 | 4833 5e08 | 48f7 c3fc 
  0x00007f76fcc01118: ffff ff74 | 2af6 c302 | 7525 48f7 | 4608 feff | ffff 7417 | 498b da48 | 335e 0848 | f7c3 fcff 
  0x00007f76fcc01138: ffff 740b | 4883 4e08 | 02eb 0448 | 895e 0848 | 85ff 750c | f646 1801 | 7506 f048 | 834e 1801 
  0x00007f76fcc01158: ;   {metadata(method data for {method} {0x00007f769f0b2be8} 'invokeStatic' '(Ljava/lang/Object;JLjava/lang/Object;)J' in 'java/lang/invoke/DirectMethodHandle$Holder')}
  0x00007f76fcc01158: 48be 80db | ad9b 767f | 0000 4883 | 86a0 0100 | 0001 488b | f248 8bd1 | 488b cf0f 

  0x00007f76fcc01174: ;   {static_call}
  0x00007f76fcc01174: 1f40 00e8 

  0x00007f76fcc01178: ; ImmutableOopMap {}
                      ;*invokestatic linkToStatic {reexecute=0 rethrow=0 return_oop=0}
                      ; - java.lang.invoke.DirectMethodHandle$Holder::invokeStatic@13
  0x00007f76fcc01178: 842e 7b07 

  0x00007f76fcc0117c: ;   {other}
  0x00007f76fcc0117c: 0f1f 8400 | 6c05 0000 | 4883 c440 

  0x00007f76fcc01188: ;   {poll_return}
  0x00007f76fcc01188: 5d49 3ba7 | 5004 0000 | 0f87 5100 

  0x00007f76fcc01194: ;   {metadata({method} {0x00007f769f0b2be8} 'invokeStatic' '(Ljava/lang/Object;JLjava/lang/Object;)J' in 'java/lang/invoke/DirectMethodHandle$Holder')}
  0x00007f76fcc01194: 0000 c349 | bae8 2b0b | 9f76 7f00 | 004c 8954 | 2408 48c7 | 0424 ffff 

  0x00007f76fcc011ac: ;   {runtime_call counter_overflow Runtime1 stub}
  0x00007f76fcc011ac: ffff e84d 

  0x00007f76fcc011b0: ; ImmutableOopMap {rsi=Oop rcx=Oop }
                      ;*synchronization entry
                      ; - java.lang.invoke.DirectMethodHandle$Holder::invokeStatic@-1
  0x00007f76fcc011b0: a324 07e9 | 2efd ffff 

  0x00007f76fcc011b8: ;   {metadata({method} {0x00007f769f0a1a00} 'internalMemberName' '(Ljava/lang/Object;)Ljava/lang/Object;' in 'java/lang/invoke/DirectMethodHandle')}
  0x00007f76fcc011b8: 49ba 001a | 0a9f 767f | 0000 4c89 | 5424 0848 | c704 24ff 

  0x00007f76fcc011cc: ;   {runtime_call counter_overflow Runtime1 stub}
  0x00007f76fcc011cc: ffff ffe8 

  0x00007f76fcc011d0: ; ImmutableOopMap {rsi=Oop rcx=Oop }
                      ;*synchronization entry
                      ; - java.lang.invoke.DirectMethodHandle::internalMemberName@-1 (line 327)
                      ; - java.lang.invoke.DirectMethodHandle$Holder::invokeStatic@1
  0x00007f76fcc011d0: 2ca3 2407 | e9b4 fdff | ff48 8934 

  0x00007f76fcc011dc: ;   {runtime_call throw_class_cast_exception Runtime1 stub}
  0x00007f76fcc011dc: 24e8 1e58 

  0x00007f76fcc011e0: ; ImmutableOopMap {rcx=Oop }
                      ;*checkcast {reexecute=0 rethrow=0 return_oop=0}
                      ; - java.lang.invoke.DirectMethodHandle::internalMemberName@1 (line 327)
                      ; - java.lang.invoke.DirectMethodHandle$Holder::invokeStatic@1
                      ;   {runtime_call throw_null_pointer_exception Runtime1 stub}
  0x00007f76fcc011e0: 2407 e819 

  0x00007f76fcc011e4: ; ImmutableOopMap {rcx=Oop }
                      ;*getfield member {reexecute=1 rethrow=0 return_oop=0}
                      ; - (reexecute) java.lang.invoke.DirectMethodHandle::internalMemberName@4 (line 327)
                      ; - java.lang.invoke.DirectMethodHandle$Holder::invokeStatic@1
                      ;   {internal_word}
  0x00007f76fcc011e4: 3424 0749 | ba89 11c0 | fc76 7f00 | 004d 8997 | 6804 0000 

  0x00007f76fcc011f8: ;   {runtime_call SafepointBlob}
  0x00007f76fcc011f8: e903 ae18 | 0749 8b87 | 0005 0000 | 49c7 8700 | 0500 0000 | 0000 0049 | c787 0805 | 0000 0000 
  0x00007f76fcc01218: 0000 4883 

  0x00007f76fcc0121c: ;   {runtime_call unwind_exception Runtime1 stub}
  0x00007f76fcc0121c: c440 5de9 | 5c20 2407 | f4f4 f4f4 
[Stub Code]
  0x00007f76fcc01228: ;   {no_reloc}
  0x00007f76fcc01228: 48bb 0000 | 0000 0000 

  0x00007f76fcc01230: ;   {runtime_call nmethod}
  0x00007f76fcc01230: 0000 e9fb 

  0x00007f76fcc01234: ;   {runtime_call handle_exception_from_callee Runtime1 stub}
  0x00007f76fcc01234: ffff ffe8 | c451 2407 

  0x00007f76fcc0123c: ;   {external_word}
  0x00007f76fcc0123c: 48bf 041b | dc1b 777f | 0000 4883 

  0x00007f76fcc01248: ;   {runtime_call MacroAssembler::debug64(char*, long, long*)}
  0x00007f76fcc01248: e4f0 e891 | 6bc8 1ef4 
[Deopt Handler Code]
  0x00007f76fcc01250: ;   {section_word}
  0x00007f76fcc01250: 49ba 5012 | c0fc 767f | 0000 4152 

  0x00007f76fcc0125c: ;   {runtime_call DeoptimizationBlob}
  0x00007f76fcc0125c: e93f a018 

  0x00007f76fcc01260: ;   {section_word}
  0x00007f76fcc01260: 0749 ba61 | 12c0 fc76 | 7f00 0041 

  0x00007f76fcc0126c: ;   {runtime_call DeoptimizationBlob}
  0x00007f76fcc0126c: 52e9 2ea0 | 1807 f4f4 | f4f4 f4f4 
[/MachCode]


Compiled method (c1) 9154 6917   !   3       java.lang.invoke.LambdaForm$MH/0x00007f76a03d4800::guardWithCatch (77 bytes)
 total in heap  [0x00007f76fd303c10,0x00007f76fd304880] = 3184
 relocation     [0x00007f76fd303d68,0x00007f76fd303e08] = 160
 main code      [0x00007f76fd303e20,0x00007f76fd304638] = 2072
 stub code      [0x00007f76fd304638,0x00007f76fd304698] = 96
 oops           [0x00007f76fd304698,0x00007f76fd3046a0] = 8
 metadata       [0x00007f76fd3046a0,0x00007f76fd3046a8] = 8
 scopes data    [0x00007f76fd3046a8,0x00007f76fd304738] = 144
 scopes pcs     [0x00007f76fd304738,0x00007f76fd304808] = 208
 dependencies   [0x00007f76fd304808,0x00007f76fd304810] = 8
 handler table  [0x00007f76fd304810,0x00007f76fd304858] = 72
 nul chk table  [0x00007f76fd304858,0x00007f76fd304880] = 40

[Constant Pool (empty)]

[MachCode]
[Verified Entry Point]
  # {method} {0x00007f769d071388} 'guardWithCatch' '(Ljava/lang/Object;JLjava/lang/Object;)J' in 'java/lang/invoke/LambdaForm$MH+0x00007f76a03d4800'
  # parm0:    rsi:rsi   = 'java/lang/Object'
  # parm1:    rdx:rdx   = long
  # parm2:    rcx:rcx   = 'java/lang/Object'
  #           [sp+0x70]  (sp of caller)
  0x00007f76fd303e20: 8984 2400 | c0fe ff55 | 4883 ec60 | 4181 7f20 | 0900 0000 

  0x00007f76fd303e34: ;   {runtime_call StubRoutines (final stubs)}
  0x00007f76fd303e34: 7405 e845 

  0x00007f76fd303e38: ;   {metadata(method data for {method} {0x00007f769d071388} 'guardWithCatch' '(Ljava/lang/Object;JLjava/lang/Object;)J' in 'java/lang/invoke/LambdaForm$MH+0x00007f76a03d4800')}
  0x00007f76fd303e38: 76a6 0648 | bf00 d8f5 | 9e76 7f00 | 0048 8dbf | d803 0000 | 4885 f675 | 0cf6 0701 | 752f f048 
  0x00007f76fd303e58: 830f 01eb | 288b 5e08 | 49ba 0000 | 009f 767f | 0000 4903 | da4c 8bd3 | 4833 1f48 | f7c3 fcff 
  0x00007f76fd303e78: ffff 7409 | f6c3 0275 | 0448 830f | 0248 85c9 | 750e f647 | 1001 7532 | f048 834f | 1001 eb2a 
  0x00007f76fd303e98: 8b59 0849 | ba00 0000 | 9f76 7f00 | 0049 03da | 4c8b d348 | 335f 1048 | f7c3 fcff | ffff 740a 
  0x00007f76fd303eb8: f6c3 0275 | 0548 834f 

  0x00007f76fd303ec0: ;   {metadata(method data for {method} {0x00007f769d071388} 'guardWithCatch' '(Ljava/lang/Object;JLjava/lang/Object;)J' in 'java/lang/invoke/LambdaForm$MH+0x00007f76a03d4800')}
  0x00007f76fd303ec0: 1002 48bf | 00d8 f59e | 767f 0000 | 8b9f f400 | 0000 83c3 | 0289 9ff4 | 0000 0081 | e3fe 0700 
  0x00007f76fd303ee0: 0085 db0f | 8471 0600 | 0048 85f6 

  0x00007f76fd303eec: ;   {metadata(method data for {method} {0x00007f769d071388} 'guardWithCatch' '(Ljava/lang/Object;JLjava/lang/Object;)J' in 'java/lang/invoke/LambdaForm$MH+0x00007f76a03d4800')}
  0x00007f76fd303eec: 7516 48bb | 00d8 f59e | 767f 0000 | 808b 3101 | 0000 01e9 | cc00 0000 

  0x00007f76fd303f04: ;   {metadata('java/lang/invoke/BoundMethodHandle$Species_LLLLL')}
  0x00007f76fd303f04: 48b8 8818 | 239f 767f | 0000 8b7e | 0849 ba00 | 0000 9f76 | 7f00 0049 | 03fa 483b | c70f 858d 
  0x00007f76fd303f24: ;   {metadata(method data for {method} {0x00007f769d071388} 'guardWithCatch' '(Ljava/lang/Object;JLjava/lang/Object;)J' in 'java/lang/invoke/LambdaForm$MH+0x00007f76a03d4800')}
  0x00007f76fd303f24: 0000 0048 | bb00 d8f5 | 9e76 7f00 | 008b 4608 | 49ba 0000 | 009f 767f | 0000 4903 | c248 3b83 
  0x00007f76fd303f44: 4801 0000 | 750d 4883 | 8350 0100 | 0001 e979 | 0000 0048 | 3b83 5801 | 0000 750d | 4883 8360 
  0x00007f76fd303f64: 0100 0001 | e963 0000 | 0048 83bb | 4801 0000 | 0075 1748 | 8983 4801 | 0000 48c7 | 8350 0100 
  0x00007f76fd303f84: 0001 0000 | 00e9 4200 | 0000 4883 | bb58 0100 | 0000 7517 | 4889 8358 | 0100 0048 | c783 6001 
  0x00007f76fd303fa4: 0000 0100 | 0000 e921 | 0000 00e9 | 1c00 0000 

  0x00007f76fd303fb4: ;   {metadata(method data for {method} {0x00007f769d071388} 'guardWithCatch' '(Ljava/lang/Object;JLjava/lang/Object;)J' in 'java/lang/invoke/LambdaForm$MH+0x00007f76a03d4800')}
  0x00007f76fd303fb4: 48bb 00d8 | f59e 767f | 0000 4883 | ab38 0100 | 0001 e9b0 | 0500 00e9 | 0000 0000 

  0x00007f76fd303fd0: ; implicit exception: dispatches to 0x00007f76fd304584
  0x00007f76fd303fd0: 8b7e 208b | 5e24 8b46 | 2844 8b46 | 2c8b 7630 | 4889 4424 | 3848 895c | 2430 4885 

  0x00007f76fd303fec: ;   {metadata(method data for {method} {0x00007f769d071388} 'guardWithCatch' '(Ljava/lang/Object;JLjava/lang/Object;)J' in 'java/lang/invoke/LambdaForm$MH+0x00007f76a03d4800')}
  0x00007f76fd303fec: ff75 1749 | b800 d8f5 | 9e76 7f00 | 0041 8088 | 6901 0000 | 01e9 cf00 

  0x00007f76fd304004: ;   {metadata('java/lang/invoke/MethodHandle')}
  0x00007f76fd304004: 0000 49b9 | 18f1 059f | 767f 0000 | 448b 4708 | 49ba 0000 | 009f 767f | 0000 4d03 | c24d 3b48 
  0x00007f76fd304024: 380f 858e 

  0x00007f76fd304028: ;   {metadata(method data for {method} {0x00007f769d071388} 'guardWithCatch' '(Ljava/lang/Object;JLjava/lang/Object;)J' in 'java/lang/invoke/LambdaForm$MH+0x00007f76a03d4800')}
  0x00007f76fd304028: 0000 0049 | b800 d8f5 | 9e76 7f00 | 0044 8b4f | 0849 ba00 | 0000 9f76 | 7f00 004d | 03ca 4d3b 
  0x00007f76fd304048: 8880 0100 | 0075 0d49 | 8380 8801 | 0000 01e9 | 7900 0000 | 4d3b 8890 | 0100 0075 | 0d49 8380 
  0x00007f76fd304068: 9801 0000 | 01e9 6300 | 0000 4983 | b880 0100 | 0000 7517 | 4d89 8880 | 0100 0049 | c780 8801 
  0x00007f76fd304088: 0000 0100 | 0000 e942 | 0000 0049 | 83b8 9001 | 0000 0075 | 174d 8988 | 9001 0000 | 49c7 8098 
  0x00007f76fd3040a8: 0100 0001 | 0000 00e9 | 2100 0000 | e91c 0000 

  0x00007f76fd3040b8: ;   {metadata(method data for {method} {0x00007f769d071388} 'guardWithCatch' '(Ljava/lang/Object;JLjava/lang/Object;)J' in 'java/lang/invoke/LambdaForm$MH+0x00007f76a03d4800')}
  0x00007f76fd3040b8: 0049 b800 | d8f5 9e76 | 7f00 0049 | 83a8 7001 | 0000 01e9 | b904 0000 | e900 0000 | 0048 8bf7 
  0x00007f76fd3040d8: ; implicit exception: dispatches to 0x00007f76fd304592
                      ;   {metadata(method data for {method} {0x00007f769d071388} 'guardWithCatch' '(Ljava/lang/Object;JLjava/lang/Object;)J' in 'java/lang/invoke/LambdaForm$MH+0x00007f76a03d4800')}
  0x00007f76fd3040d8: 483b 0648 | bf00 d8f5 | 9e76 7f00 | 0048 8dbf | e001 0000 | 4885 c975 | 0ef6 4708 | 0175 34f0 
  0x00007f76fd3040f8: 4883 4f08 | 01eb 2c44 | 8b41 0849 | ba00 0000 | 9f76 7f00 | 004d 03c2 | 4d8b d04c | 3347 0849 
  0x00007f76fd304118: f7c0 fcff | ffff 740b | 41f6 c002 | 7505 4883 | 4f08 0248 

  0x00007f76fd30412c: ;   {metadata(method data for {method} {0x00007f769d071388} 'guardWithCatch' '(Ljava/lang/Object;JLjava/lang/Object;)J' in 'java/lang/invoke/LambdaForm$MH+0x00007f76a03d4800')}
  0x00007f76fd30412c: 8bfe 49b8 | 00d8 f59e | 767f 0000 | 4983 80a8 | 0100 0001 | 488b fa48 | 8bd7 4c8b | c149 8bc8 
  0x00007f76fd30414c: 4889 7c24 | 484c 8944 

  0x00007f76fd304154: ;   {optimized virtual_call}
  0x00007f76fd304154: 2440 90e8 

  0x00007f76fd304158: ; ImmutableOopMap {[48]=Oop [56]=Oop [64]=Oop }
                      ;*invokevirtual invokeBasic {reexecute=0 rethrow=0 return_oop=0}
                      ; - java.lang.invoke.LambdaForm$MH/0x00007f76a03d4800::guardWithCatch@42
  0x00007f76fd304158: a401 0b07 

  0x00007f76fd30415c: ;   {other}
  0x00007f76fd30415c: 0f1f 8400 | 4c05 0000 | e9c6 0300 | 0049 8b87 | 0005 0000 | 4d33 d24d | 8997 0005 | 0000 4d33 
  0x00007f76fd30417c: d24d 8997 | 0805 0000 | 4885 db75 

  0x00007f76fd304188: ;   {metadata(method data for {method} {0x00007f769d071388} 'guardWithCatch' '(Ljava/lang/Object;JLjava/lang/Object;)J' in 'java/lang/invoke/LambdaForm$MH+0x00007f76a03d4800')}
  0x00007f76fd304188: 1648 bf00 | d8f5 9e76 | 7f00 0080 | 8f09 0200 | 0001 e9cc 

  0x00007f76fd30419c: ;   {metadata('java/lang/Class')}
  0x00007f76fd30419c: 0000 0048 | ba50 6b00 | 9f76 7f00 | 008b 7308 | 49ba 0000 | 009f 767f | 0000 4903 | f248 3bd6 
  0x00007f76fd3041bc: 0f85 8d00 

  0x00007f76fd3041c0: ;   {metadata(method data for {method} {0x00007f769d071388} 'guardWithCatch' '(Ljava/lang/Object;JLjava/lang/Object;)J' in 'java/lang/invoke/LambdaForm$MH+0x00007f76a03d4800')}
  0x00007f76fd3041c0: 0000 48bf | 00d8 f59e | 767f 0000 | 8b53 0849 | ba00 0000 | 9f76 7f00 | 0049 03d2 | 483b 9720 
  0x00007f76fd3041e0: 0200 0075 | 0d48 8387 | 2802 0000 | 01e9 7900 | 0000 483b | 9730 0200 | 0075 0d48 | 8387 3802 
  0x00007f76fd304200: 0000 01e9 | 6300 0000 | 4883 bf20 | 0200 0000 | 7517 4889 | 9720 0200 | 0048 c787 | 2802 0000 
  0x00007f76fd304220: 0100 0000 | e942 0000 | 0048 83bf | 3002 0000 | 0075 1748 | 8997 3002 | 0000 48c7 | 8738 0200 
  0x00007f76fd304240: 0001 0000 | 00e9 2100 | 0000 e91c 

  0x00007f76fd30424c: ;   {metadata(method data for {method} {0x00007f769d071388} 'guardWithCatch' '(Ljava/lang/Object;JLjava/lang/Object;)J' in 'java/lang/invoke/LambdaForm$MH+0x00007f76a03d4800')}
  0x00007f76fd30424c: 0000 0048 | bf00 d8f5 | 9e76 7f00 | 0048 83af | 1002 0000 | 01e9 3103 | 0000 e900 | 0000 0048 
  0x00007f76fd30426c: 8bfb 483b 

  0x00007f76fd304270: ;   {metadata(method data for {method} {0x00007f769d071388} 'guardWithCatch' '(Ljava/lang/Object;JLjava/lang/Object;)J' in 'java/lang/invoke/LambdaForm$MH+0x00007f76a03d4800')}
  0x00007f76fd304270: 0748 be00 | d8f5 9e76 | 7f00 0048 | 8db6 8002 | 0000 8b58 | 0849 ba00 | 0000 9f76 | 7f00 0049 
  0x00007f76fd304290: 03da 4c8b | d348 335e | 0848 f7c3 | fcff ffff | 742a f6c3 | 0275 2548 | f746 08fe | ffff ff74 
  0x00007f76fd3042b0: 1749 8bda | 4833 5e08 | 48f7 c3fc | ffff ff74 | 0b48 834e | 0802 eb04 | 4889 5e08 

  0x00007f76fd3042cc: ;   {metadata(method data for {method} {0x00007f769d071388} 'guardWithCatch' '(Ljava/lang/Object;JLjava/lang/Object;)J' in 'java/lang/invoke/LambdaForm$MH+0x00007f76a03d4800')}
  0x00007f76fd3042cc: 488b f748 | bb00 d8f5 | 9e76 7f00 | 0048 8383 | 4802 0000 | 0148 8bf0 | 4889 4424 

  0x00007f76fd3042e8: ;   {runtime_call Runtime1::is_instance_of(oopDesc*, oopDesc*)}
  0x00007f76fd3042e8: 50e8 e2da 

  0x00007f76fd3042ec: ;   {other}
  0x00007f76fd3042ec: ee1d 0f1f | 8400 0000 | 0000 85c0 

  0x00007f76fd3042f8: ;   {metadata(method data for {method} {0x00007f769d071388} 'guardWithCatch' '(Ljava/lang/Object;JLjava/lang/Object;)J' in 'java/lang/invoke/LambdaForm$MH+0x00007f76a03d4800')}
  0x00007f76fd3042f8: 48ba 00d8 | f59e 767f | 0000 48c7 | c198 0200 | 0074 0748 | c7c1 a802 | 0000 4c8b | 040a 4d8d 
  0x00007f76fd304318: 4001 4c89 | 040a 488b | 7424 500f | 8429 0200 | 0048 8b44 | 2438 4c8b | 4424 4048 | 8b4c 2448 
  0x00007f76fd304338: 4885 c075 

  0x00007f76fd30433c: ;   {metadata(method data for {method} {0x00007f769d071388} 'guardWithCatch' '(Ljava/lang/Object;JLjava/lang/Object;)J' in 'java/lang/invoke/LambdaForm$MH+0x00007f76a03d4800')}
  0x00007f76fd30433c: 1648 bb00 | d8f5 9e76 | 7f00 0080 | 8bb1 0200 | 0001 e9cd 

  0x00007f76fd304350: ;   {metadata('java/lang/invoke/MethodHandle')}
  0x00007f76fd304350: 0000 0048 | bf18 f105 | 9f76 7f00 | 008b 5808 | 49ba 0000 | 009f 767f | 0000 4903 | da48 3b7b 
  0x00007f76fd304370: 380f 858d 

  0x00007f76fd304374: ;   {metadata(method data for {method} {0x00007f769d071388} 'guardWithCatch' '(Ljava/lang/Object;JLjava/lang/Object;)J' in 'java/lang/invoke/LambdaForm$MH+0x00007f76a03d4800')}
  0x00007f76fd304374: 0000 0048 | bb00 d8f5 | 9e76 7f00 | 008b 7808 | 49ba 0000 | 009f 767f | 0000 4903 | fa48 3bbb 
  0x00007f76fd304394: c802 0000 | 750d 4883 | 83d0 0200 | 0001 e979 | 0000 0048 | 3bbb d802 | 0000 750d | 4883 83e0 
  0x00007f76fd3043b4: 0200 0001 | e963 0000 | 0048 83bb | c802 0000 | 0075 1748 | 89bb c802 | 0000 48c7 | 83d0 0200 
  0x00007f76fd3043d4: 0001 0000 | 00e9 4200 | 0000 4883 | bbd8 0200 | 0000 7517 | 4889 bbd8 | 0200 0048 | c783 e002 
  0x00007f76fd3043f4: 0000 0100 | 0000 e921 | 0000 00e9 | 1c00 0000 

  0x00007f76fd304404: ;   {metadata(method data for {method} {0x00007f769d071388} 'guardWithCatch' '(Ljava/lang/Object;JLjava/lang/Object;)J' in 'java/lang/invoke/LambdaForm$MH+0x00007f76a03d4800')}
  0x00007f76fd304404: 48bb 00d8 | f59e 767f | 0000 4883 | abb8 0200 | 0001 e98a | 0100 00e9 | 0000 0000 | 488b f848 
  0x00007f76fd304424: ;   {metadata(method data for {method} {0x00007f769d071388} 'guardWithCatch' '(Ljava/lang/Object;JLjava/lang/Object;)J' in 'java/lang/invoke/LambdaForm$MH+0x00007f76a03d4800')}
  0x00007f76fd304424: 3b07 48ba | 00d8 f59e | 767f 0000 | 488d 9228 | 0300 008b | 5e08 49ba | 0000 009f | 767f 0000 
  0x00007f76fd304444: 4903 da4c | 8bd3 4833 | 5a08 48f7 | c3fc ffff | ff74 2af6 | c302 7525 | 48f7 4208 | feff ffff 
  0x00007f76fd304464: 7417 498b | da48 335a | 0848 f7c3 | fcff ffff | 740b 4883 | 4a08 02eb | 0448 895a | 084d 85c0 
  0x00007f76fd304484: 750e f642 | 1801 7553 | f048 834a | 1801 eb4b | 418b 5808 | 49ba 0000 | 009f 767f | 0000 4903 
  0x00007f76fd3044a4: da4c 8bd3 | 4833 5a18 | 48f7 c3fc | ffff ff74 | 2af6 c302 | 7525 48f7 | 4218 feff | ffff 7417 
  0x00007f76fd3044c4: 498b da48 | 335a 1848 | f7c3 fcff | ffff 740b | 4883 4a18 | 02eb 0448 | 895a 1848 

  0x00007f76fd3044e0: ;   {metadata(method data for {method} {0x00007f769d071388} 'guardWithCatch' '(Ljava/lang/Object;JLjava/lang/Object;)J' in 'java/lang/invoke/LambdaForm$MH+0x00007f76a03d4800')}
  0x00007f76fd3044e0: 8bd7 48bb | 00d8 f59e | 767f 0000 | 4883 83f0 | 0200 0001 | 488b d648 | 8bf7 0f1f 

  0x00007f76fd3044fc: ;   {optimized virtual_call}
  0x00007f76fd3044fc: 4400 00e8 

  0x00007f76fd304500: ; ImmutableOopMap {}
                      ;*invokevirtual invokeBasic {reexecute=0 rethrow=0 return_oop=0}
                      ; - java.lang.invoke.LambdaForm$MH/0x00007f76a03d4800::guardWithCatch@69
  0x00007f76fd304500: 7c0e a806 

  0x00007f76fd304504: ;   {other}
  0x00007f76fd304504: 0f1f 8400 | f408 0001 

  0x00007f76fd30450c: ;   {metadata(method data for {method} {0x00007f769d071388} 'guardWithCatch' '(Ljava/lang/Object;JLjava/lang/Object;)J' in 'java/lang/invoke/LambdaForm$MH+0x00007f76a03d4800')}
  0x00007f76fd30450c: 48be 00d8 | f59e 767f | 0000 ff86 | 5003 0000 | 4883 c460 

  0x00007f76fd304520: ;   {poll_return}
  0x00007f76fd304520: 5d49 3ba7 | 5004 0000 | 0f87 8500 

  0x00007f76fd30452c: ;   {metadata(method data for {method} {0x00007f769d071388} 'guardWithCatch' '(Ljava/lang/Object;JLjava/lang/Object;)J' in 'java/lang/invoke/LambdaForm$MH+0x00007f76a03d4800')}
  0x00007f76fd30452c: 0000 c348 | be00 d8f5 | 9e76 7f00 | 00ff 86f8 | 0100 0048 | 83c4 605d 

  0x00007f76fd304544: ;   {poll_return}
  0x00007f76fd304544: 493b a750 | 0400 000f | 8778 0000 | 00c3 488b | c6e9 d400 

  0x00007f76fd304558: ;   {metadata({method} {0x00007f769d071388} 'guardWithCatch' '(Ljava/lang/Object;JLjava/lang/Object;)J' in 'java/lang/invoke/LambdaForm$MH+0x00007f76a03d4800')}
  0x00007f76fd304558: 0000 49ba | 8813 079d | 767f 0000 | 4c89 5424 | 0848 c704 | 24ff ffff 

  0x00007f76fd304570: ;   {runtime_call counter_overflow Runtime1 stub}
  0x00007f76fd304570: ffe8 8a6f 

  0x00007f76fd304574: ; ImmutableOopMap {rsi=Oop rcx=Oop }
                      ;*synchronization entry
                      ; - java.lang.invoke.LambdaForm$MH/0x00007f76a03d4800::guardWithCatch@-1
  0x00007f76fd304574: b406 e96e | f9ff ff48 

  0x00007f76fd30457c: ;   {runtime_call throw_class_cast_exception Runtime1 stub}
  0x00007f76fd30457c: 8934 24e8 

  0x00007f76fd304580: ; ImmutableOopMap {rcx=Oop }
                      ;*checkcast {reexecute=0 rethrow=0 return_oop=0}
                      ; - java.lang.invoke.LambdaForm$MH/0x00007f76a03d4800::guardWithCatch@1
  0x00007f76fd304580: 7c24 b406 

  0x00007f76fd304584: ;   {runtime_call throw_null_pointer_exception Runtime1 stub}
  0x00007f76fd304584: e877 00b4 

  0x00007f76fd304588: ; ImmutableOopMap {rcx=Oop rsi=Oop }
                      ;*getfield argL0 {reexecute=1 rethrow=0 return_oop=0}
                      ; - (reexecute) java.lang.invoke.LambdaForm$MH/0x00007f76a03d4800::guardWithCatch@6
  0x00007f76fd304588: 0648 893c 

  0x00007f76fd30458c: ;   {runtime_call throw_class_cast_exception Runtime1 stub}
  0x00007f76fd30458c: 24e8 6e24 

  0x00007f76fd304590: ; ImmutableOopMap {rcx=Oop [48]=Oop [56]=Oop }
                      ;*checkcast {reexecute=0 rethrow=0 return_oop=0}
                      ; - java.lang.invoke.LambdaForm$MH/0x00007f76a03d4800::guardWithCatch@37
                      ;   {runtime_call throw_null_pointer_exception Runtime1 stub}
  0x00007f76fd304590: b406 e869 

  0x00007f76fd304594: ; ImmutableOopMap {rcx=Oop rsi=Oop [48]=Oop [56]=Oop }
                      ;*invokevirtual invokeBasic {reexecute=0 rethrow=0 return_oop=0}
                      ; - java.lang.invoke.LambdaForm$MH/0x00007f76a03d4800::guardWithCatch@42
  0x00007f76fd304594: 00b4 0648 

  0x00007f76fd304598: ;   {runtime_call throw_class_cast_exception Runtime1 stub}
  0x00007f76fd304598: 891c 24e8 

  0x00007f76fd30459c: ; ImmutableOopMap {rax=Oop [56]=Oop [64]=Oop }
                      ;*checkcast {reexecute=0 rethrow=0 return_oop=0}
                      ; - java.lang.invoke.LambdaForm$MH/0x00007f76a03d4800::guardWithCatch@51
  0x00007f76fd30459c: 6024 b406 

  0x00007f76fd3045a0: ;   {runtime_call throw_null_pointer_exception Runtime1 stub}
  0x00007f76fd3045a0: e85b 00b4 

  0x00007f76fd3045a4: ; ImmutableOopMap {rax=Oop rdi=Oop [56]=Oop [64]=Oop }
                      ;*invokevirtual isInstance {reexecute=0 rethrow=0 return_oop=0}
                      ; - java.lang.invoke.LambdaForm$MH/0x00007f76a03d4800::guardWithCatch@55
  0x00007f76fd3045a4: 0648 8904 

  0x00007f76fd3045a8: ;   {runtime_call throw_class_cast_exception Runtime1 stub}
  0x00007f76fd3045a8: 24e8 5224 

  0x00007f76fd3045ac: ; ImmutableOopMap {rsi=Oop r8=Oop }
                      ;*checkcast {reexecute=0 rethrow=0 return_oop=0}
                      ; - java.lang.invoke.LambdaForm$MH/0x00007f76a03d4800::guardWithCatch@63
                      ;   {runtime_call throw_null_pointer_exception Runtime1 stub}
  0x00007f76fd3045ac: b406 e84d 

  0x00007f76fd3045b0: ; ImmutableOopMap {rsi=Oop r8=Oop rdi=Oop }
                      ;*invokevirtual invokeBasic {reexecute=0 rethrow=0 return_oop=0}
                      ; - java.lang.invoke.LambdaForm$MH/0x00007f76a03d4800::guardWithCatch@69
                      ;   {internal_word}
  0x00007f76fd3045b0: 00b4 0649 | ba21 4530 | fd76 7f00 | 004d 8997 | 6804 0000 

  0x00007f76fd3045c4: ;   {runtime_call SafepointBlob}
  0x00007f76fd3045c4: e937 7aa8 

  0x00007f76fd3045c8: ;   {internal_word}
  0x00007f76fd3045c8: 0649 ba44 | 4530 fd76 | 7f00 004d | 8997 6804 

  0x00007f76fd3045d8: ;   {runtime_call SafepointBlob}
  0x00007f76fd3045d8: 0000 e921 | 7aa8 0648 | 8b5c 2430 | e980 fbff | ff48 8b5c | 2430 4889 | 4c24 4048 | 8954 2448 
  0x00007f76fd3045f8: e96c fbff | ff48 8b5c | 2430 4889 | 4c24 4048 | 8954 2448 | e958 fbff | ff49 8b87 | 0005 0000 
  0x00007f76fd304618: 49c7 8700 | 0500 0000 | 0000 0049 | c787 0805 | 0000 0000 | 0000 4883 

  0x00007f76fd304630: ;   {runtime_call unwind_exception Runtime1 stub}
  0x00007f76fd304630: c460 5de9 | 48ec b306 
[Stub Code]
  0x00007f76fd304638: ;   {no_reloc}
  0x00007f76fd304638: 48bb 0000 | 0000 0000 

  0x00007f76fd304640: ;   {runtime_call nmethod}
  0x00007f76fd304640: 0000 e9fb 

  0x00007f76fd304644: ;   {static_stub}
  0x00007f76fd304644: ffff ff48 | bb00 0000 | 0000 0000 

  0x00007f76fd304650: ;   {runtime_call nmethod}
  0x00007f76fd304650: 00e9 fbff 

  0x00007f76fd304654: ;   {runtime_call handle_exception_from_callee Runtime1 stub}
  0x00007f76fd304654: ffff e8a5 

  0x00007f76fd304658: ;   {external_word}
  0x00007f76fd304658: 1db4 0648 | bf04 1bdc | 1b77 7f00 | 0048 83e4 

  0x00007f76fd304668: ;   {runtime_call MacroAssembler::debug64(char*, long, long*)}
  0x00007f76fd304668: f0e8 7237 

  0x00007f76fd30466c: ;   {section_word}
  0x00007f76fd30466c: 581e f449 | ba6f 4630 | fd76 7f00 

  0x00007f76fd304678: ;   {runtime_call DeoptimizationBlob}
  0x00007f76fd304678: 0041 52e9 | 206c a806 
[Deopt MH Handler Code]
  0x00007f76fd304680: ;   {section_word}
  0x00007f76fd304680: 49ba 8046 | 30fd 767f | 0000 4152 

  0x00007f76fd30468c: ;   {runtime_call DeoptimizationBlob}
  0x00007f76fd30468c: e90f 6ca8 | 06f4 f4f4 | f4f4 f4f4 
[/MachCode]


---------------  P R O C E S S  ---------------

Threads class SMR info:
_java_thread_list=0x00007f76401438b0, length=27, elements={
0x00007f7714032de0, 0x00007f7714151880, 0x00007f7714152df0, 0x00007f7714154580,
0x00007f7714155bc0, 0x00007f7714157160, 0x00007f7714158ca0, 0x00007f771415a360,
0x00007f77141cd630, 0x00007f77141cfda0, 0x00007f7714710de0, 0x00007f7714726e10,
0x00007f771472bf20, 0x00007f771497a040, 0x00007f767474ca40, 0x00007f764d945ee0,
0x00007f764d946ae0, 0x00007f7650000ff0, 0x00007f7650174390, 0x00007f7650175db0,
0x00007f764de041a0, 0x00007f764e067d70, 0x00007f764e070fb0, 0x00007f764e072710,
0x00007f769400ef70, 0x00007f768c007be0, 0x00007f76e0001550
}

Java Threads: ( => current thread )
  0x00007f7714032de0 JavaThread "Test worker"                       [_thread_blocked, id=2232, stack(0x00007f771aa9d000,0x00007f771ab9d000) (1024K)]
  0x00007f7714151880 JavaThread "Reference Handler"          daemon [_thread_blocked, id=2240, stack(0x00007f7718a30000,0x00007f7718b30000) (1024K)]
  0x00007f7714152df0 JavaThread "Finalizer"                  daemon [_thread_blocked, id=2241, stack(0x00007f7718930000,0x00007f7718a30000) (1024K)]
  0x00007f7714154580 JavaThread "Signal Dispatcher"          daemon [_thread_blocked, id=2242, stack(0x00007f7718830000,0x00007f7718930000) (1024K)]
  0x00007f7714155bc0 JavaThread "Service Thread"             daemon [_thread_blocked, id=2243, stack(0x00007f7718730000,0x00007f7718830000) (1024K)]
  0x00007f7714157160 JavaThread "Monitor Deflation Thread"   daemon [_thread_blocked, id=2244, stack(0x00007f7718630000,0x00007f7718730000) (1024K)]
  0x00007f7714158ca0 JavaThread "C2 CompilerThread0"         daemon [_thread_in_native, id=2245, stack(0x00007f7718530000,0x00007f7718630000) (1024K)]
  0x00007f771415a360 JavaThread "C1 CompilerThread0"         daemon [_thread_blocked, id=2246, stack(0x00007f7718430000,0x00007f7718530000) (1024K)]
  0x00007f77141cd630 JavaThread "Notification Thread"        daemon [_thread_blocked, id=2247, stack(0x00007f7718260000,0x00007f7718360000) (1024K)]
  0x00007f77141cfda0 JavaThread "Common-Cleaner"             daemon [_thread_blocked, id=2248, stack(0x00007f7718160000,0x00007f7718260000) (1024K)]
  0x00007f7714710de0 JavaThread "/127.0.0.1:54683 to /127.0.0.1:44293 workers"        [_thread_blocked, id=2257, stack(0x00007f76fc3fd000,0x00007f76fc4fd000) (1024K)]
  0x00007f7714726e10 JavaThread "/127.0.0.1:54683 to /127.0.0.1:44293 workers Thread 2"        [_thread_blocked, id=2258, stack(0x00007f76fc2fd000,0x00007f76fc3fd000) (1024K)]
  0x00007f771472bf20 JavaThread "/127.0.0.1:54683 to /127.0.0.1:44293 workers Thread 3"        [_thread_in_native, id=2259, stack(0x00007f76fc1fd000,0x00007f76fc2fd000) (1024K)]
  0x00007f771497a040 JavaThread "SDK 34 Main Thread"                [_thread_in_vm, id=2260, stack(0x00007f76fc0fd000,0x00007f76fc1fd000) (1024K)]
  0x00007f767474ca40 JavaThread "C2 CompilerThread1"         daemon [_thread_in_native, id=2261, stack(0x00007f7718035000,0x00007f7718135000) (1024K)]
  0x00007f764d945ee0 JavaThread "DefaultDispatcher-worker-1" daemon [_thread_blocked, id=2262, stack(0x00007f76edf00000,0x00007f76ee000000) (1024K)]
  0x00007f764d946ae0 JavaThread "DefaultDispatcher-worker-2" daemon [_thread_blocked, id=2263, stack(0x00007f76ed6e6000,0x00007f76ed7e6000) (1024K)]
  0x00007f7650000ff0 JavaThread "DefaultDispatcher-worker-3" daemon [_thread_blocked, id=2264, stack(0x00007f76ed5e6000,0x00007f76ed6e6000) (1024K)]
  0x00007f7650174390 JavaThread "arch_disk_io_0 @coroutine#216" daemon [_thread_blocked, id=2265, stack(0x00007f76ed4e6000,0x00007f76ed5e6000) (1024K)]
  0x00007f7650175db0 JavaThread "DefaultDispatcher-worker-4" daemon [_thread_blocked, id=2267, stack(0x00007f76ed2e6000,0x00007f76ed3e6000) (1024K)]
  0x00007f764de041a0 JavaThread "kotlinx.coroutines.DefaultExecutor" daemon [_thread_blocked, id=2268, stack(0x00007f76ed1e6000,0x00007f76ed2e6000) (1024K)]
  0x00007f764e067d70 JavaThread "arch_disk_io_1 @coroutine#65"        [_thread_blocked, id=2269, stack(0x00007f76ed0e6000,0x00007f76ed1e6000) (1024K)]
  0x00007f764e070fb0 JavaThread "arch_disk_io_2 @coroutine#3"        [_thread_blocked, id=2270, stack(0x00007f76ecfe6000,0x00007f76ed0e6000) (1024K)]
  0x00007f764e072710 JavaThread "arch_disk_io_3 @Room Invalidation Tracker Refresh#245"        [_thread_blocked, id=2271, stack(0x00007f76ecee6000,0x00007f76ecfe6000) (1024K)]
  0x00007f769400ef70 JavaThread "WM.task-15"                 daemon [_thread_blocked, id=2293, stack(0x00007f76eca00000,0x00007f76ecb00000) (1024K)]
  0x00007f768c007be0 JavaThread "WM.task-14"                 daemon [_thread_blocked, id=2295, stack(0x00007f76ecb00000,0x00007f76ecc00000) (1024K)]
=>0x00007f76e0001550 JavaThread "WM.task-16"                 daemon [_thread_in_native, id=2296, stack(0x00007f76ed3e6000,0x00007f76ed4e6000) (1024K)]
Total: 27

Other Threads:
  0x00007f77141484a0 VMThread "VM Thread"                           [id=2239, stack(0x00007f7718e1a000,0x00007f7718f1a000) (1024K)]
  0x00007f7714136970 WatcherThread "VM Periodic Task Thread"        [id=2238, stack(0x00007f7718f1b000,0x00007f771901b000) (1024K)]
  0x00007f771405f3a0 WorkerThread "GC Thread#0"                     [id=2233, stack(0x00007f7719900000,0x00007f7719a00000) (1024K)]
  0x00007f7694006980 WorkerThread "GC Thread#1"                     [id=2250, stack(0x00007f76fc700000,0x00007f76fc800000) (1024K)]
  0x00007f76940074a0 WorkerThread "GC Thread#2"                     [id=2251, stack(0x00007f76fc5ff000,0x00007f76fc6ff000) (1024K)]
  0x00007f7694007fc0 WorkerThread "GC Thread#3"                     [id=2252, stack(0x00007f76fc4fe000,0x00007f76fc5fe000) (1024K)]
  0x00007f77140649a0 ConcurrentGCThread "G1 Main Marker"            [id=2234, stack(0x00007f77197ff000,0x00007f77198ff000) (1024K)]
  0x00007f7714065940 WorkerThread "G1 Conc#0"                       [id=2235, stack(0x00007f77196fe000,0x00007f77197fe000) (1024K)]
  0x00007f7714124fb0 ConcurrentGCThread "G1 Refine#0"               [id=2236, stack(0x00007f77191f9000,0x00007f77192f9000) (1024K)]
  0x00007f7714125f70 ConcurrentGCThread "G1 Service"                [id=2237, stack(0x00007f77190f8000,0x00007f77191f8000) (1024K)]
Total: 10

Threads with active compile tasks:
C2 CompilerThread0  9163 8328       4       org.robolectric.res.android.AttributeResolution10::RetrieveAttributes (430 bytes)
C2 CompilerThread1  9163 8340   !   4       org.robolectric.internal.bytecode.SandboxClassLoader::loadClass (108 bytes)
Total: 2

VM state: not at safepoint (normal execution)

VM Mutex/Monitor currently owned by a thread: None

Heap address: 0x00000000e0000000, size: 512 MB, Compressed Oops mode: 32-bit

CDS archive(s) mapped at: [0x00007f769f000000-0x00007f769fc9c000-0x00007f769fc9c000), size 13221888, SharedBaseAddress: 0x00007f769f000000, ArchiveRelocationMode: 1.
Compressed class space mapped at: 0x00007f76a0000000-0x00007f76e0000000, reserved size: 1073741824
Narrow klass base: 0x00007f769f000000, Narrow klass shift: 0, Narrow klass range: 0x100000000

GC Precious Log:
 CardTable entry size: 512
 Card Set container configuration: InlinePtr #cards 5 size 8 Array Of Cards #cards 12 size 40 Howl #buckets 4 coarsen threshold 1843 Howl Bitmap #cards 512 size 80 coarsen threshold 460 Card regions per heap region 1 cards per card region 2048
 CPUs: 4 total, 4 available
 Memory: 12288M
 Large Page Support: Disabled
 NUMA Support: Disabled
 Compressed Oops: Enabled (32-bit)
 Heap Region Size: 1M
 Heap Min Capacity: 8M
 Heap Initial Capacity: 192M
 Heap Max Capacity: 512M
 Pre-touch: Disabled
 Parallel Workers: 4
 Concurrent Workers: 1
 Concurrent Refinement Workers: 4
 Periodic GC: Disabled

Heap:
 garbage-first heap   total 153600K, used 124971K [0x00000000e0000000, 0x0000000100000000)
  region size 1024K, 38 young (38912K), 5 survivors (5120K)
 Metaspace       used 74591K, committed 78720K, reserved 1179648K
  class space    used 7298K, committed 9152K, reserved 1048576K

Heap Regions: E=young(eden), S=young(survivor), O=old, HS=humongous(starts), HC=humongous(continues), CS=collection set, F=free, TAMS=top-at-mark-start, PB=parsable bottom
|   0|0x00000000e0000000, 0x00000000e0100000, 0x00000000e0100000|100%|HS|  |TAMS 0x00000000e0000000| PB 0x00000000e0000000| Complete 
|   1|0x00000000e0100000, 0x00000000e0200000, 0x00000000e0200000|100%|HC|  |TAMS 0x00000000e0100000| PB 0x00000000e0100000| Complete 
|   2|0x00000000e0200000, 0x00000000e0300000, 0x00000000e0300000|100%|HS|  |TAMS 0x00000000e0200000| PB 0x00000000e0200000| Complete 
|   3|0x00000000e0300000, 0x00000000e0400000, 0x00000000e0400000|100%| O|  |TAMS 0x00000000e0300000| PB 0x00000000e0300000| Untracked 
|   4|0x00000000e0400000, 0x00000000e0500000, 0x00000000e0500000|100%|HS|  |TAMS 0x00000000e0400000| PB 0x00000000e0400000| Complete 
|   5|0x00000000e0500000, 0x00000000e0600000, 0x00000000e0600000|100%|HC|  |TAMS 0x00000000e0500000| PB 0x00000000e0500000| Complete 
|   6|0x00000000e0600000, 0x00000000e0700000, 0x00000000e0700000|100%| O|  |TAMS 0x00000000e0600000| PB 0x00000000e0600000| Untracked 
|   7|0x00000000e0700000, 0x00000000e0800000, 0x00000000e0800000|100%| O|  |TAMS 0x00000000e0700000| PB 0x00000000e0700000| Untracked 
|   8|0x00000000e0800000, 0x00000000e0900000, 0x00000000e0900000|100%| O|  |TAMS 0x00000000e0800000| PB 0x00000000e0800000| Untracked 
|   9|0x00000000e0900000, 0x00000000e0a00000, 0x00000000e0a00000|100%| O|  |TAMS 0x00000000e0900000| PB 0x00000000e0900000| Untracked 
|  10|0x00000000e0a00000, 0x00000000e0b00000, 0x00000000e0b00000|100%| O|  |TAMS 0x00000000e0a00000| PB 0x00000000e0a00000| Untracked 
|  11|0x00000000e0b00000, 0x00000000e0c00000, 0x00000000e0c00000|100%| O|  |TAMS 0x00000000e0b00000| PB 0x00000000e0b00000| Untracked 
|  12|0x00000000e0c00000, 0x00000000e0d00000, 0x00000000e0d00000|100%| O|  |TAMS 0x00000000e0c00000| PB 0x00000000e0c00000| Untracked 
|  13|0x00000000e0d00000, 0x00000000e0e00000, 0x00000000e0e00000|100%| O|  |TAMS 0x00000000e0d00000| PB 0x00000000e0d00000| Untracked 
|  14|0x00000000e0e00000, 0x00000000e0f00000, 0x00000000e0f00000|100%|HS|  |TAMS 0x00000000e0e00000| PB 0x00000000e0e00000| Complete 
|  15|0x00000000e0f00000, 0x00000000e1000000, 0x00000000e1000000|100%|HC|  |TAMS 0x00000000e0f00000| PB 0x00000000e0f00000| Complete 
|  16|0x00000000e1000000, 0x00000000e1100000, 0x00000000e1100000|100%|HC|  |TAMS 0x00000000e1000000| PB 0x00000000e1000000| Complete 
|  17|0x00000000e1100000, 0x00000000e1200000, 0x00000000e1200000|100%|HC|  |TAMS 0x00000000e1100000| PB 0x00000000e1100000| Complete 
|  18|0x00000000e1200000, 0x00000000e1300000, 0x00000000e1300000|100%|HC|  |TAMS 0x00000000e1200000| PB 0x00000000e1200000| Complete 
|  19|0x00000000e1300000, 0x00000000e1400000, 0x00000000e1400000|100%|HC|  |TAMS 0x00000000e1300000| PB 0x00000000e1300000| Complete 
|  20|0x00000000e1400000, 0x00000000e1500000, 0x00000000e1500000|100%|HC|  |TAMS 0x00000000e1400000| PB 0x00000000e1400000| Complete 
|  21|0x00000000e1500000, 0x00000000e1600000, 0x00000000e1600000|100%|HS|  |TAMS 0x00000000e1500000| PB 0x00000000e1500000| Complete 
|  22|0x00000000e1600000, 0x00000000e1700000, 0x00000000e1700000|100%| O|  |TAMS 0x00000000e1600000| PB 0x00000000e1600000| Untracked 
|  23|0x00000000e1700000, 0x00000000e1800000, 0x00000000e1800000|100%| O|  |TAMS 0x00000000e1700000| PB 0x00000000e1700000| Untracked 
|  24|0x00000000e1800000, 0x00000000e1900000, 0x00000000e1900000|100%|HS|  |TAMS 0x00000000e1800000| PB 0x00000000e1800000| Complete 
|  25|0x00000000e1900000, 0x00000000e1a00000, 0x00000000e1a00000|100%| O|  |TAMS 0x00000000e1900000| PB 0x00000000e1900000| Untracked 
|  26|0x00000000e1a00000, 0x00000000e1a00000, 0x00000000e1b00000|  0%| F|  |TAMS 0x00000000e1a00000| PB 0x00000000e1a00000| Untracked 
|  27|0x00000000e1b00000, 0x00000000e1c00000, 0x00000000e1c00000|100%| O|  |TAMS 0x00000000e1b00000| PB 0x00000000e1b00000| Untracked 
|  28|0x00000000e1c00000, 0x00000000e1d00000, 0x00000000e1d00000|100%| O|  |TAMS 0x00000000e1c00000| PB 0x00000000e1c00000| Untracked 
|  29|0x00000000e1d00000, 0x00000000e1d00000, 0x00000000e1e00000|  0%| F|  |TAMS 0x00000000e1d00000| PB 0x00000000e1d00000| Untracked 
|  30|0x00000000e1e00000, 0x00000000e1f00000, 0x00000000e1f00000|100%| O|  |TAMS 0x00000000e1e00000| PB 0x00000000e1e00000| Untracked 
|  31|0x00000000e1f00000, 0x00000000e2000000, 0x00000000e2000000|100%| O|  |TAMS 0x00000000e1f00000| PB 0x00000000e1f00000| Untracked 
|  32|0x00000000e2000000, 0x00000000e2100000, 0x00000000e2100000|100%| O|  |TAMS 0x00000000e2000000| PB 0x00000000e2000000| Untracked 
|  33|0x00000000e2100000, 0x00000000e2200000, 0x00000000e2200000|100%| O|  |TAMS 0x00000000e2100000| PB 0x00000000e2100000| Untracked 
|  34|0x00000000e2200000, 0x00000000e2300000, 0x00000000e2300000|100%| O|  |TAMS 0x00000000e2200000| PB 0x00000000e2200000| Untracked 
|  35|0x00000000e2300000, 0x00000000e2400000, 0x00000000e2400000|100%| O|  |TAMS 0x00000000e2300000| PB 0x00000000e2300000| Untracked 
|  36|0x00000000e2400000, 0x00000000e2500000, 0x00000000e2500000|100%| O|  |TAMS 0x00000000e2400000| PB 0x00000000e2400000| Untracked 
|  37|0x00000000e2500000, 0x00000000e2600000, 0x00000000e2600000|100%| O|  |TAMS 0x00000000e2500000| PB 0x00000000e2500000| Untracked 
|  38|0x00000000e2600000, 0x00000000e2700000, 0x00000000e2700000|100%| O|  |TAMS 0x00000000e2600000| PB 0x00000000e2600000| Untracked 
|  39|0x00000000e2700000, 0x00000000e2800000, 0x00000000e2800000|100%| O|  |TAMS 0x00000000e2700000| PB 0x00000000e2700000| Untracked 
|  40|0x00000000e2800000, 0x00000000e2900000, 0x00000000e2900000|100%| O|  |TAMS 0x00000000e2800000| PB 0x00000000e2800000| Untracked 
|  41|0x00000000e2900000, 0x00000000e2a00000, 0x00000000e2a00000|100%| O|  |TAMS 0x00000000e2900000| PB 0x00000000e2900000| Untracked 
|  42|0x00000000e2a00000, 0x00000000e2b00000, 0x00000000e2b00000|100%| O|  |TAMS 0x00000000e2a00000| PB 0x00000000e2a00000| Untracked 
|  43|0x00000000e2b00000, 0x00000000e2c00000, 0x00000000e2c00000|100%| O|  |TAMS 0x00000000e2b00000| PB 0x00000000e2b00000| Untracked 
|  44|0x00000000e2c00000, 0x00000000e2d00000, 0x00000000e2d00000|100%| O|  |TAMS 0x00000000e2c00000| PB 0x00000000e2c00000| Untracked 
|  45|0x00000000e2d00000, 0x00000000e2e00000, 0x00000000e2e00000|100%|HS|  |TAMS 0x00000000e2d00000| PB 0x00000000e2d00000| Complete 
|  46|0x00000000e2e00000, 0x00000000e2f00000, 0x00000000e2f00000|100%|HC|  |TAMS 0x00000000e2e00000| PB 0x00000000e2e00000| Complete 
|  47|0x00000000e2f00000, 0x00000000e3000000, 0x00000000e3000000|100%|HC|  |TAMS 0x00000000e2f00000| PB 0x00000000e2f00000| Complete 
|  48|0x00000000e3000000, 0x00000000e3100000, 0x00000000e3100000|100%|HC|  |TAMS 0x00000000e3000000| PB 0x00000000e3000000| Complete 
|  49|0x00000000e3100000, 0x00000000e3200000, 0x00000000e3200000|100%|HC|  |TAMS 0x00000000e3100000| PB 0x00000000e3100000| Complete 
|  50|0x00000000e3200000, 0x00000000e3300000, 0x00000000e3300000|100%|HC|  |TAMS 0x00000000e3200000| PB 0x00000000e3200000| Complete 
|  51|0x00000000e3300000, 0x00000000e3400000, 0x00000000e3400000|100%|HC|  |TAMS 0x00000000e3300000| PB 0x00000000e3300000| Complete 
|  52|0x00000000e3400000, 0x00000000e3500000, 0x00000000e3500000|100%|HC|  |TAMS 0x00000000e3400000| PB 0x00000000e3400000| Complete 
|  53|0x00000000e3500000, 0x00000000e3600000, 0x00000000e3600000|100%|HC|  |TAMS 0x00000000e3500000| PB 0x00000000e3500000| Complete 
|  54|0x00000000e3600000, 0x00000000e3700000, 0x00000000e3700000|100%|HC|  |TAMS 0x00000000e3600000| PB 0x00000000e3600000| Complete 
|  55|0x00000000e3700000, 0x00000000e3800000, 0x00000000e3800000|100%|HC|  |TAMS 0x00000000e3700000| PB 0x00000000e3700000| Complete 
|  56|0x00000000e3800000, 0x00000000e3900000, 0x00000000e3900000|100%|HC|  |TAMS 0x00000000e3800000| PB 0x00000000e3800000| Complete 
|  57|0x00000000e3900000, 0x00000000e3a00000, 0x00000000e3a00000|100%|HC|  |TAMS 0x00000000e3900000| PB 0x00000000e3900000| Complete 
|  58|0x00000000e3a00000, 0x00000000e3b00000, 0x00000000e3b00000|100%|HC|  |TAMS 0x00000000e3a00000| PB 0x00000000e3a00000| Complete 
|  59|0x00000000e3b00000, 0x00000000e3c00000, 0x00000000e3c00000|100%|HC|  |TAMS 0x00000000e3b00000| PB 0x00000000e3b00000| Complete 
|  60|0x00000000e3c00000, 0x00000000e3d00000, 0x00000000e3d00000|100%|HC|  |TAMS 0x00000000e3c00000| PB 0x00000000e3c00000| Complete 
|  61|0x00000000e3d00000, 0x00000000e3e00000, 0x00000000e3e00000|100%| O|  |TAMS 0x00000000e3d00000| PB 0x00000000e3d00000| Untracked 
|  62|0x00000000e3e00000, 0x00000000e3f00000, 0x00000000e3f00000|100%| O|  |TAMS 0x00000000e3e00000| PB 0x00000000e3e00000| Untracked 
|  63|0x00000000e3f00000, 0x00000000e4000000, 0x00000000e4000000|100%| O|  |TAMS 0x00000000e3f00000| PB 0x00000000e3f00000| Untracked 
|  64|0x00000000e4000000, 0x00000000e4100000, 0x00000000e4100000|100%| O|  |TAMS 0x00000000e4000000| PB 0x00000000e4000000| Untracked 
|  65|0x00000000e4100000, 0x00000000e4200000, 0x00000000e4200000|100%| O|  |TAMS 0x00000000e4100000| PB 0x00000000e4100000| Untracked 
|  66|0x00000000e4200000, 0x00000000e4300000, 0x00000000e4300000|100%| O|  |TAMS 0x00000000e4200000| PB 0x00000000e4200000| Untracked 
|  67|0x00000000e4300000, 0x00000000e4300000, 0x00000000e4400000|  0%| F|  |TAMS 0x00000000e4300000| PB 0x00000000e4300000| Untracked 
|  68|0x00000000e4400000, 0x00000000e4500000, 0x00000000e4500000|100%| O|  |TAMS 0x00000000e4400000| PB 0x00000000e4400000| Untracked 
|  69|0x00000000e4500000, 0x00000000e4600000, 0x00000000e4600000|100%| O|  |TAMS 0x00000000e4500000| PB 0x00000000e4500000| Untracked 
|  70|0x00000000e4600000, 0x00000000e4700000, 0x00000000e4700000|100%| O|  |TAMS 0x00000000e4600000| PB 0x00000000e4600000| Untracked 
|  71|0x00000000e4700000, 0x00000000e4800000, 0x00000000e4800000|100%| O|  |TAMS 0x00000000e4700000| PB 0x00000000e4700000| Untracked 
|  72|0x00000000e4800000, 0x00000000e4900000, 0x00000000e4900000|100%| O|  |TAMS 0x00000000e4800000| PB 0x00000000e4800000| Untracked 
|  73|0x00000000e4900000, 0x00000000e4a00000, 0x00000000e4a00000|100%| O|  |TAMS 0x00000000e4900000| PB 0x00000000e4900000| Untracked 
|  74|0x00000000e4a00000, 0x00000000e4b00000, 0x00000000e4b00000|100%| O|  |TAMS 0x00000000e4a00000| PB 0x00000000e4a00000| Untracked 
|  75|0x00000000e4b00000, 0x00000000e4c00000, 0x00000000e4c00000|100%| O|  |TAMS 0x00000000e4b00000| PB 0x00000000e4b00000| Untracked 
|  76|0x00000000e4c00000, 0x00000000e4d00000, 0x00000000e4d00000|100%| O|  |TAMS 0x00000000e4c00000| PB 0x00000000e4c00000| Untracked 
|  77|0x00000000e4d00000, 0x00000000e4e00000, 0x00000000e4e00000|100%| O|  |TAMS 0x00000000e4d00000| PB 0x00000000e4d00000| Untracked 
|  78|0x00000000e4e00000, 0x00000000e4f00000, 0x00000000e4f00000|100%| O|  |TAMS 0x00000000e4e00000| PB 0x00000000e4e00000| Untracked 
|  79|0x00000000e4f00000, 0x00000000e5000000, 0x00000000e5000000|100%| O|  |TAMS 0x00000000e4f00000| PB 0x00000000e4f00000| Untracked 
|  80|0x00000000e5000000, 0x00000000e5100000, 0x00000000e5100000|100%| O|  |TAMS 0x00000000e5000000| PB 0x00000000e5000000| Untracked 
|  81|0x00000000e5100000, 0x00000000e5200000, 0x00000000e5200000|100%| O|  |TAMS 0x00000000e5100000| PB 0x00000000e5100000| Untracked 
|  82|0x00000000e5200000, 0x00000000e5300000, 0x00000000e5300000|100%| O|  |TAMS 0x00000000e5200000| PB 0x00000000e5200000| Untracked 
|  83|0x00000000e5300000, 0x00000000e5400000, 0x00000000e5400000|100%| O|  |TAMS 0x00000000e5300000| PB 0x00000000e5300000| Untracked 
|  84|0x00000000e5400000, 0x00000000e5500000, 0x00000000e5500000|100%| O|  |TAMS 0x00000000e5400000| PB 0x00000000e5400000| Untracked 
|  85|0x00000000e5500000, 0x00000000e5600000, 0x00000000e5600000|100%| O|  |TAMS 0x00000000e5500000| PB 0x00000000e5500000| Untracked 
|  86|0x00000000e5600000, 0x00000000e5700000, 0x00000000e5700000|100%| O|  |TAMS 0x00000000e5600000| PB 0x00000000e5600000| Untracked 
|  87|0x00000000e5700000, 0x00000000e57703e0, 0x00000000e5800000| 43%| O|  |TAMS 0x00000000e5700000| PB 0x00000000e5700000| Untracked 
|  88|0x00000000e5800000, 0x00000000e5800000, 0x00000000e5900000|  0%| F|  |TAMS 0x00000000e5800000| PB 0x00000000e5800000| Untracked 
|  89|0x00000000e5900000, 0x00000000e5900000, 0x00000000e5a00000|  0%| F|  |TAMS 0x00000000e5900000| PB 0x00000000e5900000| Untracked 
|  90|0x00000000e5a00000, 0x00000000e5a00000, 0x00000000e5b00000|  0%| F|  |TAMS 0x00000000e5a00000| PB 0x00000000e5a00000| Untracked 
|  91|0x00000000e5b00000, 0x00000000e5b00000, 0x00000000e5c00000|  0%| F|  |TAMS 0x00000000e5b00000| PB 0x00000000e5b00000| Untracked 
|  92|0x00000000e5c00000, 0x00000000e5c00000, 0x00000000e5d00000|  0%| F|  |TAMS 0x00000000e5c00000| PB 0x00000000e5c00000| Untracked 
|  93|0x00000000e5d00000, 0x00000000e5d00000, 0x00000000e5e00000|  0%| F|  |TAMS 0x00000000e5d00000| PB 0x00000000e5d00000| Untracked 
|  94|0x00000000e5e00000, 0x00000000e5e9a9e0, 0x00000000e5f00000| 60%| S|CS|TAMS 0x00000000e5e00000| PB 0x00000000e5e00000| Complete 
|  95|0x00000000e5f00000, 0x00000000e6000000, 0x00000000e6000000|100%| S|CS|TAMS 0x00000000e5f00000| PB 0x00000000e5f00000| Complete 
|  96|0x00000000e6000000, 0x00000000e6100000, 0x00000000e6100000|100%| S|CS|TAMS 0x00000000e6000000| PB 0x00000000e6000000| Complete 
|  97|0x00000000e6100000, 0x00000000e6200000, 0x00000000e6200000|100%| S|CS|TAMS 0x00000000e6100000| PB 0x00000000e6100000| Complete 
|  98|0x00000000e6200000, 0x00000000e6300000, 0x00000000e6300000|100%| S|CS|TAMS 0x00000000e6200000| PB 0x00000000e6200000| Complete 
|  99|0x00000000e6300000, 0x00000000e6300000, 0x00000000e6400000|  0%| F|  |TAMS 0x00000000e6300000| PB 0x00000000e6300000| Untracked 
| 100|0x00000000e6400000, 0x00000000e6400000, 0x00000000e6500000|  0%| F|  |TAMS 0x00000000e6400000| PB 0x00000000e6400000| Untracked 
| 101|0x00000000e6500000, 0x00000000e6500000, 0x00000000e6600000|  0%| F|  |TAMS 0x00000000e6500000| PB 0x00000000e6500000| Untracked 
| 102|0x00000000e6600000, 0x00000000e6600000, 0x00000000e6700000|  0%| F|  |TAMS 0x00000000e6600000| PB 0x00000000e6600000| Untracked 
| 103|0x00000000e6700000, 0x00000000e6700000, 0x00000000e6800000|  0%| F|  |TAMS 0x00000000e6700000| PB 0x00000000e6700000| Untracked 
| 104|0x00000000e6800000, 0x00000000e6800000, 0x00000000e6900000|  0%| F|  |TAMS 0x00000000e6800000| PB 0x00000000e6800000| Untracked 
| 105|0x00000000e6900000, 0x00000000e6900000, 0x00000000e6a00000|  0%| F|  |TAMS 0x00000000e6900000| PB 0x00000000e6900000| Untracked 
| 106|0x00000000e6a00000, 0x00000000e6a00000, 0x00000000e6b00000|  0%| F|  |TAMS 0x00000000e6a00000| PB 0x00000000e6a00000| Untracked 
| 107|0x00000000e6b00000, 0x00000000e6b00000, 0x00000000e6c00000|  0%| F|  |TAMS 0x00000000e6b00000| PB 0x00000000e6b00000| Untracked 
| 108|0x00000000e6c00000, 0x00000000e6c00000, 0x00000000e6d00000|  0%| F|  |TAMS 0x00000000e6c00000| PB 0x00000000e6c00000| Untracked 
| 109|0x00000000e6d00000, 0x00000000e6d00000, 0x00000000e6e00000|  0%| F|  |TAMS 0x00000000e6d00000| PB 0x00000000e6d00000| Untracked 
| 110|0x00000000e6e00000, 0x00000000e6e00000, 0x00000000e6f00000|  0%| F|  |TAMS 0x00000000e6e00000| PB 0x00000000e6e00000| Untracked 
| 111|0x00000000e6f00000, 0x00000000e6f00000, 0x00000000e7000000|  0%| F|  |TAMS 0x00000000e6f00000| PB 0x00000000e6f00000| Untracked 
| 112|0x00000000e7000000, 0x00000000e7000000, 0x00000000e7100000|  0%| F|  |TAMS 0x00000000e7000000| PB 0x00000000e7000000| Untracked 
| 113|0x00000000e7100000, 0x00000000e7100000, 0x00000000e7200000|  0%| F|  |TAMS 0x00000000e7100000| PB 0x00000000e7100000| Untracked 
| 114|0x00000000e7200000, 0x00000000e7200000, 0x00000000e7300000|  0%| F|  |TAMS 0x00000000e7200000| PB 0x00000000e7200000| Untracked 
| 115|0x00000000e7300000, 0x00000000e7380000, 0x00000000e7400000| 50%| E|  |TAMS 0x00000000e7300000| PB 0x00000000e7300000| Complete 
| 116|0x00000000e7400000, 0x00000000e7500000, 0x00000000e7500000|100%| E|CS|TAMS 0x00000000e7400000| PB 0x00000000e7400000| Complete 
| 117|0x00000000e7500000, 0x00000000e7600000, 0x00000000e7600000|100%| E|CS|TAMS 0x00000000e7500000| PB 0x00000000e7500000| Complete 
| 118|0x00000000e7600000, 0x00000000e7700000, 0x00000000e7700000|100%| E|CS|TAMS 0x00000000e7600000| PB 0x00000000e7600000| Complete 
| 119|0x00000000e7700000, 0x00000000e7800000, 0x00000000e7800000|100%| E|CS|TAMS 0x00000000e7700000| PB 0x00000000e7700000| Complete 
| 120|0x00000000e7800000, 0x00000000e7900000, 0x00000000e7900000|100%| E|CS|TAMS 0x00000000e7800000| PB 0x00000000e7800000| Complete 
| 121|0x00000000e7900000, 0x00000000e7a00000, 0x00000000e7a00000|100%| E|CS|TAMS 0x00000000e7900000| PB 0x00000000e7900000| Complete 
| 122|0x00000000e7a00000, 0x00000000e7b00000, 0x00000000e7b00000|100%| E|CS|TAMS 0x00000000e7a00000| PB 0x00000000e7a00000| Complete 
| 123|0x00000000e7b00000, 0x00000000e7c00000, 0x00000000e7c00000|100%| E|CS|TAMS 0x00000000e7b00000| PB 0x00000000e7b00000| Complete 
| 124|0x00000000e7c00000, 0x00000000e7d00000, 0x00000000e7d00000|100%| E|CS|TAMS 0x00000000e7c00000| PB 0x00000000e7c00000| Complete 
| 125|0x00000000e7d00000, 0x00000000e7e00000, 0x00000000e7e00000|100%| E|CS|TAMS 0x00000000e7d00000| PB 0x00000000e7d00000| Complete 
| 126|0x00000000e7e00000, 0x00000000e7f00000, 0x00000000e7f00000|100%| E|CS|TAMS 0x00000000e7e00000| PB 0x00000000e7e00000| Complete 
| 127|0x00000000e7f00000, 0x00000000e8000000, 0x00000000e8000000|100%| E|CS|TAMS 0x00000000e7f00000| PB 0x00000000e7f00000| Complete 
| 128|0x00000000e8000000, 0x00000000e8100000, 0x00000000e8100000|100%| E|CS|TAMS 0x00000000e8000000| PB 0x00000000e8000000| Complete 
| 129|0x00000000e8100000, 0x00000000e8200000, 0x00000000e8200000|100%| E|CS|TAMS 0x00000000e8100000| PB 0x00000000e8100000| Complete 
| 130|0x00000000e8200000, 0x00000000e8300000, 0x00000000e8300000|100%| E|CS|TAMS 0x00000000e8200000| PB 0x00000000e8200000| Complete 
| 131|0x00000000e8300000, 0x00000000e8400000, 0x00000000e8400000|100%| E|CS|TAMS 0x00000000e8300000| PB 0x00000000e8300000| Complete 
| 132|0x00000000e8400000, 0x00000000e8500000, 0x00000000e8500000|100%| E|CS|TAMS 0x00000000e8400000| PB 0x00000000e8400000| Complete 
| 133|0x00000000e8500000, 0x00000000e8600000, 0x00000000e8600000|100%| E|CS|TAMS 0x00000000e8500000| PB 0x00000000e8500000| Complete 
| 134|0x00000000e8600000, 0x00000000e8700000, 0x00000000e8700000|100%| E|CS|TAMS 0x00000000e8600000| PB 0x00000000e8600000| Complete 
| 135|0x00000000e8700000, 0x00000000e8800000, 0x00000000e8800000|100%| E|CS|TAMS 0x00000000e8700000| PB 0x00000000e8700000| Complete 
| 136|0x00000000e8800000, 0x00000000e8900000, 0x00000000e8900000|100%| E|CS|TAMS 0x00000000e8800000| PB 0x00000000e8800000| Complete 
| 137|0x00000000e8900000, 0x00000000e8a00000, 0x00000000e8a00000|100%| E|CS|TAMS 0x00000000e8900000| PB 0x00000000e8900000| Complete 
| 138|0x00000000e8a00000, 0x00000000e8b00000, 0x00000000e8b00000|100%| E|  |TAMS 0x00000000e8a00000| PB 0x00000000e8a00000| Complete 
| 139|0x00000000e8b00000, 0x00000000e8c00000, 0x00000000e8c00000|100%| E|CS|TAMS 0x00000000e8b00000| PB 0x00000000e8b00000| Complete 
| 140|0x00000000e8c00000, 0x00000000e8d00000, 0x00000000e8d00000|100%| E|CS|TAMS 0x00000000e8c00000| PB 0x00000000e8c00000| Complete 
| 141|0x00000000e8d00000, 0x00000000e8e00000, 0x00000000e8e00000|100%| E|CS|TAMS 0x00000000e8d00000| PB 0x00000000e8d00000| Complete 
| 171|0x00000000eab00000, 0x00000000eac00000, 0x00000000eac00000|100%| E|CS|TAMS 0x00000000eab00000| PB 0x00000000eab00000| Complete 
| 172|0x00000000eac00000, 0x00000000ead00000, 0x00000000ead00000|100%| E|CS|TAMS 0x00000000eac00000| PB 0x00000000eac00000| Complete 
| 173|0x00000000ead00000, 0x00000000eae00000, 0x00000000eae00000|100%| E|CS|TAMS 0x00000000ead00000| PB 0x00000000ead00000| Complete 
| 190|0x00000000ebe00000, 0x00000000ebf00000, 0x00000000ebf00000|100%| E|CS|TAMS 0x00000000ebe00000| PB 0x00000000ebe00000| Complete 
| 191|0x00000000ebf00000, 0x00000000ec000000, 0x00000000ec000000|100%| E|CS|TAMS 0x00000000ebf00000| PB 0x00000000ebf00000| Complete 
| 509|0x00000000ffd00000, 0x00000000ffe00000, 0x00000000ffe00000|100%| O|  |TAMS 0x00000000ffd00000| PB 0x00000000ffd00000| Untracked 
| 510|0x00000000ffe00000, 0x00000000fff00000, 0x00000000fff00000|100%| O|  |TAMS 0x00000000ffe00000| PB 0x00000000ffe00000| Untracked 
| 511|0x00000000fff00000, 0x0000000100000000, 0x0000000100000000|100%| E|CS|TAMS 0x00000000fff00000| PB 0x00000000fff00000| Complete 

Card table byte_map: [0x00007f771a26c000,0x00007f771a36c000] _byte_map_base: 0x00007f7719b6c000

Marking Bits: (CMBitMap*) 0x00007f771405fed0
 Bits: [0x00007f7719a00000, 0x00007f771a200000)

Polling page: 0x00007f771c415000

Metaspace:

Usage:
  Non-class:     65.72 MB used.
      Class:      7.13 MB used.
       Both:     72.85 MB used.

Virtual space:
  Non-class space:      128.00 MB reserved,      67.94 MB ( 53%) committed,  2 nodes.
      Class space:        1.00 GB reserved,       8.94 MB ( <1%) committed,  1 nodes.
             Both:        1.12 GB reserved,      76.88 MB (  7%) committed. 

Chunk freelists:
   Non-Class:  11.45 MB
       Class:  6.94 MB
        Both:  18.39 MB

MaxMetaspaceSize: unlimited
CompressedClassSpaceSize: 1.00 GB
Initial GC threshold: 21.00 MB
Current GC threshold: 120.12 MB
CDS: on
 - commit_granule_bytes: 65536.
 - commit_granule_words: 8192.
 - virtual_space_node_default_size: 8388608.
 - enlarge_chunks_in_place: 1.
 - use_allocation_guard: 0.


Internal statistics:

num_allocs_failed_limit: 15.
num_arena_births: 7312.
num_arena_deaths: 30.
num_vsnodes_births: 3.
num_vsnodes_deaths: 0.
num_space_committed: 1227.
num_space_uncommitted: 0.
num_chunks_returned_to_freelist: 54.
num_chunks_taken_from_freelist: 11016.
num_chunk_merges: 14.
num_chunk_splits: 7270.
num_chunks_enlarged: 4138.
num_inconsistent_stats: 0.

CodeHeap 'non-profiled nmethods': size=120032Kb used=4773Kb max_used=4773Kb free=115258Kb
 bounds [0x00007f77042c8000, 0x00007f7704778000, 0x00007f770b800000]
CodeHeap 'profiled nmethods': size=120028Kb used=17243Kb max_used=17243Kb free=102784Kb
 bounds [0x00007f76fc800000, 0x00007f76fd8e0000, 0x00007f7703d37000]
CodeHeap 'non-nmethods': size=5700Kb used=2667Kb max_used=2696Kb free=3032Kb
 bounds [0x00007f7703d37000, 0x00007f7703fe7000, 0x00007f77042c8000]
CodeCache: size=245760Kb, used=24683Kb, max_used=24712Kb, free=221074Kb
 total_blobs=9112, nmethods=7574, adapters=1442, full_count=0
Compilation: enabled, stopped_count=0, restarted_count=0

Compilation events (20 events):
Event: 9.112 Thread 0x00007f771415a360 nmethod 8307 0x00007f76fd8a7890 code [0x00007f76fd8a7b80, 0x00007f76fd8a8e58]
Event: 9.112 Thread 0x00007f771415a360 8306       3       java.lang.invoke.LambdaForm$MH/0x00007f76a0710800::delegate (22 bytes)
Event: 9.112 Thread 0x00007f771415a360 nmethod 8306 0x00007f76fd8a9510 code [0x00007f76fd8a96e0, 0x00007f76fd8a9be0]
Event: 9.112 Thread 0x00007f771415a360 8303       3       android.content.pm.PackageItemInfo::<init> (15 bytes)
Event: 9.113 Thread 0x00007f771415a360 nmethod 8303 0x00007f76fd8a9d10 code [0x00007f76fd8aa0a0, 0x00007f76fd8ab708]
Event: 9.113 Thread 0x00007f771415a360 8304       3       android.content.pm.PackageItemInfo::$$robo$$android_content_pm_PackageItemInfo$__constructor__ (8 bytes)
Event: 9.113 Thread 0x00007f771415a360 nmethod 8304 0x00007f76fd8abf10 code [0x00007f76fd8ac0a0, 0x00007f76fd8ac1a8]
Event: 9.113 Thread 0x00007f771415a360 8308       3       android.content.IntentFilter::<init> (15 bytes)
Event: 9.114 Thread 0x00007f771415a360 nmethod 8308 0x00007f76fd8ac210 code [0x00007f76fd8ac5a0, 0x00007f76fd8adbf8]
Event: 9.114 Thread 0x00007f771415a360 8299       3       android.content.res.ThemedResourceCache::$$robo$$android_content_res_ThemedResourceCache$pruneLocked (102 bytes)
Event: 9.119 Thread 0x00007f7714158ca0 8318       4       org.json.JSONObject::put (49 bytes)
Event: 9.121 Thread 0x00007f771415a360 nmethod 8299 0x00007f76fd8ae410 code [0x00007f76fd8aee00, 0x00007f76fd8b5220]
Event: 9.121 Thread 0x00007f771415a360 8313       3       android.content.ComponentName::$$robo$init (18 bytes)
Event: 9.123 Thread 0x00007f771415a360 nmethod 8313 0x00007f76fd8b7110 code [0x00007f76fd8b73e0, 0x00007f76fd8b81e0]
Event: 9.123 Thread 0x00007f771415a360 8311       3       java.lang.invoke.LambdaForm$MH/0x00007f76a04cd400::guard (103 bytes)
Event: 9.123 Thread 0x00007f767474ca40 8319       4       java.lang.Character::isHighSurrogate (18 bytes)
Event: 9.123 Thread 0x00007f771415a360 nmethod 8311 0x00007f76fd8b8710 code [0x00007f76fd8b8940, 0x00007f76fd8b93f8]
Event: 9.124 Thread 0x00007f7714158ca0 nmethod 8318 0x00007f770476f490 code [0x00007f770476f680, 0x00007f770476f990]
Event: 9.124 Thread 0x00007f771415a360 8312   !   3       java.lang.invoke.LambdaForm$MH/0x00007f76a04cbc00::guardWithCatch (79 bytes)
Event: 9.124 Thread 0x00007f767474ca40 nmethod 8319 0x00007f770476fc90 code [0x00007f770476fe00, 0x00007f770476fe88]

GC Heap History (20 events):
Event: 3.593 GC heap before
{Heap before GC invocations=7 (full 0):
 garbage-first heap   total 137216K, used 106277K [0x00000000e0000000, 0x0000000100000000)
  region size 1024K, 41 young (41984K), 7 survivors (7168K)
 Metaspace       used 34590K, committed 36032K, reserved 1114112K
  class space    used 3213K, committed 3840K, reserved 1048576K
}
Event: 3.599 GC heap after
{Heap after GC invocations=8 (full 0):
 garbage-first heap   total 137216K, used 74498K [0x00000000e0000000, 0x0000000100000000)
  region size 1024K, 3 young (3072K), 3 survivors (3072K)
 Metaspace       used 34590K, committed 36032K, reserved 1114112K
  class space    used 3213K, committed 3840K, reserved 1048576K
}
Event: 3.711 GC heap before
{Heap before GC invocations=8 (full 0):
 garbage-first heap   total 137216K, used 80642K [0x00000000e0000000, 0x0000000100000000)
  region size 1024K, 10 young (10240K), 3 survivors (3072K)
 Metaspace       used 35580K, committed 37056K, reserved 1114112K
  class space    used 3317K, committed 3968K, reserved 1048576K
}
Event: 3.716 GC heap after
{Heap after GC invocations=9 (full 0):
 garbage-first heap   total 137216K, used 75437K [0x00000000e0000000, 0x0000000100000000)
  region size 1024K, 4 young (4096K), 4 survivors (4096K)
 Metaspace       used 35580K, committed 37056K, reserved 1114112K
  class space    used 3317K, committed 3968K, reserved 1048576K
}
Event: 4.259 GC heap before
{Heap before GC invocations=10 (full 0):
 garbage-first heap   total 137216K, used 113325K [0x00000000e0000000, 0x0000000100000000)
  region size 1024K, 42 young (43008K), 4 survivors (4096K)
 Metaspace       used 41656K, committed 44160K, reserved 1114112K
  class space    used 4107K, committed 5184K, reserved 1048576K
}
Event: 4.266 GC heap after
{Heap after GC invocations=11 (full 0):
 garbage-first heap   total 137216K, used 78768K [0x00000000e0000000, 0x0000000100000000)
  region size 1024K, 6 young (6144K), 6 survivors (6144K)
 Metaspace       used 41656K, committed 44160K, reserved 1114112K
  class space    used 4107K, committed 5184K, reserved 1048576K
}
Event: 4.712 GC heap before
{Heap before GC invocations=11 (full 0):
 garbage-first heap   total 137216K, used 116656K [0x00000000e0000000, 0x0000000100000000)
  region size 1024K, 43 young (44032K), 6 survivors (6144K)
 Metaspace       used 48822K, committed 51584K, reserved 1114112K
  class space    used 4728K, committed 5952K, reserved 1048576K
}
Event: 4.719 GC heap after
{Heap after GC invocations=12 (full 0):
 garbage-first heap   total 137216K, used 78186K [0x00000000e0000000, 0x0000000100000000)
  region size 1024K, 3 young (3072K), 3 survivors (3072K)
 Metaspace       used 48822K, committed 51584K, reserved 1114112K
  class space    used 4728K, committed 5952K, reserved 1048576K
}
Event: 5.140 GC heap before
{Heap before GC invocations=12 (full 0):
 garbage-first heap   total 137216K, used 118122K [0x00000000e0000000, 0x0000000100000000)
  region size 1024K, 43 young (44032K), 3 survivors (3072K)
 Metaspace       used 55691K, committed 58816K, reserved 1114112K
  class space    used 5431K, committed 6784K, reserved 1048576K
}
Event: 5.146 GC heap after
{Heap after GC invocations=13 (full 0):
 garbage-first heap   total 137216K, used 80896K [0x00000000e0000000, 0x0000000100000000)
  region size 1024K, 5 young (5120K), 5 survivors (5120K)
 Metaspace       used 55691K, committed 58816K, reserved 1114112K
  class space    used 5431K, committed 6784K, reserved 1048576K
}
Event: 5.620 GC heap before
{Heap before GC invocations=14 (full 0):
 garbage-first heap   total 137216K, used 120832K [0x00000000e0000000, 0x0000000100000000)
  region size 1024K, 45 young (46080K), 5 survivors (5120K)
 Metaspace       used 59866K, committed 62976K, reserved 1114112K
  class space    used 5761K, committed 7104K, reserved 1048576K
}
Event: 5.628 GC heap after
{Heap after GC invocations=15 (full 0):
 garbage-first heap   total 137216K, used 83925K [0x00000000e0000000, 0x0000000100000000)
  region size 1024K, 6 young (6144K), 6 survivors (6144K)
 Metaspace       used 59866K, committed 62976K, reserved 1114112K
  class space    used 5761K, committed 7104K, reserved 1048576K
}
Event: 6.409 GC heap before
{Heap before GC invocations=15 (full 0):
 garbage-first heap   total 137216K, used 122837K [0x00000000e0000000, 0x0000000100000000)
  region size 1024K, 46 young (47104K), 6 survivors (6144K)
 Metaspace       used 65828K, committed 69568K, reserved 1114112K
  class space    used 6383K, committed 8064K, reserved 1048576K
}
Event: 6.420 GC heap after
{Heap after GC invocations=16 (full 0):
 garbage-first heap   total 138240K, used 87377K [0x00000000e0000000, 0x0000000100000000)
  region size 1024K, 6 young (6144K), 6 survivors (6144K)
 Metaspace       used 65828K, committed 69568K, reserved 1114112K
  class space    used 6383K, committed 8064K, reserved 1048576K
}
Event: 7.214 GC heap before
{Heap before GC invocations=16 (full 0):
 garbage-first heap   total 138240K, used 124241K [0x00000000e0000000, 0x0000000100000000)
  region size 1024K, 43 young (44032K), 6 survivors (6144K)
 Metaspace       used 69556K, committed 73600K, reserved 1114112K
  class space    used 6836K, committed 8640K, reserved 1048576K
}
Event: 7.222 GC heap after
{Heap after GC invocations=17 (full 0):
 garbage-first heap   total 138240K, used 91334K [0x00000000e0000000, 0x0000000100000000)
  region size 1024K, 4 young (4096K), 4 survivors (4096K)
 Metaspace       used 69556K, committed 73600K, reserved 1114112K
  class space    used 6836K, committed 8640K, reserved 1048576K
}
Event: 7.754 GC heap before
{Heap before GC invocations=18 (full 0):
 garbage-first heap   total 153600K, used 125126K [0x00000000e0000000, 0x0000000100000000)
  region size 1024K, 37 young (37888K), 4 survivors (4096K)
 Metaspace       used 70901K, committed 74880K, reserved 1179648K
  class space    used 6982K, committed 8768K, reserved 1048576K
}
Event: 7.759 GC heap after
{Heap after GC invocations=19 (full 0):
 garbage-first heap   total 153600K, used 92816K [0x00000000e0000000, 0x0000000100000000)
  region size 1024K, 3 young (3072K), 3 survivors (3072K)
 Metaspace       used 70901K, committed 74880K, reserved 1179648K
  class space    used 6982K, committed 8768K, reserved 1048576K
}
Event: 8.717 GC heap before
{Heap before GC invocations=19 (full 0):
 garbage-first heap   total 153600K, used 138896K [0x00000000e0000000, 0x0000000100000000)
  region size 1024K, 49 young (50176K), 3 survivors (3072K)
 Metaspace       used 72680K, committed 76672K, reserved 1179648K
  class space    used 7109K, committed 8896K, reserved 1048576K
}
Event: 8.722 GC heap after
{Heap after GC invocations=20 (full 0):
 garbage-first heap   total 153600K, used 93227K [0x00000000e0000000, 0x0000000100000000)
  region size 1024K, 5 young (5120K), 5 survivors (5120K)
 Metaspace       used 72680K, committed 76672K, reserved 1179648K
  class space    used 7109K, committed 8896K, reserved 1048576K
}

Dll operation events (20 events):
Event: 0.049 Attempting to load shared library /usr/lib/jvm/temurin-21-jdk-amd64/lib/libjsvml.so
Event: 0.049 Loaded shared library /usr/lib/jvm/temurin-21-jdk-amd64/lib/libjsvml.so
Event: 0.102 Attempting to load shared library /usr/lib/jvm/temurin-21-jdk-amd64/lib/libnio.so
Event: 0.103 Loaded shared library /usr/lib/jvm/temurin-21-jdk-amd64/lib/libnio.so
Event: 0.105 Attempting to load shared library /usr/lib/jvm/temurin-21-jdk-amd64/lib/libzip.so
Event: 0.106 Loaded shared library /usr/lib/jvm/temurin-21-jdk-amd64/lib/libzip.so
Event: 0.180 Attempting to load shared library /usr/lib/jvm/temurin-21-jdk-amd64/lib/libjimage.so
Event: 0.180 Loaded shared library /usr/lib/jvm/temurin-21-jdk-amd64/lib/libjimage.so
Event: 0.230 Attempting to load shared library /usr/lib/jvm/temurin-21-jdk-amd64/lib/libnet.so
Event: 0.230 Loaded shared library /usr/lib/jvm/temurin-21-jdk-amd64/lib/libnet.so
Event: 0.564 Attempting to load shared library /usr/lib/jvm/temurin-21-jdk-amd64/lib/libextnet.so
Event: 0.564 Loaded shared library /usr/lib/jvm/temurin-21-jdk-amd64/lib/libextnet.so
Event: 0.649 Attempting to load shared library /usr/lib/jvm/temurin-21-jdk-amd64/lib/libverify.so
Event: 0.650 Loaded shared library /usr/lib/jvm/temurin-21-jdk-amd64/lib/libverify.so
Event: 1.657 Attempting to load shared library /tmp/libconscrypt_openjdk_jni-linux-x86_6417878627971000000.so
Event: 1.659 Loaded shared library /tmp/libconscrypt_openjdk_jni-linux-x86_6417878627971000000.so
Event: 6.312 Attempting to load shared library /tmp/15488732483146840162/libsqlite4java.so
Event: 6.313 Loaded shared library /tmp/15488732483146840162/libsqlite4java.so
Event: 8.099 Attempting to load shared library /tmp/robolectric-nativeruntime13102205535348728698/librobolectric-nativeruntime.so
Event: 8.105 Loaded shared library /tmp/robolectric-nativeruntime13102205535348728698/librobolectric-nativeruntime.so

Deoptimization events (20 events):
Event: 9.033 Thread 0x00007f7714032de0 DEOPT PACKING pc=0x00007f77046cd07c sp=0x00007f771ab99850
Event: 9.033 Thread 0x00007f7714032de0 DEOPT UNPACKING pc=0x00007f7703d8af99 sp=0x00007f771ab99790 mode 2
Event: 9.033 Thread 0x00007f7714032de0 Uncommon trap: trap_request=0xffffff45 fr.pc=0x00007f77043c05e0 relative=0x00000000000000c0
Event: 9.033 Thread 0x00007f7714032de0 Uncommon trap: reason=unstable_if action=reinterpret pc=0x00007f77043c05e0 method=java.lang.StringConcatHelper.newString([BJ)Ljava/lang/String; @ 3 c2
Event: 9.033 Thread 0x00007f7714032de0 DEOPT PACKING pc=0x00007f77043c05e0 sp=0x00007f771ab99a00
Event: 9.033 Thread 0x00007f7714032de0 DEOPT UNPACKING pc=0x00007f7703d8af99 sp=0x00007f771ab999a8 mode 2
Event: 9.036 Thread 0x00007f7714032de0 Uncommon trap: trap_request=0xffffff45 fr.pc=0x00007f7704348ffc relative=0x000000000000055c
Event: 9.036 Thread 0x00007f7714032de0 Uncommon trap: reason=unstable_if action=reinterpret pc=0x00007f7704348ffc method=java.lang.invoke.InvokerBytecodeGenerator.storeInsnOpcode(Ljava/lang/invoke/LambdaForm$BasicType;)I @ 8 c2
Event: 9.036 Thread 0x00007f7714032de0 DEOPT PACKING pc=0x00007f7704348ffc sp=0x00007f771ab996f0
Event: 9.036 Thread 0x00007f7714032de0 DEOPT UNPACKING pc=0x00007f7703d8af99 sp=0x00007f771ab99658 mode 2
Event: 9.036 Thread 0x00007f7714032de0 Uncommon trap: trap_request=0xffffff45 fr.pc=0x00007f7704415a74 relative=0x00000000000004d4
Event: 9.036 Thread 0x00007f7714032de0 Uncommon trap: reason=unstable_if action=reinterpret pc=0x00007f7704415a74 method=jdk.internal.org.objectweb.asm.MethodWriter.visitVarInsn(II)V @ 242 c2
Event: 9.036 Thread 0x00007f7714032de0 DEOPT PACKING pc=0x00007f7704415a74 sp=0x00007f771ab99660
Event: 9.036 Thread 0x00007f7714032de0 DEOPT UNPACKING pc=0x00007f7703d8af99 sp=0x00007f771ab99640 mode 2
Event: 9.037 Thread 0x00007f7714032de0 Uncommon trap: trap_request=0xffffff45 fr.pc=0x00007f770436a654 relative=0x00000000000000b4
Event: 9.037 Thread 0x00007f7714032de0 Uncommon trap: reason=unstable_if action=reinterpret pc=0x00007f770436a654 method=java.lang.invoke.InvokerBytecodeGenerator.storeInsnOpcode(Ljava/lang/invoke/LambdaForm$BasicType;)I @ 8 c2
Event: 9.037 Thread 0x00007f7714032de0 DEOPT PACKING pc=0x00007f770436a654 sp=0x00007f771ab99540
Event: 9.037 Thread 0x00007f7714032de0 DEOPT UNPACKING pc=0x00007f7703d8af99 sp=0x00007f771ab99500 mode 2
Event: 9.119 Thread 0x00007f76e0001550 DEOPT PACKING pc=0x00007f76fd7f6e7c sp=0x00007f76ed4e2a60
Event: 9.119 Thread 0x00007f76e0001550 DEOPT UNPACKING pc=0x00007f7703d8b72f sp=0x00007f76ed4e1ea0 mode 0

Classes loaded (20 events):
Event: 8.110 Loading class java/awt/image/Raster
Event: 8.111 Loading class java/awt/image/Raster done
Event: 8.111 Loading class java/awt/image/WritableRaster
Event: 8.111 Loading class java/awt/image/WritableRaster done
Event: 8.203 Loading class jdk/internal/loader/NativeLibraries$Unloader
Event: 8.203 Loading class jdk/internal/loader/NativeLibraries$Unloader done
Event: 8.210 Loading class jdk/internal/event/ThreadSleepEvent
Event: 8.210 Loading class jdk/internal/event/ThreadSleepEvent done
Event: 8.774 Loading class java/util/ArrayDeque$DeqSpliterator
Event: 8.774 Loading class java/util/ArrayDeque$DeqSpliterator done
Event: 8.775 Loading class java/util/stream/SliceOps
Event: 8.775 Loading class java/util/stream/SliceOps done
Event: 8.775 Loading class java/util/stream/SliceOps$1
Event: 8.775 Loading class java/util/stream/SliceOps$1 done
Event: 8.776 Loading class java/util/stream/SliceOps$1$1
Event: 8.776 Loading class java/util/stream/SliceOps$1$1 done
Event: 8.965 Loading class java/lang/Throwable$WrappedPrintStream
Event: 8.965 Loading class java/lang/Throwable$WrappedPrintStream done
Event: 9.039 Loading class jdk/internal/math/FormattedFPDecimal
Event: 9.039 Loading class jdk/internal/math/FormattedFPDecimal done

Classes unloaded (15 events):
Event: 7.310 Thread 0x00007f77141484a0 Unloading class 0x00007f76a06a7000 'java/lang/invoke/LambdaForm$MH+0x00007f76a06a7000'
Event: 7.310 Thread 0x00007f77141484a0 Unloading class 0x00007f76a06a6400 'java/lang/invoke/LambdaForm$MH+0x00007f76a06a6400'
Event: 7.310 Thread 0x00007f77141484a0 Unloading class 0x00007f76a06a6000 'java/lang/invoke/LambdaForm$DMH+0x00007f76a06a6000'
Event: 7.310 Thread 0x00007f77141484a0 Unloading class 0x00007f76a06a5000 'java/lang/invoke/LambdaForm$MH+0x00007f76a06a5000'
Event: 7.310 Thread 0x00007f77141484a0 Unloading class 0x00007f76a06a4400 'java/lang/invoke/LambdaForm$MH+0x00007f76a06a4400'
Event: 7.310 Thread 0x00007f77141484a0 Unloading class 0x00007f76a06a3c00 'java/lang/invoke/LambdaForm$DMH+0x00007f76a06a3c00'
Event: 7.310 Thread 0x00007f77141484a0 Unloading class 0x00007f76a06a3800 'java/lang/invoke/LambdaForm$DMH+0x00007f76a06a3800'
Event: 7.310 Thread 0x00007f77141484a0 Unloading class 0x00007f76a06a2800 'java/lang/invoke/LambdaForm$MH+0x00007f76a06a2800'
Event: 7.310 Thread 0x00007f77141484a0 Unloading class 0x00007f76a06a2000 'java/lang/invoke/LambdaForm$DMH+0x00007f76a06a2000'
Event: 7.310 Thread 0x00007f77141484a0 Unloading class 0x00007f76a06a1000 'java/lang/invoke/LambdaForm$DMH+0x00007f76a06a1000'
Event: 7.310 Thread 0x00007f77141484a0 Unloading class 0x00007f76a06a0c00 'java/lang/invoke/LambdaForm$MH+0x00007f76a06a0c00'
Event: 7.310 Thread 0x00007f77141484a0 Unloading class 0x00007f76a06a0000 'java/lang/invoke/LambdaForm$MH+0x00007f76a06a0000'
Event: 7.310 Thread 0x00007f77141484a0 Unloading class 0x00007f76a069b800 'java/lang/invoke/LambdaForm$MH+0x00007f76a069b800'
Event: 7.310 Thread 0x00007f77141484a0 Unloading class 0x00007f76a069b400 'java/lang/invoke/LambdaForm$DMH+0x00007f76a069b400'
Event: 7.310 Thread 0x00007f77141484a0 Unloading class 0x00007f76a069ac00 'java/lang/invoke/LambdaForm$MH+0x00007f76a069ac00'

Classes redefined (0 events):
No events

Internal exceptions (20 events):
Event: 8.930 Thread 0x00007f76704267a0 Exception <a 'java/lang/NoSuchMethodError'{0x00000000e8762098}: 'java.lang.Object java.lang.invoke.Invokers$Holder.linkToTargetMethod(java.lang.Object, java.lang.Object, java.lang.Object, java.lang.Object, java.lang.Object, java.lang.Object, int, java.lang.Object)'> (0x00000000e8762098) 
thrown [src/hotspot/share/interpreter/linkResolver.cpp, line 772]
Event: 9.033 Thread 0x00007f7714032de0 Exception <a 'java/lang/NoSuchMethodError'{0x00000000e8201640}: 'java.lang.Object java.lang.invoke.DirectMethodHandle$Holder.invokeSpecial(java.lang.Object, java.lang.Object, int, java.lang.Object, int, int)'> (0x00000000e8201640) 
thrown [src/hotspot/share/interpreter/linkResolver.cpp, line 772]
Event: 9.036 Thread 0x00007f7714032de0 Exception <a 'java/lang/NoSuchMethodError'{0x00000000e821add0}: 'java.lang.Object java.lang.invoke.DirectMethodHandle$Holder.invokeSpecial(java.lang.Object, java.lang.Object, java.lang.Object, java.lang.Object, double)'> (0x00000000e821add0) 
thrown [src/hotspot/share/interpreter/linkResolver.cpp, line 772]
Event: 9.036 Thread 0x00007f7714032de0 Exception <a 'java/lang/NoSuchMethodError'{0x00000000e821f368}: 'java.lang.Object java.lang.invoke.DirectMethodHandle$Holder.invokeSpecial(java.lang.Object, java.lang.Object, java.lang.Object, java.lang.Object, java.lang.Object, double)'> (0x00000000e821f368) 
thrown [src/hotspot/share/interpreter/linkResolver.cpp, line 772]
Event: 9.036 Thread 0x00007f7714032de0 Exception <a 'java/lang/NoSuchMethodError'{0x00000000e8223108}: 'java.lang.Object java.lang.invoke.DelegatingMethodHandle$Holder.reinvoke_L(java.lang.Object, java.lang.Object, java.lang.Object, java.lang.Object, double)'> (0x00000000e8223108) 
thrown [src/hotspot/share/interpreter/linkResolver.cpp, line 772]
Event: 9.042 Thread 0x00007f7714032de0 Exception <a 'java/lang/NoSuchMethodError'{0x00000000e82660e0}: 'java.lang.Object java.lang.invoke.Invokers$Holder.linkToTargetMethod(java.lang.Object, java.lang.Object, int, java.lang.Object)'> (0x00000000e82660e0) 
thrown [src/hotspot/share/interpreter/linkResolver.cpp, line 772]
Event: 9.049 Thread 0x00007f7714032de0 Exception <a 'java/lang/NoSuchMethodError'{0x00000000e82d1dc8}: 'long java.lang.invoke.DirectMethodHandle$Holder.invokeSpecial(java.lang.Object, java.lang.Object, java.lang.Object, int, java.lang.Object)'> (0x00000000e82d1dc8) 
thrown [src/hotspot/share/interpreter/linkResolver.cpp, line 772]
Event: 9.050 Thread 0x00007f7714032de0 Exception <a 'java/lang/NoSuchMethodError'{0x00000000e82dd658}: 'java.lang.Object java.lang.invoke.Invokers$Holder.linkToTargetMethod(java.lang.Object, int, java.lang.Object, java.lang.Object)'> (0x00000000e82dd658) 
thrown [src/hotspot/share/interpreter/linkResolver.cpp, line 772]
Event: 9.079 Thread 0x00007f7714032de0 Exception <a 'java/lang/ClassNotFoundException'{0x00000000e81fa360}: /package-info> (0x00000000e81fa360) 
thrown [src/hotspot/share/prims/jni.cpp, line 539]
Event: 9.080 Thread 0x00007f7714032de0 Exception <a 'java/lang/ClassNotFoundException'{0x00000000e81fb7d0}: /package-info> (0x00000000e81fb7d0) 
thrown [src/hotspot/share/prims/jni.cpp, line 539]
Event: 9.080 Thread 0x00007f7714032de0 Exception <a 'java/lang/ClassNotFoundException'{0x00000000e81fbe00}: /package-info> (0x00000000e81fbe00) 
thrown [src/hotspot/share/prims/jni.cpp, line 539]
Event: 9.080 Thread 0x00007f7714032de0 Exception <a 'java/lang/ClassNotFoundException'{0x00000000e81fd270}: /package-info> (0x00000000e81fd270) 
thrown [src/hotspot/share/prims/jni.cpp, line 539]
Event: 9.080 Thread 0x00007f7714032de0 Exception <a 'java/lang/ClassNotFoundException'{0x00000000e81fe6e0}: /package-info> (0x00000000e81fe6e0) 
thrown [src/hotspot/share/prims/jni.cpp, line 539]
Event: 9.080 Thread 0x00007f7714032de0 Exception <a 'java/lang/ClassNotFoundException'{0x00000000e81ffb50}: /package-info> (0x00000000e81ffb50) 
thrown [src/hotspot/share/prims/jni.cpp, line 539]
Event: 9.080 Thread 0x00007f7714032de0 Exception <a 'java/lang/ClassNotFoundException'{0x00000000e80012a8}: /package-info> (0x00000000e80012a8) 
thrown [src/hotspot/share/prims/jni.cpp, line 539]
Event: 9.080 Thread 0x00007f7714032de0 Exception <a 'java/lang/ClassNotFoundException'{0x00000000e8002718}: /package-info> (0x00000000e8002718) 
thrown [src/hotspot/share/prims/jni.cpp, line 539]
Event: 9.115 Thread 0x00007f771497a040 Exception <a 'sun/nio/fs/UnixException'{0x00000000e7c51978}> (0x00000000e7c51978) 
thrown [src/hotspot/share/prims/jni.cpp, line 520]
Event: 9.118 Thread 0x00007f764d945ee0 Exception <a 'java/lang/NoSuchMethodError'{0x00000000eadfa0e0}: 'long java.lang.invoke.DelegatingMethodHandle$Holder.delegate(java.lang.Object, long, java.lang.Object, int)'> (0x00000000eadfa0e0) 
thrown [src/hotspot/share/interpreter/linkResolver.cpp, line 772]
Event: 9.123 Thread 0x00007f76e0001550 Exception <a 'java/lang/NoSuchMethodError'{0x00000000e84442b8}: 'java.lang.Object java.lang.invoke.DirectMethodHandle$Holder.newInvokeSpecial(java.lang.Object, long, java.lang.Object)'> (0x00000000e84442b8) 
thrown [src/hotspot/share/interpreter/linkResolver.cpp, line 772]
Event: 9.124 Thread 0x00007f76e0001550 Exception <a 'java/lang/NoSuchMethodError'{0x00000000e8447820}: 'java.lang.Object java.lang.invoke.Invokers$Holder.linkToTargetMethod(long, java.lang.Object, java.lang.Object)'> (0x00000000e8447820) 
thrown [src/hotspot/share/interpreter/linkResolver.cpp, line 772]

ZGC Phase Switch (0 events):
No events

VM Operations (20 events):
Event: 7.648 Executing non-safepoint VM operation: HandshakeAllThreads (Deoptimize)
Event: 7.648 Executing non-safepoint VM operation: HandshakeAllThreads (Deoptimize) done
Event: 7.649 Executing non-safepoint VM operation: HandshakeAllThreads (Deoptimize)
Event: 7.649 Executing non-safepoint VM operation: HandshakeAllThreads (Deoptimize) done
Event: 7.649 Executing non-safepoint VM operation: HandshakeAllThreads (Deoptimize)
Event: 7.649 Executing non-safepoint VM operation: HandshakeAllThreads (Deoptimize) done
Event: 7.753 Executing safepoint VM operation: G1CollectForAllocation (G1 Evacuation Pause)
Event: 7.759 Executing safepoint VM operation: G1CollectForAllocation (G1 Evacuation Pause) done
Event: 8.562 Executing safepoint VM operation: ICBufferFull
Event: 8.562 Executing safepoint VM operation: ICBufferFull done
Event: 8.717 Executing safepoint VM operation: G1CollectForAllocation (G1 Evacuation Pause)
Event: 8.722 Executing safepoint VM operation: G1CollectForAllocation (G1 Evacuation Pause) done
Event: 9.119 Executing non-safepoint VM operation: HandshakeAllThreads (Deoptimize)
Event: 9.119 Executing non-safepoint VM operation: HandshakeAllThreads (Deoptimize) done
Event: 9.120 Executing non-safepoint VM operation: HandshakeAllThreads (Deoptimize)
Event: 9.120 Executing non-safepoint VM operation: HandshakeAllThreads (Deoptimize) done
Event: 9.122 Executing non-safepoint VM operation: HandshakeAllThreads (Deoptimize)
Event: 9.122 Executing non-safepoint VM operation: HandshakeAllThreads (Deoptimize) done
Event: 9.123 Executing non-safepoint VM operation: HandshakeAllThreads (Deoptimize)
Event: 9.123 Executing non-safepoint VM operation: HandshakeAllThreads (Deoptimize) done

Memory protections (20 events):
Event: 8.180 Protecting memory [0x00007f76ecb00000,0x00007f76ecb04000] with protection modes 0
Event: 8.334 Protecting memory [0x00007f76ecb00000,0x00007f76ecb04000] with protection modes 0
Event: 8.474 Protecting memory [0x00007f76ecb00000,0x00007f76ecb04000] with protection modes 0
Event: 8.614 Protecting memory [0x00007f76ecb00000,0x00007f76ecb04000] with protection modes 0
Event: 8.713 Protecting memory [0x00007f76ecb00000,0x00007f76ecb04000] with protection modes 0
Event: 8.777 Protecting memory [0x00007f76eca00000,0x00007f76eca04000] with protection modes 0
Event: 8.907 Protecting memory [0x00007f76ec900000,0x00007f76ec904000] with protection modes 0
Event: 8.964 Protecting memory [0x00007f76ec800000,0x00007f76ec804000] with protection modes 0
Event: 8.965 Protecting memory [0x00007f76ec700000,0x00007f76ec704000] with protection modes 0
Event: 8.966 Protecting memory [0x00007f76ec600000,0x00007f76ec604000] with protection modes 0
Event: 8.967 Protecting memory [0x00007f76ec500000,0x00007f76ec504000] with protection modes 0
Event: 8.970 Protecting memory [0x00007f76ec400000,0x00007f76ec404000] with protection modes 0
Event: 8.971 Protecting memory [0x00007f76ec300000,0x00007f76ec304000] with protection modes 0
Event: 8.972 Protecting memory [0x00007f76ec200000,0x00007f76ec204000] with protection modes 0
Event: 8.972 Protecting memory [0x00007f76ec900000,0x00007f76ec904000] with protection modes 0
Event: 8.974 Protecting memory [0x00007f76ec100000,0x00007f76ec104000] with protection modes 0
Event: 8.977 Protecting memory [0x00007f76ec100000,0x00007f76ec104000] with protection modes 0
Event: 8.984 Protecting memory [0x00007f76ecb00000,0x00007f76ecb04000] with protection modes 0
Event: 8.985 Protecting memory [0x00007f76ed3e6000,0x00007f76ed3ea000] with protection modes 0
Event: 8.985 Protecting memory [0x00007f76eca00000,0x00007f76eca04000] with protection modes 0

Nmethod flushes (20 events):
Event: 7.319 Thread 0x00007f77141484a0 flushing  nmethod 0x00007f76fcb58990
Event: 7.319 Thread 0x00007f77141484a0 flushing  nmethod 0x00007f76fcb5b190
Event: 7.319 Thread 0x00007f77141484a0 flushing  nmethod 0x00007f76fcb5bc90
Event: 7.319 Thread 0x00007f77141484a0 flushing  nmethod 0x00007f76fcb88010
Event: 7.319 Thread 0x00007f77141484a0 flushing  nmethod 0x00007f76fcb89310
Event: 7.319 Thread 0x00007f77141484a0 flushing  nmethod 0x00007f76fcb8aa90
Event: 7.319 Thread 0x00007f77141484a0 flushing  nmethod 0x00007f76fcb8ae10
Event: 7.319 Thread 0x00007f77141484a0 flushing  nmethod 0x00007f76fcbb0090
Event: 7.319 Thread 0x00007f77141484a0 flushing  nmethod 0x00007f76fcbb1290
Event: 7.319 Thread 0x00007f77141484a0 flushing  nmethod 0x00007f76fcbb4610
Event: 7.319 Thread 0x00007f77141484a0 flushing  nmethod 0x00007f76fcbb4f10
Event: 7.319 Thread 0x00007f77141484a0 flushing  nmethod 0x00007f76fcbe9590
Event: 7.319 Thread 0x00007f77141484a0 flushing  nmethod 0x00007f76fcc7ba10
Event: 7.319 Thread 0x00007f77141484a0 flushing  nmethod 0x00007f76fccb2b90
Event: 7.319 Thread 0x00007f77141484a0 flushing  nmethod 0x00007f76fccd0b90
Event: 7.319 Thread 0x00007f77141484a0 flushing  nmethod 0x00007f76fccd1890
Event: 7.319 Thread 0x00007f77141484a0 flushing  nmethod 0x00007f76fccd6790
Event: 7.319 Thread 0x00007f77141484a0 flushing  nmethod 0x00007f76fcd72210
Event: 7.319 Thread 0x00007f77141484a0 flushing  nmethod 0x00007f76fcdc9b10
Event: 7.319 Thread 0x00007f77141484a0 flushing  nmethod 0x00007f76fcdca810

Events (20 events):
Event: 8.972 Thread 0x00007f767c0015d0 Thread added: 0x00007f76880015d0
Event: 8.972 Thread 0x00007f7640142840 Thread added: 0x00007f7674812770
Event: 8.972 Thread 0x00007f766c00a3a0 Thread exited: 0x00007f766c00a3a0
Event: 8.973 Thread 0x00007f76880015d0 Thread added: 0x00007f769000d7a0
Event: 8.974 Thread 0x00007f76481eaa20 Thread exited: 0x00007f76481eaa20
Event: 8.974 Thread 0x00007f7640135e90 Thread exited: 0x00007f7640135e90
Event: 8.975 Thread 0x00007f76401417d0 Thread exited: 0x00007f76401417d0
Event: 8.975 Thread 0x00007f769000d7a0 Thread added: 0x00007f769400ef70
Event: 8.976 Thread 0x00007f769000d7a0 Thread exited: 0x00007f769000d7a0
Event: 8.976 Thread 0x00007f7680431ad0 Thread added: 0x00007f76840015d0
Event: 8.978 Thread 0x00007f7674812770 Thread added: 0x00007f768c007be0
Event: 8.979 Thread 0x00007f76840015d0 Thread added: 0x00007f76e0001550
Event: 8.979 Thread 0x00007f76880015d0 Thread exited: 0x00007f76880015d0
Event: 8.984 Thread 0x00007f7640142840 Thread exited: 0x00007f7640142840
Event: 8.985 Thread 0x00007f767c0015d0 Thread exited: 0x00007f767c0015d0
Event: 8.985 Thread 0x00007f7670428270 Thread exited: 0x00007f7670428270
Event: 8.985 Thread 0x00007f76780015d0 Thread exited: 0x00007f76780015d0
Event: 8.987 Thread 0x00007f76840015d0 Thread exited: 0x00007f76840015d0
Event: 8.989 Thread 0x00007f7674812770 Thread exited: 0x00007f7674812770
Event: 8.993 Thread 0x00007f7680431ad0 Thread exited: 0x00007f7680431ad0


Dynamic libraries:
e0000000-e8e00000 rw-p 00000000 00:00 0 
e8e00000-eab00000 ---p 00000000 00:00 0 
eab00000-eae00000 rw-p 00000000 00:00 0 
eae00000-ebe00000 ---p 00000000 00:00 0 
ebe00000-ec000000 rw-p 00000000 00:00 0 
ec000000-ffd00000 ---p 00000000 00:00 0 
ffd00000-ffe00000 rw-p 00000000 00:00 0 
ffe00000-fff0d000 rw-p 00cdb000 00:1e 982                                /usr/lib/jvm/temurin-21-jdk-amd64/lib/server/classes.jsa
fff0d000-100000000 rw-p 00000000 00:00 0 
561a37be0000-561a37be1000 r-xp 00000000 00:1e 962                        /usr/lib/jvm/temurin-21-jdk-amd64/bin/java
561a37be2000-561a37be3000 r--p 00001000 00:1e 962                        /usr/lib/jvm/temurin-21-jdk-amd64/bin/java
561a37be3000-561a37be4000 rw-p 00002000 00:1e 962                        /usr/lib/jvm/temurin-21-jdk-amd64/bin/java
561a37be4000-561a37c36000 rw-p 00000000 00:00 0                          [heap]
7f62f5ddb000-7f62f65db000 rw-p 00000000 00:00 0                          [stack]
7f7634000000-7f76340ed000 rw-p 00000000 00:00 0 
7f76340ed000-7f7638000000 ---p 00000000 00:00 0 
7f7638000000-7f7638160000 rw-p 00000000 00:00 0 
7f7638160000-7f7638200000 ---p 00000000 00:00 0 
7f7638200000-7f7638490000 rw-p 00000000 00:00 0 
7f7638490000-7f763c000000 ---p 00000000 00:00 0 
7f763c000000-7f763c0dd000 rw-p 00000000 00:00 0 
7f763c0dd000-7f7640000000 ---p 00000000 00:00 0 
7f7640000000-7f764014a000 rw-p 00000000 00:00 0 
7f764014a000-7f7644000000 ---p 00000000 00:00 0 
7f7644000000-7f764405b000 rw-p 00000000 00:00 0 
7f764405b000-7f7648000000 ---p 00000000 00:00 0 
7f7648000000-7f76482ed000 rw-p 00000000 00:00 0 
7f76482ed000-7f764c000000 ---p 00000000 00:00 0 
7f764c000000-7f764e2a9000 rw-p 00000000 00:00 0 
7f764e2a9000-7f7650000000 ---p 00000000 00:00 0 
7f7650000000-7f76501c3000 rw-p 00000000 00:00 0 
7f76501c3000-7f7654000000 ---p 00000000 00:00 0 
7f7654000000-7f765407c000 rw-p 00000000 00:00 0 
7f765407c000-7f7658000000 ---p 00000000 00:00 0 
7f7658000000-7f76580b0000 rw-p 00000000 00:00 0 
7f76580b0000-7f765c000000 ---p 00000000 00:00 0 
7f765c000000-7f765c070000 rw-p 00000000 00:00 0 
7f765c070000-7f7660000000 ---p 00000000 00:00 0 
7f7660000000-7f7660066000 rw-p 00000000 00:00 0 
7f7660066000-7f7664000000 ---p 00000000 00:00 0 
7f7664000000-7f76642b1000 rw-p 00000000 00:00 0 
7f76642b1000-7f7668000000 ---p 00000000 00:00 0 
7f7668000000-7f7668073000 rw-p 00000000 00:00 0 
7f7668073000-7f766c000000 ---p 00000000 00:00 0 
7f766c000000-7f766c021000 rw-p 00000000 00:00 0 
7f766c021000-7f7670000000 ---p 00000000 00:00 0 
7f7670000000-7f767165d000 rw-p 00000000 00:00 0 
7f767165d000-7f7674000000 ---p 00000000 00:00 0 
7f7674000000-7f767486a000 rw-p 00000000 00:00 0 
7f767486a000-7f7678000000 ---p 00000000 00:00 0 
7f7678000000-7f7678021000 rw-p 00000000 00:00 0 
7f7678021000-7f767c000000 ---p 00000000 00:00 0 
7f767c000000-7f767c021000 rw-p 00000000 00:00 0 
7f767c021000-7f7680000000 ---p 00000000 00:00 0 
7f7680000000-7f7681965000 rw-p 00000000 00:00 0 
7f7681965000-7f7684000000 ---p 00000000 00:00 0 
7f7684000000-7f7684021000 rw-p 00000000 00:00 0 
7f7684021000-7f7688000000 ---p 00000000 00:00 0 
7f7688000000-7f7688021000 rw-p 00000000 00:00 0 
7f7688021000-7f768c000000 ---p 00000000 00:00 0 
7f768c000000-7f768c021000 rw-p 00000000 00:00 0 
7f768c021000-7f7690000000 ---p 00000000 00:00 0 
7f7690000000-7f7690021000 rw-p 00000000 00:00 0 
7f7690021000-7f7694000000 ---p 00000000 00:00 0 
7f7694000000-7f7694021000 rw-p 00000000 00:00 0 
7f7694021000-7f7698000000 ---p 00000000 00:00 0 
7f7698a6d000-7f769a300000 r--p 00000000 00:18 1142                       /tmp/robolectric-nativeruntime13102205535348728698/icu/icudt68l.dat
7f769a300000-7f769a73a000 r--p 00000000 00:18 1144                       /tmp/robolectric-nativeruntime13102205535348728698/librobolectric-nativeruntime.so
7f769a73a000-7f769afa4000 r-xp 00439000 00:18 1144                       /tmp/robolectric-nativeruntime13102205535348728698/librobolectric-nativeruntime.so
7f769afa4000-7f769afea000 r--p 00ca2000 00:18 1144                       /tmp/robolectric-nativeruntime13102205535348728698/librobolectric-nativeruntime.so
7f769afea000-7f769aff6000 rw-p 00ce7000 00:18 1144                       /tmp/robolectric-nativeruntime13102205535348728698/librobolectric-nativeruntime.so
7f769aff6000-7f769f000000 rw-p 00000000 00:00 0 
7f769f000000-7f769fc9c000 rw-p 00001000 00:1e 982                        /usr/lib/jvm/temurin-21-jdk-amd64/lib/server/classes.jsa
7f769fc9c000-7f76a0000000 ---p 00000000 00:00 0 
7f76a0000000-7f76a05a0000 rw-p 00000000 00:00 0 
7f76a05a0000-7f76a05c0000 ---p 00000000 00:00 0 
7f76a05c0000-7f76a0910000 rw-p 00000000 00:00 0 
7f76a0910000-7f76e0000000 ---p 00000000 00:00 0 
7f76e0000000-7f76e0021000 rw-p 00000000 00:00 0 
7f76e0021000-7f76e4000000 ---p 00000000 00:00 0 
7f76e4000000-7f76e4021000 rw-p 00000000 00:00 0 
7f76e4021000-7f76e8000000 ---p 00000000 00:00 0 
7f76e8000000-7f76e8021000 rw-p 00000000 00:00 0 
7f76e8021000-7f76ec000000 ---p 00000000 00:00 0 
7f76ec100000-7f76ec104000 ---p 00000000 00:00 0 
7f76ec104000-7f76ec200000 rw-p 00000000 00:00 0 
7f76ec200000-7f76ec204000 ---p 00000000 00:00 0 
7f76ec204000-7f76ec300000 rw-p 00000000 00:00 0 
7f76ec300000-7f76ec304000 ---p 00000000 00:00 0 
7f76ec304000-7f76ec400000 rw-p 00000000 00:00 0 
7f76ec400000-7f76ec404000 ---p 00000000 00:00 0 
7f76ec404000-7f76ec500000 rw-p 00000000 00:00 0 
7f76ec500000-7f76ec504000 ---p 00000000 00:00 0 
7f76ec504000-7f76ec600000 rw-p 00000000 00:00 0 
7f76ec600000-7f76ec604000 ---p 00000000 00:00 0 
7f76ec604000-7f76ec700000 rw-p 00000000 00:00 0 
7f76ec700000-7f76ec704000 ---p 00000000 00:00 0 
7f76ec704000-7f76ec800000 rw-p 00000000 00:00 0 
7f76ec800000-7f76ec804000 ---p 00000000 00:00 0 
7f76ec804000-7f76ec900000 rw-p 00000000 00:00 0 
7f76ec900000-7f76ec904000 ---p 00000000 00:00 0 
7f76ec904000-7f76eca00000 rw-p 00000000 00:00 0 
7f76eca00000-7f76eca04000 ---p 00000000 00:00 0 
7f76eca04000-7f76ecb00000 rw-p 00000000 00:00 0 
7f76ecb00000-7f76ecb04000 ---p 00000000 00:00 0 
7f76ecb04000-7f76ecc00000 rw-p 00000000 00:00 0 
7f76ecc00000-7f76eccc4000 r-xp 00000000 00:18 1009                       /tmp/15488732483146840162/libsqlite4java.so
7f76eccc4000-7f76ecec4000 ---p 000c4000 00:18 1009                       /tmp/15488732483146840162/libsqlite4java.so
7f76ecec4000-7f76ecec6000 r--p 000c4000 00:18 1009                       /tmp/15488732483146840162/libsqlite4java.so
7f76ecec6000-7f76ecec9000 rw-p 000c6000 00:18 1009                       /tmp/15488732483146840162/libsqlite4java.so
7f76ecee6000-7f76eceea000 ---p 00000000 00:00 0 
7f76eceea000-7f76ecfe6000 rw-p 00000000 00:00 0 
7f76ecfe6000-7f76ecfea000 ---p 00000000 00:00 0 
7f76ecfea000-7f76ed0e6000 rw-p 00000000 00:00 0 
7f76ed0e6000-7f76ed0ea000 ---p 00000000 00:00 0 
7f76ed0ea000-7f76ed1e6000 rw-p 00000000 00:00 0 
7f76ed1e6000-7f76ed1ea000 ---p 00000000 00:00 0 
7f76ed1ea000-7f76ed2e6000 rw-p 00000000 00:00 0 
7f76ed2e6000-7f76ed2ea000 ---p 00000000 00:00 0 
7f76ed2ea000-7f76ed3e6000 rw-p 00000000 00:00 0 
7f76ed3e6000-7f76ed3ea000 ---p 00000000 00:00 0 
7f76ed3ea000-7f76ed4e6000 rw-p 00000000 00:00 0 
7f76ed4e6000-7f76ed4ea000 ---p 00000000 00:00 0 
7f76ed4ea000-7f76ed5e6000 rw-p 00000000 00:00 0 
7f76ed5e6000-7f76ed5ea000 ---p 00000000 00:00 0 
7f76ed5ea000-7f76ed6e6000 rw-p 00000000 00:00 0 
7f76ed6e6000-7f76ed6ea000 ---p 00000000 00:00 0 
7f76ed6ea000-7f76ed7e6000 rw-p 00000000 00:00 0 
7f76ed7e6000-7f76ed87f000 r--p 00000000 00:1e 1631                       /usr/lib/x86_64-linux-gnu/libstdc++.so.6.0.30
7f76ed87f000-7f76ed980000 r-xp 00099000 00:1e 1631                       /usr/lib/x86_64-linux-gnu/libstdc++.so.6.0.30
7f76ed980000-7f76ed9fa000 r--p 0019a000 00:1e 1631                       /usr/lib/x86_64-linux-gnu/libstdc++.so.6.0.30
7f76ed9fa000-7f76ed9fd000 rw-p 00214000 00:1e 1631                       /usr/lib/x86_64-linux-gnu/libstdc++.so.6.0.30
7f76ed9fd000-7f76eda00000 rw-p 00000000 00:00 0 
7f76eda00000-7f76edc44000 r-xp 00000000 00:18 791                        /tmp/libconscrypt_openjdk_jni-linux-x86_6417878627971000000.so (deleted)
7f76edc44000-7f76ede43000 ---p 00244000 00:18 791                        /tmp/libconscrypt_openjdk_jni-linux-x86_6417878627971000000.so (deleted)
7f76ede43000-7f76ede54000 r--p 00243000 00:18 791                        /tmp/libconscrypt_openjdk_jni-linux-x86_6417878627971000000.so (deleted)
7f76ede54000-7f76ede57000 rw-p 00254000 00:18 791                        /tmp/libconscrypt_openjdk_jni-linux-x86_6417878627971000000.so (deleted)
7f76ede57000-7f76ede58000 rw-p 00000000 00:00 0 
7f76edf00000-7f76edf04000 ---p 00000000 00:00 0 
7f76edf04000-7f76ee000000 rw-p 00000000 00:00 0 
7f76ee000000-7f76f0021000 rw-p 00000000 00:00 0 
7f76f0021000-7f76f4000000 ---p 00000000 00:00 0 
7f76f4000000-7f76f47ed000 rw-p 00000000 00:00 0 
7f76f47ed000-7f76f8000000 ---p 00000000 00:00 0 
7f76f8000000-7f76f8021000 rw-p 00000000 00:00 0 
7f76f8021000-7f76fc000000 ---p 00000000 00:00 0 
7f76fc0fd000-7f76fc101000 ---p 00000000 00:00 0 
7f76fc101000-7f76fc1fd000 rw-p 00000000 00:00 0 
7f76fc1fd000-7f76fc201000 ---p 00000000 00:00 0 
7f76fc201000-7f76fc2fd000 rw-p 00000000 00:00 0 
7f76fc2fd000-7f76fc301000 ---p 00000000 00:00 0 
7f76fc301000-7f76fc3fd000 rw-p 00000000 00:00 0 
7f76fc3fd000-7f76fc401000 ---p 00000000 00:00 0 
7f76fc401000-7f76fc4fd000 rw-p 00000000 00:00 0 
7f76fc4fd000-7f76fc4fe000 ---p 00000000 00:00 0 
7f76fc4fe000-7f76fc5fe000 rw-p 00000000 00:00 0 
7f76fc5fe000-7f76fc5ff000 ---p 00000000 00:00 0 
7f76fc5ff000-7f76fc6ff000 rw-p 00000000 00:00 0 
7f76fc6ff000-7f76fc700000 ---p 00000000 00:00 0 
7f76fc700000-7f76fc800000 rw-p 00000000 00:00 0 
7f76fc800000-7f76fd8e0000 rwxp 00000000 00:00 0 
7f76fd8e0000-7f7703d37000 ---p 00000000 00:00 0 
7f7703d37000-7f7703fe7000 rwxp 00000000 00:00 0 
7f7703fe7000-7f77042c8000 ---p 00000000 00:00 0 
7f77042c8000-7f7704778000 rwxp 00000000 00:00 0 
7f7704778000-7f770b800000 ---p 00000000 00:00 0 
7f770b84f000-7f770b856000 r--s 00000000 00:1e 36                         /usr/lib/x86_64-linux-gnu/gconv/gconv-modules.cache
7f770b856000-7f7714000000 r--s 00000000 00:1e 977                        /usr/lib/jvm/temurin-21-jdk-amd64/lib/modules
7f7714000000-7f7714a33000 rw-p 00000000 00:00 0 
7f7714a33000-7f7718000000 ---p 00000000 00:00 0 
7f7718001000-7f7718004000 r--p 00000000 00:1e 145                        /usr/lib/x86_64-linux-gnu/libgcc_s.so.1
7f7718004000-7f771801b000 r-xp 00003000 00:1e 145                        /usr/lib/x86_64-linux-gnu/libgcc_s.so.1
7f771801b000-7f771801f000 r--p 0001a000 00:1e 145                        /usr/lib/x86_64-linux-gnu/libgcc_s.so.1
7f771801f000-7f7718020000 r--p 0001d000 00:1e 145                        /usr/lib/x86_64-linux-gnu/libgcc_s.so.1
7f7718020000-7f7718021000 rw-p 0001e000 00:1e 145                        /usr/lib/x86_64-linux-gnu/libgcc_s.so.1
7f7718021000-7f771802e000 r-xp 00000000 00:1e 1644                       /usr/lib/jvm/temurin-21-jdk-amd64/lib/libverify.so
7f771802e000-7f7718030000 r--p 0000c000 00:1e 1644                       /usr/lib/jvm/temurin-21-jdk-amd64/lib/libverify.so
7f7718030000-7f7718031000 rw-p 0000e000 00:1e 1644                       /usr/lib/jvm/temurin-21-jdk-amd64/lib/libverify.so
7f7718031000-7f7718033000 r-xp 00000000 00:1e 1638                       /usr/lib/jvm/temurin-21-jdk-amd64/lib/libextnet.so
7f7718033000-7f7718034000 r--p 00001000 00:1e 1638                       /usr/lib/jvm/temurin-21-jdk-amd64/lib/libextnet.so
7f7718034000-7f7718035000 rw-p 00002000 00:1e 1638                       /usr/lib/jvm/temurin-21-jdk-amd64/lib/libextnet.so
7f7718035000-7f7718039000 ---p 00000000 00:00 0 
7f7718039000-7f7718135000 rw-p 00000000 00:00 0 
7f7718135000-7f7718150000 r-xp 00000000 00:1e 984                        /usr/lib/jvm/temurin-21-jdk-amd64/lib/libzip.so
7f7718150000-7f7718151000 r--p 0001a000 00:1e 984                        /usr/lib/jvm/temurin-21-jdk-amd64/lib/libzip.so
7f7718151000-7f7718152000 rw-p 0001b000 00:1e 984                        /usr/lib/jvm/temurin-21-jdk-amd64/lib/libzip.so
7f7718152000-7f771815e000 r-xp 00000000 00:1e 986                        /usr/lib/jvm/temurin-21-jdk-amd64/lib/libnet.so
7f771815e000-7f771815f000 r--p 0000b000 00:1e 986                        /usr/lib/jvm/temurin-21-jdk-amd64/lib/libnet.so
7f771815f000-7f7718160000 rw-p 0000c000 00:1e 986                        /usr/lib/jvm/temurin-21-jdk-amd64/lib/libnet.so
7f7718160000-7f7718164000 ---p 00000000 00:00 0 
7f7718164000-7f7718260000 rw-p 00000000 00:00 0 
7f7718260000-7f7718264000 ---p 00000000 00:00 0 
7f7718264000-7f7718360000 rw-p 00000000 00:00 0 
7f7718360000-7f771842e000 r-xp 00000000 00:1e 983                        /usr/lib/jvm/temurin-21-jdk-amd64/lib/libjsvml.so
7f771842e000-7f771842f000 r--p 000cd000 00:1e 983                        /usr/lib/jvm/temurin-21-jdk-amd64/lib/libjsvml.so
7f771842f000-7f7718430000 rw-p 000ce000 00:1e 983                        /usr/lib/jvm/temurin-21-jdk-amd64/lib/libjsvml.so
7f7718430000-7f7718434000 ---p 00000000 00:00 0 
7f7718434000-7f7718530000 rw-p 00000000 00:00 0 
7f7718530000-7f7718534000 ---p 00000000 00:00 0 
7f7718534000-7f7718630000 rw-p 00000000 00:00 0 
7f7718630000-7f7718634000 ---p 00000000 00:00 0 
7f7718634000-7f7718730000 rw-p 00000000 00:00 0 
7f7718730000-7f7718734000 ---p 00000000 00:00 0 
7f7718734000-7f7718830000 rw-p 00000000 00:00 0 
7f7718830000-7f7718834000 ---p 00000000 00:00 0 
7f7718834000-7f7718930000 rw-p 00000000 00:00 0 
7f7718930000-7f7718934000 ---p 00000000 00:00 0 
7f7718934000-7f7718a30000 rw-p 00000000 00:00 0 
7f7718a30000-7f7718a34000 ---p 00000000 00:00 0 
7f7718a34000-7f7718b30000 rw-p 00000000 00:00 0 
7f7718b30000-7f7718e19000 r--p 00000000 00:1e 34                         /usr/lib/locale/locale-archive
7f7718e19000-7f7718e1a000 ---p 00000000 00:00 0 
7f7718e1a000-7f7718f1a000 rw-p 00000000 00:00 0 
7f7718f1a000-7f7718f1b000 ---p 00000000 00:00 0 
7f7718f1b000-7f771901b000 rw-p 00000000 00:00 0 
7f771901b000-7f77190f7000 rw-p 00000000 00:00 0 
7f77190f7000-7f77190f8000 ---p 00000000 00:00 0 
7f77190f8000-7f77191f8000 rw-p 00000000 00:00 0 
7f77191f8000-7f77191f9000 ---p 00000000 00:00 0 
7f77191f9000-7f77192f9000 rw-p 00000000 00:00 0 
7f77192f9000-7f77196fd000 rw-p 00000000 00:00 0 
7f77196fd000-7f77196fe000 ---p 00000000 00:00 0 
7f77196fe000-7f77197fe000 rw-p 00000000 00:00 0 
7f77197fe000-7f77197ff000 ---p 00000000 00:00 0 
7f77197ff000-7f77198ff000 rw-p 00000000 00:00 0 
7f77198ff000-7f7719900000 ---p 00000000 00:00 0 
7f7719900000-7f7719a00000 rw-p 00000000 00:00 0 
7f7719a00000-7f7719c38000 rw-p 00000000 00:00 0 
7f7719c38000-7f7719cac000 ---p 00000000 00:00 0 
7f7719cac000-7f7719cb8000 rw-p 00000000 00:00 0 
7f7719cb8000-7f7719cf8000 ---p 00000000 00:00 0 
7f7719cf8000-7f7719d00000 rw-p 00000000 00:00 0 
7f7719d00000-7f771a1f4000 ---p 00000000 00:00 0 
7f771a1f4000-7f771a200000 rw-p 00000000 00:00 0 
7f771a203000-7f771a217000 r-xp 00000000 00:1e 985                        /usr/lib/jvm/temurin-21-jdk-amd64/lib/libnio.so
7f771a217000-7f771a218000 r--p 00013000 00:1e 985                        /usr/lib/jvm/temurin-21-jdk-amd64/lib/libnio.so
7f771a218000-7f771a219000 rw-p 00014000 00:1e 985                        /usr/lib/jvm/temurin-21-jdk-amd64/lib/libnio.so
7f771a219000-7f771a2b3000 rw-p 00000000 00:00 0 
7f771a2b3000-7f771a2c1000 ---p 00000000 00:00 0 
7f771a2c1000-7f771a2c3000 rw-p 00000000 00:00 0 
7f771a2c3000-7f771a2cb000 ---p 00000000 00:00 0 
7f771a2cb000-7f771a2cc000 rw-p 00000000 00:00 0 
7f771a2cc000-7f771a36a000 ---p 00000000 00:00 0 
7f771a36a000-7f771a3b3000 rw-p 00000000 00:00 0 
7f771a3b3000-7f771a3c1000 ---p 00000000 00:00 0 
7f771a3c1000-7f771a3c3000 rw-p 00000000 00:00 0 
7f771a3c3000-7f771a3cb000 ---p 00000000 00:00 0 
7f771a3cb000-7f771a3cc000 rw-p 00000000 00:00 0 
7f771a3cc000-7f771a46a000 ---p 00000000 00:00 0 
7f771a46a000-7f771a87a000 rw-p 00000000 00:00 0 
7f771a87a000-7f771a95b000 ---p 00000000 00:00 0 
7f771a95b000-7f771a97d000 rw-p 00000000 00:00 0 
7f771a97d000-7f771aa46000 ---p 00000000 00:00 0 
7f771aa46000-7f771aa4c000 rw-p 00000000 00:00 0 
7f771aa4c000-7f771aa52000 ---p 00000000 00:00 0 
7f771aa52000-7f771aa73000 r-xp 00000000 00:1e 972                        /usr/lib/jvm/temurin-21-jdk-amd64/lib/libjava.so
7f771aa73000-7f771aa74000 r--p 00020000 00:1e 972                        /usr/lib/jvm/temurin-21-jdk-amd64/lib/libjava.so
7f771aa74000-7f771aa75000 rw-p 00021000 00:1e 972                        /usr/lib/jvm/temurin-21-jdk-amd64/lib/libjava.so
7f771aa75000-7f771aa76000 rw-p 00000000 00:00 0 
7f771aa76000-7f771aa7e000 rw-s 00000000 00:18 788                        /tmp/hsperfdata_root/2230
7f771aa7e000-7f771aa99000 r-xp 00000000 00:1e 978                        /usr/lib/jvm/temurin-21-jdk-amd64/lib/libjimage.so
7f771aa99000-7f771aa9a000 ---p 0001b000 00:1e 978                        /usr/lib/jvm/temurin-21-jdk-amd64/lib/libjimage.so
7f771aa9a000-7f771aa9c000 r--p 0001b000 00:1e 978                        /usr/lib/jvm/temurin-21-jdk-amd64/lib/libjimage.so
7f771aa9c000-7f771aa9d000 rw-p 0001d000 00:1e 978                        /usr/lib/jvm/temurin-21-jdk-amd64/lib/libjimage.so
7f771aa9d000-7f771aaa1000 ---p 00000000 00:00 0 
7f771aaa1000-7f771ab9d000 rw-p 00000000 00:00 0 
7f771ab9d000-7f771abad000 r--p 00000000 00:1e 144                        /usr/lib/x86_64-linux-gnu/libm.so.6
7f771abad000-7f771ac21000 r-xp 00010000 00:1e 144                        /usr/lib/x86_64-linux-gnu/libm.so.6
7f771ac21000-7f771ac7b000 r--p 00084000 00:1e 144                        /usr/lib/x86_64-linux-gnu/libm.so.6
7f771ac7b000-7f771ac7c000 r--p 000dd000 00:1e 144                        /usr/lib/x86_64-linux-gnu/libm.so.6
7f771ac7c000-7f771ac7d000 rw-p 000de000 00:1e 144                        /usr/lib/x86_64-linux-gnu/libm.so.6
7f771ac7d000-7f771ac7e000 r--p 00000000 00:1e 976                        /usr/lib/x86_64-linux-gnu/librt.so.1
7f771ac7e000-7f771ac7f000 r-xp 00001000 00:1e 976                        /usr/lib/x86_64-linux-gnu/librt.so.1
7f771ac7f000-7f771ac80000 r--p 00002000 00:1e 976                        /usr/lib/x86_64-linux-gnu/librt.so.1
7f771ac80000-7f771ac81000 r--p 00002000 00:1e 976                        /usr/lib/x86_64-linux-gnu/librt.so.1
7f771ac81000-7f771ac82000 rw-p 00003000 00:1e 976                        /usr/lib/x86_64-linux-gnu/librt.so.1
7f771ac82000-7f771c0bc000 r-xp 00000000 00:1e 975                        /usr/lib/jvm/temurin-21-jdk-amd64/lib/server/libjvm.so
7f771c0bc000-7f771c191000 r--p 01439000 00:1e 975                        /usr/lib/jvm/temurin-21-jdk-amd64/lib/server/libjvm.so
7f771c191000-7f771c1c1000 rw-p 0150e000 00:1e 975                        /usr/lib/jvm/temurin-21-jdk-amd64/lib/server/libjvm.so
7f771c1c1000-7f771c229000 rw-p 00000000 00:00 0 
7f771c229000-7f771c24f000 r--p 00000000 00:1e 28                         /usr/lib/x86_64-linux-gnu/libc.so.6
7f771c24f000-7f771c3a5000 r-xp 00026000 00:1e 28                         /usr/lib/x86_64-linux-gnu/libc.so.6
7f771c3a5000-7f771c3fc000 r--p 0017c000 00:1e 28                         /usr/lib/x86_64-linux-gnu/libc.so.6
7f771c3fc000-7f771c3fe000 rw-p 001d3000 00:1e 28                         /usr/lib/x86_64-linux-gnu/libc.so.6
7f771c3fe000-7f771c40b000 rw-p 00000000 00:00 0 
7f771c40b000-7f771c40c000 r--p 00000000 00:1e 969                        /usr/lib/x86_64-linux-gnu/libdl.so.2
7f771c40c000-7f771c40d000 r-xp 00001000 00:1e 969                        /usr/lib/x86_64-linux-gnu/libdl.so.2
7f771c40d000-7f771c40e000 r--p 00002000 00:1e 969                        /usr/lib/x86_64-linux-gnu/libdl.so.2
7f771c40e000-7f771c40f000 r--p 00002000 00:1e 969                        /usr/lib/x86_64-linux-gnu/libdl.so.2
7f771c40f000-7f771c410000 rw-p 00003000 00:1e 969                        /usr/lib/x86_64-linux-gnu/libdl.so.2
7f771c410000-7f771c411000 r--p 00000000 00:1e 968                        /usr/lib/x86_64-linux-gnu/libpthread.so.0
7f771c411000-7f771c412000 r-xp 00001000 00:1e 968                        /usr/lib/x86_64-linux-gnu/libpthread.so.0
7f771c412000-7f771c413000 r--p 00002000 00:1e 968                        /usr/lib/x86_64-linux-gnu/libpthread.so.0
7f771c413000-7f771c414000 r--p 00002000 00:1e 968                        /usr/lib/x86_64-linux-gnu/libpthread.so.0
7f771c414000-7f771c415000 rw-p 00003000 00:1e 968                        /usr/lib/x86_64-linux-gnu/libpthread.so.0
7f771c415000-7f771c416000 ---p 00000000 00:00 0 
7f771c416000-7f771c417000 r--p 00000000 00:00 0 
7f771c417000-7f771c418000 ---p 00000000 00:00 0 
7f771c418000-7f771c431000 r-xp 00000000 00:1e 967                        /usr/lib/jvm/temurin-21-jdk-amd64/lib/libjli.so
7f771c431000-7f771c432000 r--p 00018000 00:1e 967                        /usr/lib/jvm/temurin-21-jdk-amd64/lib/libjli.so
7f771c432000-7f771c433000 rw-p 00019000 00:1e 967                        /usr/lib/jvm/temurin-21-jdk-amd64/lib/libjli.so
7f771c433000-7f771c435000 rw-p 00000000 00:00 0 
7f771c435000-7f771c436000 r--p 00000000 00:00 0                          [vvar]
7f771c436000-7f771c438000 r-xp 00000000 00:00 0 
7f771c438000-7f771c439000 r--p 00000000 00:1e 26                         /usr/lib/x86_64-linux-gnu/ld-linux-x86-64.so.2
7f771c439000-7f771c45f000 r-xp 00001000 00:1e 26                         /usr/lib/x86_64-linux-gnu/ld-linux-x86-64.so.2
7f771c45f000-7f771c46b000 r--p 00027000 00:1e 26                         /usr/lib/x86_64-linux-gnu/ld-linux-x86-64.so.2
7f771c46b000-7f771c46d000 rw-p 00033000 00:1e 26                         /usr/lib/x86_64-linux-gnu/ld-linux-x86-64.so.2
ffffffffff600000-ffffffffff601000 r-xp 00000000 00:00 0                  [vsyscall]
Total number of mappings: 309

JVMTI agents: none


VM Arguments:
jvm_args: -Djava.awt.headless=true -Djava.library.path=/usr/java/packages/lib:/usr/lib64:/lib64:/lib:/usr/lib:/app/applet/app/src/testDebug/jniLibs:/app/applet/app/src/test/jniLibs -Dorg.gradle.internal.worker.tmpdir=/app/applet/app/build/tmp/testDebugUnitTest/work --add-opens=java.base/java.io=ALL-UNNAMED -Xmx512m -Dfile.encoding=UTF-8 -Duser.country=US -Duser.language=en -Duser.variant -ea 
java_command: worker.org.gradle.process.internal.worker.GradleWorkerMain 'Gradle Test Executor 8'
java_class_path (initial): /opt/gradle/.gradle/caches/9.3.1/workerMain/gradle-worker.jar:/app/applet/app/build/intermediates/unit_test_config_directory/debugUnitTest/generateDebugUnitTestConfig/out:/app/applet/app/build/intermediates/built_in_kotlinc/debugUnitTest/compileDebugUnitTestKotlin/classes:/app/applet/app/build/intermediates/java_res/debugUnitTest/processDebugUnitTestJavaRes/out:/app/applet/app/build/intermediates/runtime_app_classes_jar/debug/bundleDebugClassesToRuntimeJar/classes.jar:/opt/gradle/.gradle/caches/9.3.1/transforms/7298fd6f35a95198603091ae626ebe06/transformed/navigation-common-2.8.9-runtime.jar:/opt/gradle/.gradle/caches/9.3.1/transforms/2db9023c3bbe3e3284582a8e3ae415eb/transformed/navigation-runtime-2.8.9-runtime.jar:/opt/gradle/.gradle/caches/9.3.1/transforms/467dc25c1aecf1abb915788ebc0e092f/transformed/navigation-common-ktx-2.8.9-runtime.jar:/opt/gradle/.gradle/caches/9.3.1/transforms/e25b602a751e85b3ba2c5efb50cc9c80/transformed/navigation-runtime-ktx-2.8.9-runtime.jar:/opt/gradle/.gradle/caches/9.3.1/transforms/c16c501cef790e804c9a24bebb0d6a0d/transformed/navigation-compose-2.8.9-runtime.jar:/opt/gradle/.gradle/caches/9.3.1/transforms/4d0fac7f1d417d7ea6fe1b0df2553f24/transformed/ui-test-junit4-release-runtime.jar:/opt/gradle/.gradle/caches/9.3.1/transforms/b44ebeb961dcbff503caf1b9b213203f/transformed/activity-1.10.1-runtime.jar:/opt/gradle/.gradle/caches/9.3.1/transforms/78575ff6774a2494fae9347a4390643c/transformed/activity-ktx-1.10.1-runtime.jar:/opt/gradle/.gradle/caches/9.3.1/transforms/32abdae2a09bb98a59b3499dd25ba083/transformed/material3-release-runtime.jar:/opt/gradle/.gradle/caches/9.3.1/transforms/02156647f000cf7fde5d2ab11dd59568/transformed/material-release-runtime.jar:/opt/gradle/.gradle/caches/9.3.1/transforms/b55c0306f09a01acfa1d593b8a064dbd/transformed/material-ripple-runtime.jar:/opt/gradle/.gradle/caches/9.3.1/transforms/671f2685cf1e5a947ce9a322e435364a/transformed/foundation-release-runtime.jar:/opt/gradle/.gradle/caches/9.3.1/transforms/d2e53db4b0a5ef36b399348e36e49cee/transformed/foundation-layout-release-runtime.jar:/opt/gradle/.gradle/caches/9.3.1/transforms/0bf7486ef5e45396d1efe1eae7e32c4c/transformed/animation-core-release-runtime.jar:/opt/gradle/.gradle/caches/9.3.1/transforms/3c7682ba52a865425b08fbb3b701c9d1/transformed/animation-runtime.jar:/opt/gradle/.gradle/caches/9.3.1/transforms/6e84d87f0437c6feb5a3d24f8b533418/transformed/ui-tooling-data-runtime.jar:/opt/gradle/.gradle/caches/9.3.1/transforms/e7d1d18570e66672cec45afa31b81401/transformed/ui-test-release-runtime.jar:/opt/gradle/.gradle/caches/9.3.1/transforms/de8e7d037baadda08199fa9d4eb6c0c5/transformed/ui-unit-release-runtime.jar:/opt/gradle/.gradle/caches/9.3.1/transforms/f4b0973e2cfeb29397f4a64a089941fa/transformed/ui-geometry-runtime.jar:/opt/gradle/.gradle/caches/9.3.1/transforms/24532feb46bee6b8fcf59d6533cf06bc/transformed/ui-util-release-runtime.jar:/opt/gradle/.gradle/caches/9.3.1/transforms/002fb431764c328d2aa99537e25a9496/transformed/ui-text-release-runtime.jar:/opt/gradle/.gradle/caches/9.3.1/transforms/596ebadcf58c49aa1a582f6b61d2a9a8/transformed/ui-tooling-preview-runtime.jar:/opt/gradle/.gradle/caches/9.3.1/transforms/f32f6feda98d3e2aa942a06d08899c1b/transformed/ui-graphics-release-runtime.jar:/opt/gradle/.gradle/caches/9.3.1/transforms/e4586474e02e9810650f9932d5a7bd56/transformed/ui-tooling-release-runtime.jar:/opt/gradle/.gradle/caches/9.3.1/transforms/80b0d86055237b08313a21c7fbbffc2a/transformed/activity-compose-1.10.1-runtime.jar:/opt/gradle/.gradle/caches/9.3.1/transforms/389e778263e4862dd6468184ec2bad0e/transformed/work-runtime-ktx-2.9.1-runtime.jar:/opt/gradle/.gradle/caches/9.3.1/transforms/16a5768e7ad7b8e5bfeb870d9c6490cb/transformed/work-runtime-2.9.1-runtime.jar:/opt/gradle/.gradle/caches/9.3.1/transforms/8f868998026a9bd8a19601a9004f846c/transformed/customview-poolingcontainer-1.0.0-runtime.jar:/opt/gradle/.gradle/caches/9.3.1/transforms/0bb8b0ae779fc702f64ff71a68fbce8f/transformed/core-ktx-1.18.0-runtime.jar:/opt/gradle/.gradle/caches/9.3.1/transforms/3a1812f9143c30c7c46c261fbc2a367f/transformed/autofill-1.0.0-runtime.jar:/opt/gradle/.gradle/caches/9.3.1/transforms/f8d726a3b50af54369348c2aee523304/transformed/graphics-path-1.0.1-runtime.jar:/opt/gradle/.gradle/caches/9.3.1/transforms/8f9df5d3597abbe7089dbe4722a2173c/transformed/emoji2-1.4.0-runtime.jar:/opt/gradle/.gradle/caches/9.3.1/transforms/5b9b1894b927e44b418a663cdd0375bf/transformed/core-1.18.0-runtime.jar:/opt/gradle/.gradle/caches/9.3.1/transforms/96721d9e8180a4055d887bd2ab1a2cbb/transformed/junit-1.3.0-runtime.jar:/opt/gradle/.gradle/caches/9.3.1/transforms/3fe306e184e5854f19b7004e2463131c/transformed/espresso-core-3.5.0-runtime.jar:/opt/gradle/.gradle/caches/9.3.1/transforms/cb96a0d62c63d0af328e5ac24b9bea3a/transformed/core-1.7.0-runtime.jar:/opt/gradle/.gradle/caches/9.3.1/transforms/9f79cae7cd1cf1b137dd55ce890b2b6e/transformed/savedstate-ktx-1.2.1-runtime.jar:/opt/gradle/.gradle/caches/9.3.1/transforms/4fca0e42575a1631a9859f703f78bcad/transformed/savedstate-1.2.1-runtime.jar:/opt/gradle/.gradle/caches/9.3.1/transforms/f2f8f98d255e78bb9fa269f3d58f32f1/transformed/lifecycle-process-2.8.7-runtime.jar:/opt/gradle/.gradle/caches/9.3.1/transforms/886236e6b07cff776197313084b482bd/transformed/lifecycle-livedata-core-ktx-2.8.7-runtime.jar:/opt/gradle/.gradle/caches/9.3.1/transforms/0769a4df05547301c163f0f5d551e71c/transformed/lifecycle-livedata-core-2.8.7-runtime.jar:/opt/gradle/.gradle/caches/9.3.1/transforms/44a226b432cf8279367daf25e75c3bf0/transformed/lifecycle-viewmodel-release-runtime.jar:/opt/gradle/.gradle/caches/modules-2/files-2.1/androidx.lifecycle/lifecycle-common-jvm/2.8.7/7174a594afb73a9ad9ac9074ce78b94af3cc52a7/lifecycle-common-jvm-2.8.7.jar:/opt/gradle/.gradle/caches/9.3.1/transforms/551d9488a1e1c875b3b2be74e0cb6cbd/transformed/lifecycle-runtime-release-runtime.jar:/opt/gradle/.gradle/caches/modules-2/files-2.1/androidx.lifecycle/lifecycle-common-java8/2.8.7/2ad14aed781c4a73ed4dbb421966d408a0a06686/lifecycle-common-java8-2.8.7.jar:/opt/gradle/.gradle/caches/9.3.1/transforms/c6fee3e8b9dbf972233ccd5ccb27fc1a/transformed/lifecycle-service-2.8.7-runtime.jar:/opt/gradle/.gradle/caches/9.3.1/transforms/77ec520704229b08721fa4fd0a24eead/transformed/lifecycle-livedata-2.8.7-runtime.jar:/opt/gradle/.gradle/caches/9.3.1/transforms/08fd051ce338ab1f0eb58398e909b3c6/transformed/lifecycle-viewmodel-savedstate-2.8.7-runtime.jar:/opt/gradle/.gradle/caches/9.3.1/transforms/1b37be39024cdccb0a24e6c5e6a26a5b/transformed/lifecycle-viewmodel-ktx-2.8.7-runtime.jar:/opt/gradle/.gradle/caches/9.3.1/transforms/fff13446c9707e0278dd26bfa319e228/transformed/lifecycle-runtime-ktx-release-runtime.jar:/opt/gradle/.gradle/caches/9.3.1/transforms/4b70b06406bf7d1c8aace7b5c77cc4f7/transformed/lifecycle-runtime-compose-release-runtime.jar:/opt/gradle/.gradle/caches/9.3.1/transforms/38ec8ffcd707fd107de5ced1ea1abb87/transformed/lifecycle-viewmodel-compose-release-runtime.jar:/opt/gradle/.gradle/caches/9.3.1/transforms/3584fb3c5d1e7d63eb1a945eb3490f25/transformed/material-icons-extended-release-runtime.jar:/opt/gradle/.gradle/caches/9.3.1/transforms/994a7459f6a46a5feca6298c24d13fa2/transformed/material-icons-core-release-runtime.jar:/opt/gradle/.gradle/caches/9.3.1/transforms/05aea88f1e59422fa55216105aae4784/transformed/ui-release-runtime.jar:/opt/gradle/.gradle/caches/9.3.1/transforms/e9a478afb0862bbb83580bffe750fbb8/transformed/ui-test-manifest-1.8.0-runtime.jar:/opt/gradle/.gradle/caches/modules-2/files-2.1/androidx.room/room-migration-jvm/2.7.0/6ea2d9759a174cf3633c585129395617c10541f6/room-migration-jvm-2.7.0.jar:/opt/gradle/.gradle/caches/modules-2/files-2.1/androidx.room/room-common-jvm/2.7.0/46a9845444d0b849131baeb85bfe4051828261ad/room-common-jvm-2.7.0.jar:/opt/gradle/.gradle/caches/9.3.1/transforms/e19960190434e84ac831b0a2f2477883/transformed/room-runtime-release-runtime.jar:/opt/gradle/.gradle/caches/9.3.1/transforms/2257d94a8ad0f172dda982132e93fef2/transformed/room-ktx-2.7.0-runtime.jar:/opt/gradle/.gradle/caches/9.3.1/transforms/7ada992e1ec8101c657b69d64a76c1e6/transformed/room-testing-release-runtime.jar:/opt/gradle/.gradle/caches/9.3.1/transforms/10348b4517273ff871e866ba595893d0/transformed/runner-1.5.0-runtime.jar:/opt/gradle/.gradle/caches/modules-2/files-2.1/junit/junit/4.13.2/8ac9e16d933b6fb43bc7f576336b8f4d7eb5ba12/junit-4.13.2.jar:/opt/gradle/.gradle/caches/9.3.1/transforms/a0cd144f360676a42b8011948be7e381/transformed/runtime-saveable-release-runtime.jar:/opt/gradle/.gradle/caches/9.3.1/transforms/83cc16af696752d4b45c87be0d7dc31d/transformed/runtime-release-runtime.jar:/opt/gradle/.gradle/caches/modules-2/files-2.1/org.jetbrains.kotlinx/kotlinx-coroutines-android/1.10.2/c8705d275d81f19e8afaf3ff9b5bf7a4b6b6c19b/kotlinx-coroutines-android-1.10.2.jar:/opt/gradle/.gradle/caches/modules-2/files-2.1/org.jetbrains.kotlinx/kotlinx-coroutines-test-jvm/1.10.2/deb87732ba15dc455f08af4b120fca0d96d6cb5f/kotlinx-coroutines-test-jvm-1.10.2.jar:/opt/gradle/.gradle/caches/modules-2/files-2.1/androidx.datastore/datastore-preferences-external-protobuf/1.1.7/ddd0a2d64e3c928359c993d1291e535d5d7fc9a3/datastore-preferences-external-protobuf-1.1.7.jar:/opt/gradle/.gradle/caches/modules-2/files-2.1/androidx.datastore/datastore-core-okio-jvm/1.1.7/ce08f132812044a9778547b299fd812e34dbd602/datastore-core-okio-jvm-1.1.7.jar:/opt/gradle/.gradle/caches/9.3.1/transforms/dc7e2cf3569042083d51f34bbd74786a/transformed/datastore-core-release-runtime.jar:/opt/gradle/.gradle/caches/modules-2/files-2.1/androidx.datastore/datastore-preferences-proto/1.1.7/6d7430ed8d2b5f2b8675dad8d196ba5dd710921b/datastore-preferences-proto-1.1.7.jar:/opt/gradle/.gradle/caches/9.3.1/transforms/bd09e0969940ee6d750f3888aa73be29/transformed/datastore-preferences-core-release-runtime.jar:/opt/gradle/.gradle/caches/9.3.1/transforms/14a6bd9e8a3cbdd098f7a7ff8cdc3620/transformed/datastore-release-runtime.jar:/opt/gradle/.gradle/caches/9.3.1/transforms/ce7c1eb1df705fc58562eb0a4406269f/transformed/datastore-preferences-release-runtime.jar:/opt/gradle/.gradle/caches/9.3.1/transforms/6e925e0e6add42c4fd556ea0333ec52e/transformed/profileinstaller-1.4.0-runtime.jar:/opt/gradle/.gradle/caches/modules-2/files-2.1/androidx.concurrent/concurrent-futures/1.2.0/6a1dfd69226e148898410721f4b14315343d1429/concurrent-futures-1.2.0.jar:/opt/gradle/.gradle/caches/modules-2/files-2.1/androidx.concurrent/concurrent-futures-ktx/1.2.0/13b49fdb58c74bdfb12eb131b5e22d6d09683e30/concurrent-futures-ktx-1.2.0.jar:/opt/gradle/.gradle/caches/modules-2/files-2.1/org.jetbrains.kotlinx/kotlinx-coroutines-core-jvm/1.10.2/4a9f78ef49483748e2c129f3d124b8fa249dafbf/kotlinx-coroutines-core-jvm-1.10.2.jar:/opt/gradle/.gradle/caches/modules-2/files-2.1/org.robolectric/robolectric/4.16.1/23d7214ddb0d3e430533cd94ae8df0deef81321c/robolectric-4.16.1.jar:/opt/gradle/.gradle/caches/9.3.1/transforms/b8cd95d843001e810cb682b92c47b0c4/transformed/core-splashscreen-1.0.1-runtime.jar:/opt/gradle/.gradle/caches/9.3.1/transforms/1a7690f0ec4d4acdc2e2102f6ea06fe7/transformed/storage-1.6.0-runtime.jar:/opt/gradle/.gradle/caches/modules-2/files-2.1/org.robolectric/shadows-framework/4.16.1/8de8daee97c18b7cb305df2155e09352c3f4784b/shadows-framework-4.16.1.jar:/opt/gradle/.gradle/caches/9.3.1/transforms/cf2f9582894a69b9536bf1a6c35b3c3c/transformed/monitor-1.8.0-runtime.jar:/opt/gradle/.gradle/caches/9.3.1/transforms/e18ff0c925bae4b59e6203490e498b8a/transformed/annotation-1.0.1-runtime.jar:/opt/gradle/.gradle/caches/9.3.1/transforms/7a34cafd3b318fca134e2d846926246a/transformed/annotation-experimental-1.4.1-runtime.jar:/opt/gradle/.gradle/caches/9.3.1/transforms/291b38d60ad9776225222a6be1b72112/transformed/core-viewtree-1.0.0-runtime.jar:/opt/gradle/.gradle/caches/9.3.1/transforms/7c698be184d5c5eaaea66ae7fb3a8334/transformed/sqlite-framework-release-runtime.jar:/opt/gradle/.gradle/caches/9.3.1/transforms/f415373077e6dd590bdd2ccd73f7f900/transformed/sqlite-release-runtime.jar:/opt/gradle/.gradle/caches/9.3.1/transforms/faf03027ccf3c95bb0c43a363c4423b7/transformed/versionedparcelable-1.1.1-runtime.jar:/opt/gradle/.gradle/caches/modules-2/files-2.1/androidx.collection/collection-ktx/1.5.0/27c78a926a16a1bf792b2285cf2834e8caae4a07/collection-ktx-1.5.0.jar:/opt/gradle/.gradle/caches/modules-2/files-2.1/androidx.collection/collection-jvm/1.5.0/7ba2c69414d46ebc2dd76598bdd0a75c54281a57/collection-jvm-1.5.0.jar:/opt/gradle/.gradle/caches/9.3.1/transforms/34b22bc95126e636933487e2542980cf/transformed/core-runtime-2.2.0-runtime.jar:/opt/gradle/.gradle/caches/modules-2/files-2.1/androidx.arch.core/core-common/2.2.0/5e1b8b81dfd5f52c56a8d53b18ca759c19a301f3/core-common-2.2.0.jar:/opt/gradle/.gradle/caches/9.3.1/transforms/9883f613c185b22751f66da553486d7f/transformed/startup-runtime-1.1.1-runtime.jar:/opt/gradle/.gradle/caches/9.3.1/transforms/b497117c4ea7fb9624b0e0af9ab597ca/transformed/tracing-1.2.0-runtime.jar:/opt/gradle/.gradle/caches/9.3.1/transforms/708737e11fc895f4168080ad16d55f8d/transformed/interpolator-1.0.0-runtime.jar:/opt/gradle/.gradle/caches/modules-2/files-2.1/androidx.annotation/annotation-jvm/1.9.1/b17951747e38bf3986a24431b9ba0d039958aa5f/annotation-jvm-1.9.1.jar:/opt/gradle/.gradle/caches/modules-2/files-2.1/org.jetbrains.kotlinx/kotlinx-serialization-core-jvm/1.6.3/6b6c17d0312ba7192893adea9d52959941d0119b/kotlinx-serialization-core-jvm-1.6.3.jar:/opt/gradle/.gradle/caches/modules-2/files-2.1/org.jetbrains.kotlinx/kotlinx-serialization-json-jvm/1.6.3/2241746853abf04073e3ab0dcd9e6729d363b313/kotlinx-serialization-json-jvm-1.6.3.jar:/opt/gradle/.gradle/caches/modules-2/files-2.1/org.jetbrains.kotlin/kotlin-parcelize-runtime/1.9.22/de4a21d6560cadd035c69ba3af3ad1afecc95299/kotlin-parcelize-runtime-1.9.22.jar:/opt/gradle/.gradle/caches/modules-2/files-2.1/com.squareup.okio/okio-jvm/3.4.0/4e8bd78a52ab935ce383d0092646922154295e54/okio-jvm-3.4.0.jar:/opt/gradle/.gradle/caches/modules-2/files-2.1/org.jetbrains.kotlin/kotlin-stdlib-jdk8/1.8.0/ed04f49e186a116753ad70d34f0ac2925d1d8020/kotlin-stdlib-jdk8-1.8.0.jar:/opt/gradle/.gradle/caches/modules-2/files-2.1/org.jetbrains.kotlin/kotlin-android-extensions-runtime/1.9.22/ee3bc0c3b55cb516ac92d6a093e1b939166b86a2/kotlin-android-extensions-runtime-1.9.22.jar:/opt/gradle/.gradle/caches/modules-2/files-2.1/org.jetbrains.kotlin/kotlin-stdlib-jdk7/1.8.0/3c91271347f678c239607abb676d4032a7898427/kotlin-stdlib-jdk7-1.8.0.jar:/opt/gradle/.gradle/caches/modules-2/files-2.1/org.jetbrains.kotlin/kotlin-stdlib/2.2.10/30de6faa127a4a012db8e71bf1b9c0a99b1402b2/kotlin-stdlib-2.2.10.jar:/opt/gradle/.gradle/caches/modules-2/files-2.1/com.google.code.gson/gson/2.10.1/b3add478d4382b78ea20b1671390a858002feb6c/gson-2.10.1.jar:/opt/gradle/.gradle/caches/modules-2/files-2.1/org.robolectric/junit/4.16.1/bf78ceb93a1ce6540d17c96667c718f6eb6b02a8/junit-4.16.1.jar:/opt/gradle/.gradle/caches/modules-2/files-2.1/org.robolectric/resources/4.16.1/63f17dcabdc665a4c6526065a6988ad91ce94a2e/resources-4.16.1.jar:/opt/gradle/.gradle/caches/modules-2/files-2.1/org.robolectric/sandbox/4.16.1/f07a594df898ddeff90f8ad1afbd2dc87d4adf57/sandbox-4.16.1.jar:/opt/gradle/.gradle/caches/modules-2/files-2.1/org.robolectric/utils-reflector/4.16.1/6981e76db63d2871ea686af2ebf93f8ec25377c/utils-reflector-4.16.1.jar:/opt/gradle/.gradle/caches/modules-2/files-2.1/org.robolectric/plugins-maven-dependency-resolver/4.16.1/35dcd628ea6a41f75583c7f4a0e3319b8568a03/plugins-maven-dependency-resolver-4.16.1.jar:/opt/gradle/.gradle/caches/modules-2/files-2.1/org.robolectric/nativeruntime/4.16.1/b3f40e562aec27ed2db7390ff4e34b57fab4bd32/nativeruntime-4.16.1.jar:/opt/gradle/.gradle/caches/modules-2/files-2.1/org.robolectric/shadowapi/4.16.1/67bd325ef7690b7afc58412bb8d412e0dec544dc/shadowapi-4.16.1.jar:/opt/gradle/.gradle/caches/modules-2/files-2.1/org.robolectric/utils/4.16.1/a1161904b408aae53d895b4cd5d0238cc1f0583c/utils-4.16.1.jar:/opt/gradle/.gradle/caches/modules-2/files-2.1/org.robolectric/pluginapi/4.16.1/c19231c5af0a4db96cf0f137f80ec7b598e1d4bc/pluginapi-4.16.1.jar:/opt/gradle/.gradle/caches/modules-2/files-2.1/com.google.errorprone/error_prone_annotation/2.41.0/e83c3036b7cd2eb35f713c73a743d85fecc487bf/error_prone_annotation-2.41.0.jar:/opt/gradle/.gradle/caches/modules-2/files-2.1/com.google.guava/guava/33.4.8-jre/cb7510a733595f02fe633ffff62d40cfc3056e9/guava-33.4.8-android.jar:/opt/gradle/.gradle/caches/modules-2/files-2.1/com.google.guava/listenablefuture/9999.0-empty-to-avoid-conflict-with-guava/b421526c5f297295adef1c886e5246c39d4ac629/listenablefuture-9999.0-empty-to-avoid-conflict-with-guava.jar:/opt/gradle/.gradle/caches/modules-2/files-2.1/org.hamcrest/hamcrest-integration/1.3/5de0c73fef18917cd85d0ab70bb23818685e4dfd/hamcrest-integration-1.3.jar:/opt/gradle/.gradle/caches/modules-2/files-2.1/org.hamcrest/hamcrest-library/1.3/4785a3c21320980282f9f33d0d1264a69040538f/hamcrest-library-1.3.jar:/opt/gradle/.gradle/caches/modules-2/files-2.1/org.hamcrest/hamcrest-core/1.3/42a25dc3219429f0e5d060061f71acb49bf010a0/hamcrest-core-1.3.jar:/opt/gradle/.gradle/caches/modules-2/files-2.1/org.conscrypt/conscrypt-openjdk-uber/2.5.2/d858f142ea189c62771c505a6548d8606ac098fe/conscrypt-openjdk-uber-2.5.2.jar:/opt/gradle/.gradle/caches/modules-2/files-2.1/org.yaml/snakeyaml/2.4/e0666b825b796f85521f02360e77f4c92c5a7a07/snakeyaml-2.4.jar:/opt/gradle/.gradle/caches/9.3.1/transforms/e552d817aa411be6a47a75e5eae4ab0f/transformed/espresso-idling-resource-3.7.0-runtime.jar:/opt/gradle/.gradle/caches/modules-2/files-2.1/com.google.testparameterinjector/test-parameter-injector/1.18/5da02ca88c55bab58071a33e3f5fb6cfcf5df270/test-parameter-injector-1.18.jar:/opt/gradle/.gradle/caches/modules-2/files-2.1/org.robolectric/annotations/4.16.1/59e6be87a183b4bd397d5f2088531b0cdb8b1155/annotations-4.16.1.jar:/opt/gradle/.gradle/caches/modules-2/files-2.1/javax.inject/javax.inject/1/6975da39a7040257bd51d21a231b76c915872d38/javax.inject-1.jar:/opt/gradle/.gradle/caches/modules-2/files-2.1/javax.annotation/javax.annotation-api/1.3.2/934c04d3cfef185a8008e7bf34331b79730a9d43/javax.annotation-api-1.3.2.jar:/opt/gradle/.gradle/caches/modules-2/files-2.1/org.bouncycastle/bcprov-jdk18on/1.81/d17c094daef57dbd80af71687a475aa6df7cbe54/bcprov-jdk18on-1.81.jar:/opt/gradle/.gradle/caches/modules-2/files-2.1/org.jetbrains/annotations/23.0.0/8cc20c07506ec18e0834947b84a864bfc094484e/annotations-23.0.0.jar:/opt/gradle/.gradle/caches/modules-2/files-2.1/com.google.auto.value/auto-value-annotations/1.11.0/f0d047931d07cfbc6fa4079854f181ff62891d6f/auto-value-annotations-1.11.0.jar:/opt/gradle/.gradle/caches/modules-2/files-2.1/org.ow2.asm/asm-commons/9.8/36e4d212970388e5bd2c5180292012502df461bb/asm-commons-9.8.jar:/opt/gradle/.gradle/caches/modules-2/files-2.1/org.ow2.asm/asm-tree/9.8/18419ca5b77a2f81097c741e7872e6ab8d2f40d/asm-tree-9.8.jar:/opt/gradle/.gradle/caches/modules-2/files-2.1/org.ow2.asm/asm/9.8/dc19ecb3f7889b7860697215cae99c0f9b6f6b4b/asm-9.8.jar:/opt/gradle/.gradle/caches/modules-2/files-2.1/com.almworks.sqlite4java/sqlite4java/1.0.392/d6234e08ff4e1607ff5321da2579571f05ff778d/sqlite4java-1.0.392.jar:/opt/gradle/.gradle/caches/modules-2/files-2.1/com.ibm.icu/icu4j/77.1/38693cf0b1d7362a8b726af74dc06026a7c23809/icu4j-77.1.jar:/opt/gradle/.gradle/caches/modules-2/files-2.1/org.jspecify/jspecify/1.0.0/7425a601c1c7ec76645a78d22b8c6a627edee507/jspecify-1.0.0.jar:/opt/gradle/.gradle/caches/modules-2/files-2.1/com.google.guava/failureaccess/1.0.3/aeaffd00d57023a2c947393ed251f0354f0985fc/failureaccess-1.0.3.jar:/opt/gradle/.gradle/caches/modules-2/files-2.1/com.google.errorprone/error_prone_annotations/2.36.0/227d4d4957ccc3dc5761bd897e3a0ee587e750a7/error_prone_annotations-2.36.0.jar:/opt/gradle/.gradle/caches/modules-2/files-2.1/com.google.j2objc/j2objc-annotations/3.0.0/7399e65dd7e9ff3404f4535b2f017093bdb134c7/j2objc-annotations-3.0.0.jar:/opt/gradle/.gradle/caches/modules-2/files-2.1/org.robolectric/nativeruntime-dist-compat/1.0.18/a966cdb1df961a0df69acec8f98bb10d3ebf5f66/nativeruntime-dist-compat-1.0.18.jar:/opt/gradle/.gradle/caches/modules-2/files-2.1/com.squareup/javawriter/2.1.1/67ff45d9ae02e583d0f9b3432a5ebbe05c30c966/javawriter-2.1.1.jar:/opt/gradle/.gradle/caches/modules-2/files-2.1/com.google.code.findbugs/jsr305/2.0.2/516c03b21d50a644d538de0f0369c620989cd8f0/jsr305-2.0.2.jar:/app/applet/app/build/intermediates/java_res/debug/processDebugJavaRes/out:/opt/gradle/.gradle/caches/9.3.1/transforms/71ff749a2b64a04842073419ff4cbb06/transformed/navigation-common-2.8.9/jars/classes.jar:/opt/gradle/.gradle/caches/9.3.1/transforms/87a074cc4ba52401c71a401f43e8b34d/transformed/navigation-runtime-2.8.9/jars/classes.jar:/opt/gradle/.gradle/caches/9.3.1/transforms/cb3321def43239e5011285b33703cfb4/transformed/navigation-common-ktx-2.8.9/jars/classes.jar:/opt/gradle/.gradle/caches/9.3.1/transforms/69d918c59f924178a4f26a39181644b9/transformed/navigation-runtime-ktx-2.8.9/jars/classes.jar:/opt/gradle/.gradle/caches/9.3.1/transforms/a1e2f2832c4cf27499a65c1826a890a7/transformed/navigation-compose-2.8.9/jars/classes.jar:/opt/gradle/.gradle/caches/9.3.1/transforms/03880d2ce080d398510a95d57e01fad3/transformed/ui-test-junit4-release/jars/classes.jar:/opt/gradle/.gradle/caches/9.3.1/transforms/ddbc95e4e7a0959342d51e398632d327/transformed/activity-1.10.1/jars/classes.jar:/opt/gradle/.gradle/caches/9.3.1/transforms/d1714fce2f082650a6696920fd3caa91/transformed/activity-ktx-1.10.1/jars/classes.jar:/opt/gradle/.gradle/caches/9.3.1/transforms/e72ded074d8688b6c2661e805d946815/transformed/material3-release/jars/classes.jar:/opt/gradle/.gradle/caches/9.3.1/transforms/3589f07397b43467554d66ca9c945e5b/transformed/material-release/jars/classes.jar:/opt/gradle/.gradle/caches/9.3.1/transforms/d32d6c305375e36292da752cce890cb2/transformed/material-ripple/jars/classes.jar:/opt/gradle/.gradle/caches/9.3.1/transforms/3c119bc55c6e0fce5186121ecb0eba25/transformed/foundation-release/jars/classes.jar:/opt/gradle/.gradle/caches/9.3.1/transforms/2808e201b31ca15d0877e296198f6c96/transformed/foundation-layout-release/jars/classes.jar:/opt/gradle/.gradle/caches/9.3.1/transforms/0bacdd0ec00387375c7e5254dba8a258/transformed/animation-core-release/jars/classes.jar:/opt/gradle/.gradle/caches/9.3.1/transforms/0475eaf2995264ed5d4994507f9945be/transformed/animation/jars/classes.jar:/opt/gradle/.gradle/caches/9.3.1/transforms/1a450dfc1eda5560f92d8c04f1053348/transformed/ui-tooling-data/jars/classes.jar:/opt/gradle/.gradle/caches/9.3.1/transforms/ec3b63b344f3638a88d8817c7430dbe5/transformed/ui-test-release/jars/classes.jar:/opt/gradle/.gradle/caches/9.3.1/transforms/cd07fead45f50b3e00390df0c665689b/transformed/ui-unit-release/jars/classes.jar:/opt/gradle/.gradle/caches/9.3.1/transforms/74d75eaf3d205f08c9538b3323583d8c/transformed/ui-geometry/jars/classes.jar:/opt/gradle/.gradle/caches/9.3.1/transforms/e4a4ca94c5e6ad8dec96df5ec4bb9ae1/transformed/ui-util-release/jars/classes.jar:/opt/gradle/.gradle/caches/9.3.1/transforms/4ed0d413dacc9285d591ed6a595ffb3d/transformed/ui-text-release/jars/classes.jar:/opt/gradle/.gradle/caches/9.3.1/transforms/d3d162c0f3d9fdd2163e36e0d3d2d3a0/transformed/ui-tooling-preview/jars/classes.jar:/opt/gradle/.gradle/caches/9.3.1/transforms/1d9c33377f55fac1d2c860ee32050c5e/transformed/ui-graphics-release/jars/classes.jar:/opt/gradle/.gradle/caches/9.3.1/transforms/1bccbb604237aea6439acd6ac64f9974/transformed/ui-tooling-release/jars/classes.jar:/opt/gradle/.gradle/caches/9.3.1/transforms/326dc125eece3ab501ed6dc1843c95ea/transformed/activity-compose-1.10.1/jars/classes.jar:/opt/gradle/.gradle/caches/9.3.1/transforms/289c71becd429ca7184d8b9487fd62c0/transformed/work-runtime-ktx-2.9.1/jars/classes.jar:/opt/gradle/.gradle/caches/9.3.1/transforms/7bd15220579f6fcc9e77fe2006e6315e/transformed/work-runtime-2.9.1/jars/classes.jar:/opt/gradle/.gradle/caches/9.3.1/transforms/6a4ec91945314e5eb81ac0042d2b839f/transformed/customview-poolingcontainer-1.0.0/jars/classes.jar:/opt/gradle/.gradle/caches/9.3.1/transforms/a43909252a3af89520556ad2f2f34f80/transformed/core-ktx-1.18.0/jars/classes.jar:/opt/gradle/.gradle/caches/9.3.1/transforms/2975ad87d8b15ba608b213da5b85766d/transformed/autofill-1.0.0/jars/classes.jar:/opt/gradle/.gradle/caches/9.3.1/transforms/bbc7d8244b90058a029de9aa58bcf6dc/transformed/graphics-path-1.0.1/jars/classes.jar:/opt/gradle/.gradle/caches/9.3.1/transforms/ee095149f9b7e62f319056a2b3ab5d8f/transformed/emoji2-1.4.0/jars/classes.jar:/opt/gradle/.gradle/caches/9.3.1/transforms/ee095149f9b7e62f319056a2b3ab5d8f/transformed/emoji2-1.4.0/jars/libs/repackaged.jar:/opt/gradle/.gradle/caches/9.3.1/transforms/f7e16338296c22a062a66d37291d7e60/transformed/core-1.18.0/jars/classes.jar:/opt/gradle/.gradle/caches/9.3.1/transforms/7a16f680cf913ec018cf110d925e49ab/transformed/junit-1.3.0/jars/classes.jar:/opt/gradle/.gradle/caches/9.3.1/transforms/26f2ae3f2380ef2267be60e658d38883/transformed/espresso-core-3.5.0/jars/classes.jar:/opt/gradle/.gradle/caches/9.3.1/transforms/8bb98aa0f1482c3560d4ec8e95d5d6ba/transformed/core-1.7.0/jars/classes.jar:/opt/gradle/.gradle/caches/9.3.1/transforms/810be5318efc6188636258d952da6fc2/transformed/savedstate-ktx-1.2.1/jars/classes.jar:/opt/gradle/.gradle/caches/9.3.1/transforms/bf1bc3c5a3f38b239c994270df7d8795/transformed/savedstate-1.2.1/jars/classes.jar:/opt/gradle/.gradle/caches/9.3.1/transforms/c22b97e9332a7bea7d35a670c0aa3e99/transformed/lifecycle-process-2.8.7/jars/classes.jar:/opt/gradle/.gradle/caches/9.3.1/transforms/acc4ad0f0f384b81eb38610040d63358/transformed/lifecycle-livedata-core-ktx-2.8.7/jars/classes.jar:/opt/gradle/.gradle/caches/9.3.1/transforms/61f9827be9ffddda40be969bf18ecfb3/transformed/lifecycle-livedata-core-2.8.7/jars/classes.jar:/opt/gradle/.gradle/caches/9.3.1/transforms/2085fc73124fd1ddc05d7dcc31f32337/transformed/lifecycle-viewmodel-release/jars/classes.jar:/opt/gradle/.gradle/caches/9.3.1/transforms/69fa35c1bc6674db7765fed2d36b30fc/transformed/lifecycle-runtime-release/jars/classes.jar:/opt/gradle/.gradle/caches/9.3.1/transforms/b25d08c3d651739322ca72520e771a73/transformed/lifecycle-service-2.8.7/jars/classes.jar:/opt/gradle/.gradle/caches/9.3.1/transforms/e947dfa8d5c3e23bea11d75fa4443cab/transformed/lifecycle-livedata-2.8.7/jars/classes.jar:/opt/gradle/.gradle/caches/9.3.1/transforms/a9c652e33052a32a82612a5ec125e6c4/transformed/lifecycle-viewmodel-savedstate-2.8.7/jars/classes.jar:/opt/gradle/.gradle/caches/9.3.1/transforms/4f3b18eb0a67c62b413fecc40d2c37e7/transformed/lifecycle-viewmodel-ktx-2.8.7/jars/classes.jar:/opt/gradle/.gradle/caches/9.3.1/transforms/d791feaf506057d0e78d388f0d04f296/transformed/lifecycle-runtime-ktx-release/jars/classes.jar:/opt/gradle/.gradle/caches/9.3.1/transforms/31641c6acd04662fc76173a94829481c/transformed/lifecycle-runtime-compose-release/jars/classes.jar:/opt/gradle/.gradle/caches/9.3.1/transforms/26f08c5e4826411565fd6dd4d383ba23/transformed/lifecycle-viewmodel-compose-release/jars/classes.jar:/opt/gradle/.gradle/caches/9.3.1/transforms/6a00bded64a52736ac6f5f7e02f3ac9e/transformed/material-icons-extended-release/jars/classes.jar:/opt/gradle/.gradle/caches/9.3.1/transforms/acd41c4634c2a499ad9f1ceac809da97/transformed/material-icons-core-release/jars/classes.jar:/opt/gradle/.gradle/caches/9.3.1/transforms/222517fd5f0c7848bede820440d4999b/transformed/ui-release/jars/classes.jar:/opt/gradle/.gradle/caches/9.3.1/transforms/e1e00e9caa5ab76602491541c221421c/transformed/ui-test-manifest-1.8.0/jars/classes.jar:/opt/gradle/.gradle/caches/9.3.1/transforms/d3448b9a83bad0f7135c35c31f045df6/transformed/room-runtime-release/jars/classes.jar:/opt/gradle/.gradle/caches/9.3.1/transforms/188784849c55d38f4e01917be573830c/transformed/room-ktx-2.7.0/jars/classes.jar:/opt/gradle/.gradle/caches/9.3.1/transforms/198518b24b9169eb2f5847628021d405/transformed/room-testing-release/jars/classes.jar:/opt/gradle/.gradle/caches/9.3.1/transforms/b3419d62713df5234599574b398cc5a4/transformed/runner-1.5.0/jars/classes.jar:/opt/gradle/.gradle/caches/9.3.1/transforms/bffa93a411a932a7c84ef47a4a049c77/transformed/runtime-saveable-release/jars/classes.jar:/opt/gradle/.gradle/caches/9.3.1/transforms/e5fb266836f640a4cdf200b0fbff21ed/transformed/runtime-release/jars/classes.jar:/opt/gradle/.gradle/caches/9.3.1/transforms/30862e71869d146ae6330576c68a1ed7/transformed/datastore-core-release/jars/classes.jar:/opt/gradle/.gradle/caches/9.3.1/transforms/c0b6a29749b9c842ec351895f3872ba3/transformed/datastore-preferences-core-release/jars/classes.jar:/opt/gradle/.gradle/caches/9.3.1/transforms/97d7491d6905f47bc437888e1b9a2e80/transformed/datastore-release/jars/classes.jar:/opt/gradle/.gradle/caches/9.3.1/transforms/f0072fe32f82a6415fdf169e0602ca18/transformed/datastore-preferences-release/jars/classes.jar:/opt/gradle/.gradle/caches/9.3.1/transforms/ffd573f6f431c7e942b5388a56105c37/transformed/profileinstaller-1.4.0/jars/classes.jar:/opt/gradle/.gradle/caches/9.3.1/transforms/1db71360c9d6d0a8bf374b937d6b1e02/transformed/core-splashscreen-1.0.1/jars/classes.jar:/opt/gradle/.gradle/caches/9.3.1/transforms/bd627f14b32a9cdefe2c91890e118261/transformed/storage-1.6.0/jars/classes.jar:/opt/gradle/.gradle/caches/9.3.1/transforms/035924ce91a0d6608851fac437b860cd/transformed/monitor-1.8.0/jars/classes.jar:/opt/gradle/.gradle/caches/9.3.1/transforms/adc93ab3c431374a196c951785bfb437/transformed/annotation-1.0.1/jars/classes.jar:/opt/gradle/.gradle/caches/9.3.1/transforms/8d6f2525b5e072f07355d65fe1cb71a0/transformed/annotation-experimental-1.4.1/jars/classes.jar:/opt/gradle/.gradle/caches/9.3.1/transforms/df83f9434f938f51c78f1b84ab0c4f92/transformed/core-viewtree-1.0.0/jars/classes.jar:/opt/gradle/.gradle/caches/9.3.1/transforms/4754710214d1f3b57b22d9e1f91c3e63/transformed/sqlite-framework-release/jars/classes.jar:/opt/gradle/.gradle/caches/9.3.1/transforms/f5d4111b938e056c789c01cc512fa88c/transformed/sqlite-release/jars/classes.jar:/opt/gradle/.gradle/caches/9.3.1/transforms/5b6bc49e7508ac40cf52787bec29e6e2/transformed/versionedparcelable-1.1.1/jars/classes.jar:/opt/gradle/.gradle/caches/9.3.1/transforms/08bf7980a0fe2c1bb268b133a9bf8f1a/transformed/core-runtime-2.2.0/jars/classes.jar:/opt/gradle/.gradle/caches/9.3.1/transforms/310ec112483bd6a978f8deda56bf75dd/transformed/startup-runtime-1.1.1/jars/classes.jar:/opt/gradle/.gradle/caches/9.3.1/transforms/db8ddf01392cf74b8aca6afc8cb81d53/transformed/tracing-1.2.0/jars/classes.jar:/opt/gradle/.gradle/caches/9.3.1/transforms/84cb9e6f8205bcf43ab28d95b41eeed0/transformed/interpolator-1.0.0/jars/classes.jar:/opt/gradle/.gradle/caches/9.3.1/transforms/1b4e25537854fd63006ac45e7de3ad41/transformed/espresso-idling-resource-3.7.0/jars/classes.jar:/app/applet/app/build/intermediates/compile_and_runtime_r_class_jar/debug/processDebugResources/R.jar:/opt/gradle/.gradle/caches/9.3.1/transforms/73201a155b2982baab319033152919cf/transformed/android.jar
Launcher Type: SUN_STANDARD

[Global flags]
     intx CICompilerCount                          = 3                                         {product} {ergonomic}
     uint ConcGCThreads                            = 1                                         {product} {ergonomic}
     uint G1ConcRefinementThreads                  = 4                                         {product} {ergonomic}
   size_t G1HeapRegionSize                         = 1048576                                   {product} {ergonomic}
    uintx GCDrainStackTargetSize                   = 64                                        {product} {ergonomic}
   size_t InitialHeapSize                          = 201326592                                 {product} {ergonomic}
   size_t MarkStackSize                            = 4194304                                   {product} {ergonomic}
   size_t MaxHeapSize                              = 536870912                                 {product} {command line}
   size_t MaxNewSize                               = 321912832                                 {product} {ergonomic}
   size_t MinHeapDeltaBytes                        = 1048576                                   {product} {ergonomic}
   size_t MinHeapSize                              = 8388608                                   {product} {ergonomic}
    uintx NonNMethodCodeHeapSize                   = 5832780                                {pd product} {ergonomic}
    uintx NonProfiledCodeHeapSize                  = 122912730                              {pd product} {ergonomic}
    uintx ProfiledCodeHeapSize                     = 122912730                              {pd product} {ergonomic}
    uintx ReservedCodeCacheSize                    = 251658240                              {pd product} {ergonomic}
     bool SegmentedCodeCache                       = true                                      {product} {ergonomic}
   size_t SoftMaxHeapSize                          = 536870912                              {manageable} {ergonomic}
     bool UseCompressedOops                        = true                           {product lp64_product} {ergonomic}
     bool UseG1GC                                  = true                                      {product} {ergonomic}

Logging:
Log output configuration:
 #0: stdout all=warning uptime,level,tags foldmultilines=false
 #1: stderr all=off uptime,level,tags foldmultilines=false

Release file:
IMPLEMENTOR="Eclipse Adoptium"
IMPLEMENTOR_VERSION="Temurin-21.0.12+8"
JAVA_RUNTIME_VERSION="21.0.12+8-LTS"
JAVA_VERSION="21.0.12"
JAVA_VERSION_DATE="2026-07-21"
LIBC="gnu"
MODULES="java.base java.compiler java.datatransfer java.xml java.prefs java.desktop java.instrument java.logging java.management java.security.sasl java.naming java.rmi java.management.rmi java.net.http java.scripting java.security.jgss java.transaction.xa java.sql java.sql.rowset java.xml.crypto java.se java.smartcardio jdk.accessibility jdk.internal.jvmstat jdk.attach jdk.charsets jdk.internal.opt jdk.zipfs jdk.compiler jdk.crypto.ec jdk.crypto.cryptoki jdk.dynalink jdk.internal.ed jdk.editpad jdk.hotspot.agent jdk.httpserver jdk.incubator.vector jdk.internal.le jdk.internal.vm.ci jdk.internal.vm.compiler jdk.internal.vm.compiler.management jdk.jartool jdk.javadoc jdk.jcmd jdk.management jdk.management.agent jdk.jconsole jdk.jdeps jdk.jdwp.agent jdk.jdi jdk.jfr jdk.jlink jdk.jpackage jdk.jshell jdk.jsobject jdk.jstatd jdk.localedata jdk.management.jfr jdk.naming.dns jdk.naming.rmi jdk.net jdk.nio.mapmode jdk.random jdk.sctp jdk.security.auth jdk.security.jgss jdk.unsupported jdk.unsupported.desktop jdk.xml.dom"
OS_ARCH="x86_64"
OS_NAME="Linux"
SOURCE=".:git:04806bcb1d50"
BUILD_SOURCE="git:e6ba7dec3d07654074559310376a3ae89da5f4ac"
BUILD_SOURCE_REPO="https://github.com/adoptium/temurin-build.git"
SOURCE_REPO="https://github.com/adoptium/jdk21u.git"
FULL_VERSION="21.0.12+8-LTS"
SEMANTIC_VERSION="21.0.12+8"
BUILD_INFO="OS: Linux Version: 6.8.0-1062-azure"
JVM_VARIANT="Hotspot"
JVM_VERSION="21.0.12+8-LTS"
IMAGE_TYPE="JDK"

Environment Variables:
PATH=/usr/local/sbin:/usr/local/bin:/usr/sbin:/usr/bin:/sbin:/bin:/opt/android/sdk/cmdline-tools/latest/bin:/opt/android/sdk/platform-tools:/opt/gradle/gradle-9.3.1/bin:/usr/local/sbin:/usr/local/bin:/usr/sbin:/usr/bin:/sbin:/bin
LANG=en_US.UTF-8
LC_ALL=en_US.UTF-8

Active Locale:
LC_ALL=LC_CTYPE=en_US.UTF-8;LC_NUMERIC=C;LC_TIME=en_US.UTF-8;LC_COLLATE=en_US.UTF-8;LC_MONETARY=en_US.UTF-8;LC_MESSAGES=en_US.UTF-8;LC_PAPER=en_US.UTF-8;LC_NAME=en_US.UTF-8;LC_ADDRESS=en_US.UTF-8;LC_TELEPHONE=en_US.UTF-8;LC_MEASUREMENT=en_US.UTF-8;LC_IDENTIFICATION=en_US.UTF-8
LC_COLLATE=en_US.UTF-8
LC_CTYPE=en_US.UTF-8
LC_MESSAGES=en_US.UTF-8
LC_MONETARY=en_US.UTF-8
LC_NUMERIC=C
LC_TIME=en_US.UTF-8

Signal Handlers:
   SIGSEGV: crash_handler in libjvm.so, mask=11100100010111111101111111111110, flags=SA_RESTART|SA_SIGINFO, unblocked
    SIGBUS: crash_handler in libjvm.so, mask=11100100010111111101111111111110, flags=SA_RESTART|SA_SIGINFO, unblocked
    SIGFPE: crash_handler in libjvm.so, mask=11100100010111111101111111111110, flags=SA_RESTART|SA_SIGINFO, unblocked
   SIGPIPE: javaSignalHandler in libjvm.so, mask=11100100010111111101111111111110, flags=SA_RESTART|SA_SIGINFO, blocked
   SIGXFSZ: javaSignalHandler in libjvm.so, mask=11100100010111111101111111111110, flags=SA_RESTART|SA_SIGINFO, blocked
    SIGILL: crash_handler in libjvm.so, mask=11100100010111111101111111111110, flags=SA_RESTART|SA_SIGINFO, unblocked
   SIGUSR2: SR_handler in libjvm.so, mask=00000000000000000000000000000000, flags=SA_RESTART|SA_SIGINFO, blocked
    SIGHUP: UserHandler in libjvm.so, mask=11100100010111111101111111111110, flags=SA_RESTART|SA_SIGINFO, blocked
    SIGINT: UserHandler in libjvm.so, mask=11100100010111111101111111111110, flags=SA_RESTART|SA_SIGINFO, blocked
   SIGTERM: UserHandler in libjvm.so, mask=11100100010111111101111111111110, flags=SA_RESTART|SA_SIGINFO, blocked
   SIGQUIT: UserHandler in libjvm.so, mask=11100100010111111101111111111110, flags=SA_RESTART|SA_SIGINFO, blocked
   SIGTRAP: crash_handler in libjvm.so, mask=11100100010111111101111111111110, flags=SA_RESTART|SA_SIGINFO, unblocked


Periodic native trim disabled

---------------  S Y S T E M  ---------------

OS:
DISTRIB_ID=Ubuntu
DISTRIB_RELEASE=22.04
DISTRIB_CODENAME=jammy
DISTRIB_DESCRIPTION="Ubuntu 22.04.5 LTS"
uname: Linux 4.19.0-gvisor #1 SMP Sun Jan 10 15:06:54 PST 2016 x86_64
OS uptime: 0 days 0:23 hours
libc: glibc 2.36 NPTL 2.36 
rlimit (soft/hard): STACK 8192k/infinity , CORE 0k/infinity , NPROC 1048576/536870911 , NOFILE 25000/25000 , AS infinity/infinity , CPU infinity/infinity , DATA infinity/infinity , FSIZE infinity/infinity , MEMLOCK infinity/infinity
load average: 0.00 0.00 0.00

/proc/meminfo:
MemTotal:       12582912 kB
MemFree:         5258880 kB
MemAvailable:    5258880 kB
Buffers:               0 kB
Cached:          2026436 kB
SwapCache:             0 kB
Active:          7045532 kB
Inactive:         278488 kB
Active(anon):    6767048 kB
Inactive(anon):        0 kB
Active(file):     278484 kB
Inactive(file):   278488 kB
Unevictable:           0 kB
Mlocked:               0 kB
SwapTotal:             0 kB
SwapFree:              0 kB
Dirty:                 0 kB
Writeback:             0 kB
AnonPages:       6767048 kB
Mapped:           556972 kB
Shmem:           1469464 kB

/sys/kernel/mm/transparent_hugepage/enabled: <Not Available>
/sys/kernel/mm/transparent_hugepage/hpage_pmd_size: <Not Available>
/sys/kernel/mm/transparent_hugepage/defrag (defrag/compaction efforts parameter): <Not Available>

Process Memory:
Virtual Size: 4324608K (peak: -1K)
Resident Set Size: 485808K (peak: -1K)
C-Heap outstanding allocations: 106425K, retained: 30154K
glibc malloc tunables: (default)

/proc/sys/kernel/threads-max (system-wide limit on the number of threads): <Not Available>
/proc/sys/vm/max_map_count (maximum number of memory map areas a process may have): 2147483647
/proc/sys/vm/swappiness (control to define how aggressively the kernel swaps out anonymous memory): <Not Available>
/proc/sys/kernel/pid_max (system-wide limit on number of process identifiers): 65536

container information not found.
Steal ticks since vm start: 0
Steal ticks percentage since vm start:  0.000

CPU: total 4 (initial active 4) (128 cores per cpu, 1 threads per core) family 25 model 1 stepping 1 microcode 0x0, cx8, cmov, fxsr, mmx, 3dnowpref, sse, sse2, sse3, ssse3, sse4a, sse4.1, sse4.2, popcnt, lzcnt, tsc, avx, avx2, aes, erms, clmul, bmi1, bmi2, adx, sha, fma, vzeroupper, clflush, clflushopt, rdtscp, rdpid, fsrm, f16c, pku, ospke, cet_ss
CPU Model and flags from /proc/cpuinfo:
model name	: unknown
flags		: fpu vme de pse tsc msr pae mce cx8 apic sep mtrr pge mca cmov pat pse36 clflush mmx fxsr sse sse2 ht syscall nx mmxext fxsr_opt pdpe1gb rdtscp lm pni pclmulqdq monitor ssse3 fma cx16 pcid sse4_1 sse4_2 x2apic movbe popcnt aes xsave avx f16c rdrand lahf_lm cmp_legacy svm extapic cr8_legacy abm sse4a misalignsse 3dnowprefetch osvw ibs skinit wdt tce topoext perfctr_core perfctr_nb bpext perfctr_llc mwaitx fsgsbase bmi1 avx2 smep bmi2 erms invpcid cqm rdt_a rdseed adx smap clwb sha_ni xsaveopt xsavec xgetbv1 xsaves umip pku ospke vaes vpclmulqdq rdpid fsrm

Online cpus: 0-3
Offline cpus: <Not Available>
BIOS frequency limitation: <Not Available>
Frequency switch latency (ns): <Not Available>
Available cpu frequencies: <Not Available>
Current governor: <Not Available>
Core performance/turbo boost: <Not Available>

Memory: 4k page, physical 12582912k(5258880k free), swap 0k(0k free)
Page Sizes: 4k

vm_info: OpenJDK 64-Bit Server VM (21.0.12+8-LTS) for linux-amd64 JRE (21.0.12+8-LTS), built on 2026-07-21T00:00:00Z by "admin" with gcc 11.3.0

END.
