#
# A fatal error has been detected by the Java Runtime Environment:
#
#  SIGSEGV (0xb) at pc=0x00007f9a86155d53, pid=1140, tid=1170
#
# JRE version: OpenJDK Runtime Environment Temurin-21.0.12+8 (21.0.12+8) (build 21.0.12+8-LTS)
# Java VM: OpenJDK 64-Bit Server VM Temurin-21.0.12+8 (21.0.12+8-LTS, mixed mode, sharing, tiered, compressed oops, compressed class ptrs, g1 gc, linux-amd64)
# Problematic frame:
# C  [librobolectric-nativeruntime.so+0x455d53]  sqlite3_finalize+0x13
#
# Core dump will be written. Default location: core.1140 (may not exist)
#
# If you would like to submit a bug report, please visit:
#   https://github.com/adoptium/adoptium-support/issues
# The crash happened outside the Java Virtual Machine in native code.
# See problematic frame for where to report the bug.
#

---------------  S U M M A R Y ------------

Command Line: -Djava.awt.headless=true -Djava.library.path=/usr/java/packages/lib:/usr/lib64:/lib64:/lib:/usr/lib:/app/applet/app/src/testDebug/jniLibs:/app/applet/app/src/test/jniLibs -Dorg.gradle.internal.worker.tmpdir=/app/applet/app/build/tmp/testDebugUnitTest/work --add-opens=java.base/java.io=ALL-UNNAMED -Xmx512m -Dfile.encoding=UTF-8 -Duser.country=US -Duser.language=en -Duser.variant -ea worker.org.gradle.process.internal.worker.GradleWorkerMain 'Gradle Test Executor 3'

Host: unknown, 4 cores, 12G, Ubuntu 22.04.5 LTS
Time: Fri Aug 28 01:14:57 2026 UTC elapsed time: 10.659346 seconds (0d 0h 0m 10s)

---------------  T H R E A D  ---------------

Current thread (0x00007f9b0099bbd0):  JavaThread "SDK 34 Main Thread"        [_thread_in_native, id=1170, stack(0x00007f9ad8c44000,0x00007f9ad8d44000) (1024K)]

Stack: [0x00007f9ad8c44000,0x00007f9ad8d44000],  sp=0x00007f9ad8d3e2f0,  free space=1000k
Native frames: (J=compiled Java code, j=interpreted, Vv=VM code, C=native code)
C  [librobolectric-nativeruntime.so+0x455d53]  sqlite3_finalize+0x13
J 6010 c1 org.robolectric.shadows.ShadowNativeSQLiteConnection$$Lambda+0x00007f9a8c6cd498.run()V (12 bytes) @ 0x00007f9ae914cf84 [0x00007f9ae914cec0+0x00000000000000c4]
J 5187 c1 org.robolectric.util.PerfStatsCollector.measure(Ljava/lang/String;Lorg/robolectric/util/PerfStatsCollector$ThrowingRunnable;)V (43 bytes) @ 0x00007f9ae8b602e4 [0x00007f9ae8b5ffa0+0x0000000000000344]
j  org.robolectric.shadows.ShadowNativeSQLiteConnection.nativeFinalizeStatement(JJ)V+12
J 5332 c1 java.lang.invoke.LambdaForm$DMH+0x00007f9a8c6da000.invokeStatic(Ljava/lang/Object;JJ)V java.base@21.0.12 (17 bytes) @ 0x00007f9ae8ba9744 [0x00007f9ae8ba94e0+0x0000000000000264]
J 5202 c1 java.lang.invoke.LambdaForm$MH+0x00007f9a8c6dbc00.guardWithCatch(Ljava/lang/Object;JJ)V java.base@21.0.12 (77 bytes) @ 0x00007f9ae8a818ec [0x00007f9ae8a81620+0x00000000000002cc]
j  java.lang.invoke.LambdaForm$MH+0x00007f9a8c6ddc00.reinvoke(Ljava/lang/Object;JJ)V+22 java.base@21.0.12
J 5203 c1 java.lang.invoke.LambdaForm$MH+0x00007f9a8c6de000.guard(Ljava/lang/Object;JJ)V java.base@21.0.12 (100 bytes) @ 0x00007f9ae8c94c04 [0x00007f9ae8c946a0+0x0000000000000564]
J 5331 c1 java.lang.invoke.LambdaForm$MH+0x00007f9a8c6de800.linkToCallSite(JJLjava/lang/Object;)V java.base@21.0.12 (21 bytes) @ 0x00007f9ae8ba9e94 [0x00007f9ae8ba9b60+0x0000000000000334]
j  android.database.sqlite.SQLiteConnection.nativeFinalizeStatement(JJ)V+2
j  android.database.sqlite.SQLiteConnection.$$robo$$android_database_sqlite_SQLiteConnection$finalizePreparedStatement(Landroid/database/sqlite/SQLiteConnection$PreparedStatement;)V+8
J 6686 c2 java.lang.invoke.LambdaForm$DMH+0x00007f9a8c01a000.invokeSpecial(Ljava/lang/Object;Ljava/lang/Object;Ljava/lang/Object;)V java.base@21.0.12 (15 bytes) @ 0x00007f9af06bc574 [0x00007f9af06bc520+0x0000000000000054]
J 6774 c2 java.lang.invoke.LambdaForm$MH+0x00007f9a8c1ad400.guardWithCatch(Ljava/lang/Object;Ljava/lang/Object;Ljava/lang/Object;)V java.base@21.0.12 (75 bytes) @ 0x00007f9af06cddd0 [0x00007f9af06cdd60+0x0000000000000070]
J 4124 c1 java.lang.invoke.LambdaForm$MH+0x00007f9a8c1ae800.reinvoke(Ljava/lang/Object;Ljava/lang/Object;Ljava/lang/Object;)V java.base@21.0.12 (24 bytes) @ 0x00007f9ae896ab34 [0x00007f9ae896a680+0x00000000000004b4]
J 6672 c2 java.lang.invoke.LambdaForm$MH+0x00007f9a8c1aec00.guard(Ljava/lang/Object;Ljava/lang/Object;Ljava/lang/Object;)V java.base@21.0.12 (98 bytes) @ 0x00007f9af06bbd68 [0x00007f9af06bbc80+0x00000000000000e8]
J 3605 c1 java.lang.invoke.LambdaForm$MH+0x00007f9a8c1af000.linkToCallSite(Ljava/lang/Object;Ljava/lang/Object;Ljava/lang/Object;)V java.base@21.0.12 (18 bytes) @ 0x00007f9ae8ea4994 [0x00007f9ae8ea44e0+0x00000000000004b4]
j  android.database.sqlite.SQLiteConnection.finalizePreparedStatement(Landroid/database/sqlite/SQLiteConnection$PreparedStatement;)V+2
j  android.database.sqlite.SQLiteConnection.$$robo$$android_database_sqlite_SQLiteConnection$releasePreparedStatement(Landroid/database/sqlite/SQLiteConnection$PreparedStatement;)V+44
J 6686 c2 java.lang.invoke.LambdaForm$DMH+0x00007f9a8c01a000.invokeSpecial(Ljava/lang/Object;Ljava/lang/Object;Ljava/lang/Object;)V java.base@21.0.12 (15 bytes) @ 0x00007f9af06bc574 [0x00007f9af06bc520+0x0000000000000054]
J 6774 c2 java.lang.invoke.LambdaForm$MH+0x00007f9a8c1ad400.guardWithCatch(Ljava/lang/Object;Ljava/lang/Object;Ljava/lang/Object;)V java.base@21.0.12 (75 bytes) @ 0x00007f9af06cddd0 [0x00007f9af06cdd60+0x0000000000000070]
J 4124 c1 java.lang.invoke.LambdaForm$MH+0x00007f9a8c1ae800.reinvoke(Ljava/lang/Object;Ljava/lang/Object;Ljava/lang/Object;)V java.base@21.0.12 (24 bytes) @ 0x00007f9ae896ab34 [0x00007f9ae896a680+0x00000000000004b4]
J 6672 c2 java.lang.invoke.LambdaForm$MH+0x00007f9a8c1aec00.guard(Ljava/lang/Object;Ljava/lang/Object;Ljava/lang/Object;)V java.base@21.0.12 (98 bytes) @ 0x00007f9af06bbd68 [0x00007f9af06bbc80+0x00000000000000e8]
J 3605 c1 java.lang.invoke.LambdaForm$MH+0x00007f9a8c1af000.linkToCallSite(Ljava/lang/Object;Ljava/lang/Object;Ljava/lang/Object;)V java.base@21.0.12 (18 bytes) @ 0x00007f9ae8ea4994 [0x00007f9ae8ea44e0+0x00000000000004b4]
j  android.database.sqlite.SQLiteConnection.releasePreparedStatement(Landroid/database/sqlite/SQLiteConnection$PreparedStatement;)V+2
j  android.database.sqlite.SQLiteConnection.$$robo$$android_database_sqlite_SQLiteConnection$executeForLong(Ljava/lang/String;[Ljava/lang/Object;Landroid/os/CancellationSignal;)J+95
j  java.lang.invoke.DirectMethodHandle$Holder.invokeSpecial(Ljava/lang/Object;Ljava/lang/Object;Ljava/lang/Object;Ljava/lang/Object;Ljava/lang/Object;)J+16 java.base@21.0.12
j  java.lang.invoke.LambdaForm$MH+0x00007f9a8c6ba800.guardWithCatch(Ljava/lang/Object;Ljava/lang/Object;Ljava/lang/Object;Ljava/lang/Object;Ljava/lang/Object;)J+45 java.base@21.0.12
j  java.lang.invoke.LambdaForm$MH+0x00007f9a8c6bc000.reinvoke(Ljava/lang/Object;Ljava/lang/Object;Ljava/lang/Object;Ljava/lang/Object;Ljava/lang/Object;)J+25 java.base@21.0.12
j  java.lang.invoke.LambdaForm$MH+0x00007f9a8c6bcc00.guard(Ljava/lang/Object;Ljava/lang/Object;Ljava/lang/Object;Ljava/lang/Object;Ljava/lang/Object;)J+82 java.base@21.0.12
j  java.lang.invoke.LambdaForm$MH+0x00007f9a8c6bb800.invoke(Ljava/lang/Object;Ljava/lang/Object;Ljava/lang/Object;Ljava/lang/Object;Ljava/lang/Object;)J+55 java.base@21.0.12
j  java.lang.invoke.LambdaForm$MH+0x00007f9a8c6bc000.reinvoke(Ljava/lang/Object;Ljava/lang/Object;Ljava/lang/Object;Ljava/lang/Object;Ljava/lang/Object;)J+25 java.base@21.0.12
j  java.lang.invoke.LambdaForm$MH+0x00007f9a8c6bcc00.guard(Ljava/lang/Object;Ljava/lang/Object;Ljava/lang/Object;Ljava/lang/Object;Ljava/lang/Object;)J+105 java.base@21.0.12
j  java.lang.invoke.LambdaForm$MH+0x00007f9a8c6bd000.linkToCallSite(Ljava/lang/Object;Ljava/lang/Object;Ljava/lang/Object;Ljava/lang/Object;Ljava/lang/Object;)J+19 java.base@21.0.12
j  android.database.sqlite.SQLiteConnection.executeForLong(Ljava/lang/String;[Ljava/lang/Object;Landroid/os/CancellationSignal;)J+4
j  android.database.sqlite.SQLiteConnection.$$robo$$android_database_sqlite_SQLiteConnection$setPageSize()V+28
J 5407 c2 java.lang.invoke.DirectMethodHandle$Holder.invokeSpecial(Ljava/lang/Object;Ljava/lang/Object;)V java.base@21.0.12 (14 bytes) @ 0x00007f9af06077f0 [0x00007f9af06077a0+0x0000000000000050]
J 5503 c2 java.lang.invoke.LambdaForm$MH+0x00007f9a8c1a5000.guardWithCatch(Ljava/lang/Object;Ljava/lang/Object;)V java.base@21.0.12 (71 bytes) @ 0x00007f9af0621cc8 [0x00007f9af0621c60+0x0000000000000068]
J 3263 c1 java.lang.invoke.LambdaForm$MH+0x00007f9a8c1a5c00.reinvoke(Ljava/lang/Object;Ljava/lang/Object;)V java.base@21.0.12 (23 bytes) @ 0x00007f9ae8e209c4 [0x00007f9ae8e20580+0x0000000000000444]
J 6947 c2 java.lang.invoke.LambdaForm$MH+0x00007f9a8c1a6000.guard(Ljava/lang/Object;Ljava/lang/Object;)V java.base@21.0.12 (93 bytes) @ 0x00007f9af06d6b58 [0x00007f9af06d6a80+0x00000000000000d8]
j  java.lang.invoke.LambdaForm$MH+0x00007f9a8c1a5800.invoke(Ljava/lang/Object;Ljava/lang/Object;)V+44 java.base@21.0.12
J 3263 c1 java.lang.invoke.LambdaForm$MH+0x00007f9a8c1a5c00.reinvoke(Ljava/lang/Object;Ljava/lang/Object;)V java.base@21.0.12 (23 bytes) @ 0x00007f9ae8e209c4 [0x00007f9ae8e20580+0x0000000000000444]
J 6947 c2 java.lang.invoke.LambdaForm$MH+0x00007f9a8c1a6000.guard(Ljava/lang/Object;Ljava/lang/Object;)V java.base@21.0.12 (93 bytes) @ 0x00007f9af06d6b98 [0x00007f9af06d6a80+0x0000000000000118]
J 5379 c2 java.lang.invoke.LambdaForm$MH+0x00007f9a8c1a6400.linkToCallSite(Ljava/lang/Object;Ljava/lang/Object;)V java.base@21.0.12 (17 bytes) @ 0x00007f9af06073e0 [0x00007f9af06073a0+0x0000000000000040]
j  android.database.sqlite.SQLiteConnection.setPageSize()V+1
j  android.database.sqlite.SQLiteConnection.$$robo$$android_database_sqlite_SQLiteConnection$open()V+370
J 5407 c2 java.lang.invoke.DirectMethodHandle$Holder.invokeSpecial(Ljava/lang/Object;Ljava/lang/Object;)V java.base@21.0.12 (14 bytes) @ 0x00007f9af06077f0 [0x00007f9af06077a0+0x0000000000000050]
J 5503 c2 java.lang.invoke.LambdaForm$MH+0x00007f9a8c1a5000.guardWithCatch(Ljava/lang/Object;Ljava/lang/Object;)V java.base@21.0.12 (71 bytes) @ 0x00007f9af0621cc8 [0x00007f9af0621c60+0x0000000000000068]
J 3263 c1 java.lang.invoke.LambdaForm$MH+0x00007f9a8c1a5c00.reinvoke(Ljava/lang/Object;Ljava/lang/Object;)V java.base@21.0.12 (23 bytes) @ 0x00007f9ae8e209c4 [0x00007f9ae8e20580+0x0000000000000444]
J 6947 c2 java.lang.invoke.LambdaForm$MH+0x00007f9a8c1a6000.guard(Ljava/lang/Object;Ljava/lang/Object;)V java.base@21.0.12 (93 bytes) @ 0x00007f9af06d6b58 [0x00007f9af06d6a80+0x00000000000000d8]
j  java.lang.invoke.LambdaForm$MH+0x00007f9a8c1a5800.invoke(Ljava/lang/Object;Ljava/lang/Object;)V+44 java.base@21.0.12
J 3263 c1 java.lang.invoke.LambdaForm$MH+0x00007f9a8c1a5c00.reinvoke(Ljava/lang/Object;Ljava/lang/Object;)V java.base@21.0.12 (23 bytes) @ 0x00007f9ae8e209c4 [0x00007f9ae8e20580+0x0000000000000444]
J 6947 c2 java.lang.invoke.LambdaForm$MH+0x00007f9a8c1a6000.guard(Ljava/lang/Object;Ljava/lang/Object;)V java.base@21.0.12 (93 bytes) @ 0x00007f9af06d6b98 [0x00007f9af06d6a80+0x0000000000000118]
J 5379 c2 java.lang.invoke.LambdaForm$MH+0x00007f9a8c1a6400.linkToCallSite(Ljava/lang/Object;Ljava/lang/Object;)V java.base@21.0.12 (17 bytes) @ 0x00007f9af06073e0 [0x00007f9af06073a0+0x0000000000000040]
j  android.database.sqlite.SQLiteConnection.open()V+1
j  android.database.sqlite.SQLiteConnection.$$robo$$android_database_sqlite_SQLiteConnection$open(Landroid/database/sqlite/SQLiteConnectionPool;Landroid/database/sqlite/SQLiteDatabaseConfiguration;IZ)Landroid/database/sqlite/SQLiteConnection;+15
j  java.lang.invoke.LambdaForm$DMH+0x00007f9a8c63a000.invokeStatic(Ljava/lang/Object;Ljava/lang/Object;Ljava/lang/Object;II)Ljava/lang/Object;+16 java.base@21.0.12
j  java.lang.invoke.LambdaForm$MH+0x00007f9a8c3e1c00.guardWithCatch(Ljava/lang/Object;Ljava/lang/Object;Ljava/lang/Object;II)Ljava/lang/Object;+45 java.base@21.0.12
j  java.lang.invoke.LambdaForm$MH+0x00007f9a8c3e8800.reinvoke(Ljava/lang/Object;Ljava/lang/Object;Ljava/lang/Object;II)Ljava/lang/Object;+25 java.base@21.0.12
j  java.lang.invoke.LambdaForm$MH+0x00007f9a8c3e8c00.guard(Ljava/lang/Object;Ljava/lang/Object;Ljava/lang/Object;II)Ljava/lang/Object;+82 java.base@21.0.12
j  java.lang.invoke.LambdaForm$MH+0x00007f9a8c3e8400.invoke(Ljava/lang/Object;Ljava/lang/Object;Ljava/lang/Object;II)Ljava/lang/Object;+55 java.base@21.0.12
j  java.lang.invoke.LambdaForm$MH+0x00007f9a8c3e8800.reinvoke(Ljava/lang/Object;Ljava/lang/Object;Ljava/lang/Object;II)Ljava/lang/Object;+25 java.base@21.0.12
j  java.lang.invoke.LambdaForm$MH+0x00007f9a8c3e8c00.guard(Ljava/lang/Object;Ljava/lang/Object;Ljava/lang/Object;II)Ljava/lang/Object;+105 java.base@21.0.12
j  java.lang.invoke.LambdaForm$MH+0x00007f9a8c3e9000.linkToCallSite(Ljava/lang/Object;Ljava/lang/Object;IILjava/lang/Object;)Ljava/lang/Object;+19 java.base@21.0.12
j  android.database.sqlite.SQLiteConnection.open(Landroid/database/sqlite/SQLiteConnectionPool;Landroid/database/sqlite/SQLiteDatabaseConfiguration;IZ)Landroid/database/sqlite/SQLiteConnection;+4
j  android.database.sqlite.SQLiteConnectionPool.$$robo$$android_database_sqlite_SQLiteConnectionPool$openConnectionLocked(Landroid/database/sqlite/SQLiteDatabaseConfiguration;Z)Landroid/database/sqlite/SQLiteConnection;+16
J 6178 c1 java.lang.invoke.DirectMethodHandle$Holder.invokeSpecial(Ljava/lang/Object;Ljava/lang/Object;Ljava/lang/Object;I)Ljava/lang/Object; java.base@21.0.12 (18 bytes) @ 0x00007f9ae91d364c [0x00007f9ae91d3260+0x00000000000003ec]
J 6183 c1 java.lang.invoke.LambdaForm$MH+0x00007f9a8c2b7c00.guardWithCatch(Ljava/lang/Object;Ljava/lang/Object;Ljava/lang/Object;I)Ljava/lang/Object; java.base@21.0.12 (79 bytes) @ 0x00007f9ae91d4eec [0x00007f9ae91d4b20+0x00000000000003cc]
j  java.lang.invoke.LambdaForm$MH+0x00007f9a8c2b8800.reinvoke(Ljava/lang/Object;Ljava/lang/Object;Ljava/lang/Object;I)Ljava/lang/Object;+23 java.base@21.0.12
J 6182 c1 java.lang.invoke.LambdaForm$MH+0x00007f9a8c2b8c00.guard(Ljava/lang/Object;Ljava/lang/Object;Ljava/lang/Object;I)Ljava/lang/Object; java.base@21.0.12 (103 bytes) @ 0x00007f9ae91d42ac [0x00007f9ae91d3b40+0x000000000000076c]
J 6181 c1 java.lang.invoke.LambdaForm$MH+0x00007f9a8c2b9000.linkToCallSite(Ljava/lang/Object;Ljava/lang/Object;ILjava/lang/Object;)Ljava/lang/Object; java.base@21.0.12 (21 bytes) @ 0x00007f9ae91d2d9c [0x00007f9ae91d28e0+0x00000000000004bc]
j  android.database.sqlite.SQLiteConnectionPool.openConnectionLocked(Landroid/database/sqlite/SQLiteDatabaseConfiguration;Z)Landroid/database/sqlite/SQLiteConnection;+3
j  android.database.sqlite.SQLiteConnectionPool.$$robo$$android_database_sqlite_SQLiteConnectionPool$open()V+7
J 5407 c2 java.lang.invoke.DirectMethodHandle$Holder.invokeSpecial(Ljava/lang/Object;Ljava/lang/Object;)V java.base@21.0.12 (14 bytes) @ 0x00007f9af06077f0 [0x00007f9af06077a0+0x0000000000000050]
J 5503 c2 java.lang.invoke.LambdaForm$MH+0x00007f9a8c1a5000.guardWithCatch(Ljava/lang/Object;Ljava/lang/Object;)V java.base@21.0.12 (71 bytes) @ 0x00007f9af0621cc8 [0x00007f9af0621c60+0x0000000000000068]
J 3263 c1 java.lang.invoke.LambdaForm$MH+0x00007f9a8c1a5c00.reinvoke(Ljava/lang/Object;Ljava/lang/Object;)V java.base@21.0.12 (23 bytes) @ 0x00007f9ae8e209c4 [0x00007f9ae8e20580+0x0000000000000444]
J 6947 c2 java.lang.invoke.LambdaForm$MH+0x00007f9a8c1a6000.guard(Ljava/lang/Object;Ljava/lang/Object;)V java.base@21.0.12 (93 bytes) @ 0x00007f9af06d6b58 [0x00007f9af06d6a80+0x00000000000000d8]
J 5379 c2 java.lang.invoke.LambdaForm$MH+0x00007f9a8c1a6400.linkToCallSite(Ljava/lang/Object;Ljava/lang/Object;)V java.base@21.0.12 (17 bytes) @ 0x00007f9af06073e0 [0x00007f9af06073a0+0x0000000000000040]
j  android.database.sqlite.SQLiteConnectionPool.open()V+1
j  android.database.sqlite.SQLiteConnectionPool.$$robo$$android_database_sqlite_SQLiteConnectionPool$open(Landroid/database/sqlite/SQLiteDatabaseConfiguration;)Landroid/database/sqlite/SQLiteConnectionPool;+24
J 6692 c2 java.lang.invoke.DirectMethodHandle$Holder.invokeStatic(Ljava/lang/Object;Ljava/lang/Object;)Ljava/lang/Object; java.base@21.0.12 (14 bytes) @ 0x00007f9af06ba95c [0x00007f9af06ba920+0x000000000000003c]
J 5456 c2 java.lang.invoke.LambdaForm$MH+0x00007f9a8c22a000.guardWithCatch(Ljava/lang/Object;Ljava/lang/Object;)Ljava/lang/Object; java.base@21.0.12 (71 bytes) @ 0x00007f9af0610cc8 [0x00007f9af0610c60+0x0000000000000068]
J 3210 c1 java.lang.invoke.LambdaForm$MH+0x00007f9a8c18f400.reinvoke(Ljava/lang/Object;Ljava/lang/Object;)Ljava/lang/Object; java.base@21.0.12 (23 bytes) @ 0x00007f9ae8e0b5c4 [0x00007f9ae8e0b180+0x0000000000000444]
J 6925 c2 java.lang.invoke.LambdaForm$MH+0x00007f9a8c18f800.guard(Ljava/lang/Object;Ljava/lang/Object;)Ljava/lang/Object; java.base@21.0.12 (93 bytes) @ 0x00007f9af06cefd8 [0x00007f9af06cef00+0x00000000000000d8]
J 5409 c2 java.lang.invoke.Invokers$Holder.linkToCallSite(Ljava/lang/Object;Ljava/lang/Object;)Ljava/lang/Object; java.base@21.0.12 (17 bytes) @ 0x00007f9af0607b8c [0x00007f9af0607b20+0x000000000000006c]
j  android.database.sqlite.SQLiteConnectionPool.open(Landroid/database/sqlite/SQLiteDatabaseConfiguration;)Landroid/database/sqlite/SQLiteConnectionPool;+1
j  android.database.sqlite.SQLiteDatabase.$$robo$$android_database_sqlite_SQLiteDatabase$openInner()V+33
J 5407 c2 java.lang.invoke.DirectMethodHandle$Holder.invokeSpecial(Ljava/lang/Object;Ljava/lang/Object;)V java.base@21.0.12 (14 bytes) @ 0x00007f9af06077f0 [0x00007f9af06077a0+0x0000000000000050]
J 5503 c2 java.lang.invoke.LambdaForm$MH+0x00007f9a8c1a5000.guardWithCatch(Ljava/lang/Object;Ljava/lang/Object;)V java.base@21.0.12 (71 bytes) @ 0x00007f9af0621cc8 [0x00007f9af0621c60+0x0000000000000068]
J 3263 c1 java.lang.invoke.LambdaForm$MH+0x00007f9a8c1a5c00.reinvoke(Ljava/lang/Object;Ljava/lang/Object;)V java.base@21.0.12 (23 bytes) @ 0x00007f9ae8e209c4 [0x00007f9ae8e20580+0x0000000000000444]
J 6947 c2 java.lang.invoke.LambdaForm$MH+0x00007f9a8c1a6000.guard(Ljava/lang/Object;Ljava/lang/Object;)V java.base@21.0.12 (93 bytes) @ 0x00007f9af06d6b58 [0x00007f9af06d6a80+0x00000000000000d8]
J 5379 c2 java.lang.invoke.LambdaForm$MH+0x00007f9a8c1a6400.linkToCallSite(Ljava/lang/Object;Ljava/lang/Object;)V java.base@21.0.12 (17 bytes) @ 0x00007f9af06073e0 [0x00007f9af06073a0+0x0000000000000040]
j  android.database.sqlite.SQLiteDatabase.openInner()V+1
j  android.database.sqlite.SQLiteDatabase.$$robo$$android_database_sqlite_SQLiteDatabase$open()V+1
J 5407 c2 java.lang.invoke.DirectMethodHandle$Holder.invokeSpecial(Ljava/lang/Object;Ljava/lang/Object;)V java.base@21.0.12 (14 bytes) @ 0x00007f9af06077f0 [0x00007f9af06077a0+0x0000000000000050]
J 5503 c2 java.lang.invoke.LambdaForm$MH+0x00007f9a8c1a5000.guardWithCatch(Ljava/lang/Object;Ljava/lang/Object;)V java.base@21.0.12 (71 bytes) @ 0x00007f9af0621cc8 [0x00007f9af0621c60+0x0000000000000068]
J 3263 c1 java.lang.invoke.LambdaForm$MH+0x00007f9a8c1a5c00.reinvoke(Ljava/lang/Object;Ljava/lang/Object;)V java.base@21.0.12 (23 bytes) @ 0x00007f9ae8e209c4 [0x00007f9ae8e20580+0x0000000000000444]
J 6947 c2 java.lang.invoke.LambdaForm$MH+0x00007f9a8c1a6000.guard(Ljava/lang/Object;Ljava/lang/Object;)V java.base@21.0.12 (93 bytes) @ 0x00007f9af06d6b58 [0x00007f9af06d6a80+0x00000000000000d8]
J 5379 c2 java.lang.invoke.LambdaForm$MH+0x00007f9a8c1a6400.linkToCallSite(Ljava/lang/Object;Ljava/lang/Object;)V java.base@21.0.12 (17 bytes) @ 0x00007f9af06073e0 [0x00007f9af06073a0+0x0000000000000040]
j  android.database.sqlite.SQLiteDatabase.open()V+1
j  android.database.sqlite.SQLiteDatabase.$$robo$$android_database_sqlite_SQLiteDatabase$openDatabase(Ljava/lang/String;Landroid/database/sqlite/SQLiteDatabase$OpenParams;)Landroid/database/sqlite/SQLiteDatabase;+57
...<more frames>...
Java frames: (J=compiled Java code, j=interpreted, Vv=VM code)
J 5179  org.robolectric.nativeruntime.SQLiteConnectionNatives.nativeFinalizeStatement(JJ)V (0 bytes) @ 0x00007f9af05eb9fc [0x00007f9af05eb9a0+0x000000000000005c]
J 6010 c1 org.robolectric.shadows.ShadowNativeSQLiteConnection$$Lambda+0x00007f9a8c6cd498.run()V (12 bytes) @ 0x00007f9ae914cf84 [0x00007f9ae914cec0+0x00000000000000c4]
J 5187 c1 org.robolectric.util.PerfStatsCollector.measure(Ljava/lang/String;Lorg/robolectric/util/PerfStatsCollector$ThrowingRunnable;)V (43 bytes) @ 0x00007f9ae8b602e4 [0x00007f9ae8b5ffa0+0x0000000000000344]
j  org.robolectric.shadows.ShadowNativeSQLiteConnection.nativeFinalizeStatement(JJ)V+12
J 5332 c1 java.lang.invoke.LambdaForm$DMH+0x00007f9a8c6da000.invokeStatic(Ljava/lang/Object;JJ)V java.base@21.0.12 (17 bytes) @ 0x00007f9ae8ba9744 [0x00007f9ae8ba94e0+0x0000000000000264]
J 5202 c1 java.lang.invoke.LambdaForm$MH+0x00007f9a8c6dbc00.guardWithCatch(Ljava/lang/Object;JJ)V java.base@21.0.12 (77 bytes) @ 0x00007f9ae8a818ec [0x00007f9ae8a81620+0x00000000000002cc]
j  java.lang.invoke.LambdaForm$MH+0x00007f9a8c6ddc00.reinvoke(Ljava/lang/Object;JJ)V+22 java.base@21.0.12
J 5203 c1 java.lang.invoke.LambdaForm$MH+0x00007f9a8c6de000.guard(Ljava/lang/Object;JJ)V java.base@21.0.12 (100 bytes) @ 0x00007f9ae8c94c04 [0x00007f9ae8c946a0+0x0000000000000564]
J 5331 c1 java.lang.invoke.LambdaForm$MH+0x00007f9a8c6de800.linkToCallSite(JJLjava/lang/Object;)V java.base@21.0.12 (21 bytes) @ 0x00007f9ae8ba9e94 [0x00007f9ae8ba9b60+0x0000000000000334]
j  android.database.sqlite.SQLiteConnection.nativeFinalizeStatement(JJ)V+2
j  android.database.sqlite.SQLiteConnection.$$robo$$android_database_sqlite_SQLiteConnection$finalizePreparedStatement(Landroid/database/sqlite/SQLiteConnection$PreparedStatement;)V+8
J 6686 c2 java.lang.invoke.LambdaForm$DMH+0x00007f9a8c01a000.invokeSpecial(Ljava/lang/Object;Ljava/lang/Object;Ljava/lang/Object;)V java.base@21.0.12 (15 bytes) @ 0x00007f9af06bc574 [0x00007f9af06bc520+0x0000000000000054]
J 6774 c2 java.lang.invoke.LambdaForm$MH+0x00007f9a8c1ad400.guardWithCatch(Ljava/lang/Object;Ljava/lang/Object;Ljava/lang/Object;)V java.base@21.0.12 (75 bytes) @ 0x00007f9af06cddd0 [0x00007f9af06cdd60+0x0000000000000070]
J 4124 c1 java.lang.invoke.LambdaForm$MH+0x00007f9a8c1ae800.reinvoke(Ljava/lang/Object;Ljava/lang/Object;Ljava/lang/Object;)V java.base@21.0.12 (24 bytes) @ 0x00007f9ae896ab34 [0x00007f9ae896a680+0x00000000000004b4]
J 6672 c2 java.lang.invoke.LambdaForm$MH+0x00007f9a8c1aec00.guard(Ljava/lang/Object;Ljava/lang/Object;Ljava/lang/Object;)V java.base@21.0.12 (98 bytes) @ 0x00007f9af06bbd68 [0x00007f9af06bbc80+0x00000000000000e8]
J 3605 c1 java.lang.invoke.LambdaForm$MH+0x00007f9a8c1af000.linkToCallSite(Ljava/lang/Object;Ljava/lang/Object;Ljava/lang/Object;)V java.base@21.0.12 (18 bytes) @ 0x00007f9ae8ea4994 [0x00007f9ae8ea44e0+0x00000000000004b4]
j  android.database.sqlite.SQLiteConnection.finalizePreparedStatement(Landroid/database/sqlite/SQLiteConnection$PreparedStatement;)V+2
j  android.database.sqlite.SQLiteConnection.$$robo$$android_database_sqlite_SQLiteConnection$releasePreparedStatement(Landroid/database/sqlite/SQLiteConnection$PreparedStatement;)V+44
J 6686 c2 java.lang.invoke.LambdaForm$DMH+0x00007f9a8c01a000.invokeSpecial(Ljava/lang/Object;Ljava/lang/Object;Ljava/lang/Object;)V java.base@21.0.12 (15 bytes) @ 0x00007f9af06bc574 [0x00007f9af06bc520+0x0000000000000054]
J 6774 c2 java.lang.invoke.LambdaForm$MH+0x00007f9a8c1ad400.guardWithCatch(Ljava/lang/Object;Ljava/lang/Object;Ljava/lang/Object;)V java.base@21.0.12 (75 bytes) @ 0x00007f9af06cddd0 [0x00007f9af06cdd60+0x0000000000000070]
J 4124 c1 java.lang.invoke.LambdaForm$MH+0x00007f9a8c1ae800.reinvoke(Ljava/lang/Object;Ljava/lang/Object;Ljava/lang/Object;)V java.base@21.0.12 (24 bytes) @ 0x00007f9ae896ab34 [0x00007f9ae896a680+0x00000000000004b4]
J 6672 c2 java.lang.invoke.LambdaForm$MH+0x00007f9a8c1aec00.guard(Ljava/lang/Object;Ljava/lang/Object;Ljava/lang/Object;)V java.base@21.0.12 (98 bytes) @ 0x00007f9af06bbd68 [0x00007f9af06bbc80+0x00000000000000e8]
J 3605 c1 java.lang.invoke.LambdaForm$MH+0x00007f9a8c1af000.linkToCallSite(Ljava/lang/Object;Ljava/lang/Object;Ljava/lang/Object;)V java.base@21.0.12 (18 bytes) @ 0x00007f9ae8ea4994 [0x00007f9ae8ea44e0+0x00000000000004b4]
j  android.database.sqlite.SQLiteConnection.releasePreparedStatement(Landroid/database/sqlite/SQLiteConnection$PreparedStatement;)V+2
j  android.database.sqlite.SQLiteConnection.$$robo$$android_database_sqlite_SQLiteConnection$executeForLong(Ljava/lang/String;[Ljava/lang/Object;Landroid/os/CancellationSignal;)J+95
j  java.lang.invoke.DirectMethodHandle$Holder.invokeSpecial(Ljava/lang/Object;Ljava/lang/Object;Ljava/lang/Object;Ljava/lang/Object;Ljava/lang/Object;)J+16 java.base@21.0.12
j  java.lang.invoke.LambdaForm$MH+0x00007f9a8c6ba800.guardWithCatch(Ljava/lang/Object;Ljava/lang/Object;Ljava/lang/Object;Ljava/lang/Object;Ljava/lang/Object;)J+45 java.base@21.0.12
j  java.lang.invoke.LambdaForm$MH+0x00007f9a8c6bc000.reinvoke(Ljava/lang/Object;Ljava/lang/Object;Ljava/lang/Object;Ljava/lang/Object;Ljava/lang/Object;)J+25 java.base@21.0.12
j  java.lang.invoke.LambdaForm$MH+0x00007f9a8c6bcc00.guard(Ljava/lang/Object;Ljava/lang/Object;Ljava/lang/Object;Ljava/lang/Object;Ljava/lang/Object;)J+82 java.base@21.0.12
j  java.lang.invoke.LambdaForm$MH+0x00007f9a8c6bb800.invoke(Ljava/lang/Object;Ljava/lang/Object;Ljava/lang/Object;Ljava/lang/Object;Ljava/lang/Object;)J+55 java.base@21.0.12
j  java.lang.invoke.LambdaForm$MH+0x00007f9a8c6bc000.reinvoke(Ljava/lang/Object;Ljava/lang/Object;Ljava/lang/Object;Ljava/lang/Object;Ljava/lang/Object;)J+25 java.base@21.0.12
j  java.lang.invoke.LambdaForm$MH+0x00007f9a8c6bcc00.guard(Ljava/lang/Object;Ljava/lang/Object;Ljava/lang/Object;Ljava/lang/Object;Ljava/lang/Object;)J+105 java.base@21.0.12
j  java.lang.invoke.LambdaForm$MH+0x00007f9a8c6bd000.linkToCallSite(Ljava/lang/Object;Ljava/lang/Object;Ljava/lang/Object;Ljava/lang/Object;Ljava/lang/Object;)J+19 java.base@21.0.12
j  android.database.sqlite.SQLiteConnection.executeForLong(Ljava/lang/String;[Ljava/lang/Object;Landroid/os/CancellationSignal;)J+4
j  android.database.sqlite.SQLiteConnection.$$robo$$android_database_sqlite_SQLiteConnection$setPageSize()V+28
J 5407 c2 java.lang.invoke.DirectMethodHandle$Holder.invokeSpecial(Ljava/lang/Object;Ljava/lang/Object;)V java.base@21.0.12 (14 bytes) @ 0x00007f9af06077f0 [0x00007f9af06077a0+0x0000000000000050]
J 5503 c2 java.lang.invoke.LambdaForm$MH+0x00007f9a8c1a5000.guardWithCatch(Ljava/lang/Object;Ljava/lang/Object;)V java.base@21.0.12 (71 bytes) @ 0x00007f9af0621cc8 [0x00007f9af0621c60+0x0000000000000068]
J 3263 c1 java.lang.invoke.LambdaForm$MH+0x00007f9a8c1a5c00.reinvoke(Ljava/lang/Object;Ljava/lang/Object;)V java.base@21.0.12 (23 bytes) @ 0x00007f9ae8e209c4 [0x00007f9ae8e20580+0x0000000000000444]
J 6947 c2 java.lang.invoke.LambdaForm$MH+0x00007f9a8c1a6000.guard(Ljava/lang/Object;Ljava/lang/Object;)V java.base@21.0.12 (93 bytes) @ 0x00007f9af06d6b58 [0x00007f9af06d6a80+0x00000000000000d8]
j  java.lang.invoke.LambdaForm$MH+0x00007f9a8c1a5800.invoke(Ljava/lang/Object;Ljava/lang/Object;)V+44 java.base@21.0.12
J 3263 c1 java.lang.invoke.LambdaForm$MH+0x00007f9a8c1a5c00.reinvoke(Ljava/lang/Object;Ljava/lang/Object;)V java.base@21.0.12 (23 bytes) @ 0x00007f9ae8e209c4 [0x00007f9ae8e20580+0x0000000000000444]
J 6947 c2 java.lang.invoke.LambdaForm$MH+0x00007f9a8c1a6000.guard(Ljava/lang/Object;Ljava/lang/Object;)V java.base@21.0.12 (93 bytes) @ 0x00007f9af06d6b98 [0x00007f9af06d6a80+0x0000000000000118]
J 5379 c2 java.lang.invoke.LambdaForm$MH+0x00007f9a8c1a6400.linkToCallSite(Ljava/lang/Object;Ljava/lang/Object;)V java.base@21.0.12 (17 bytes) @ 0x00007f9af06073e0 [0x00007f9af06073a0+0x0000000000000040]
j  android.database.sqlite.SQLiteConnection.setPageSize()V+1
j  android.database.sqlite.SQLiteConnection.$$robo$$android_database_sqlite_SQLiteConnection$open()V+370
J 5407 c2 java.lang.invoke.DirectMethodHandle$Holder.invokeSpecial(Ljava/lang/Object;Ljava/lang/Object;)V java.base@21.0.12 (14 bytes) @ 0x00007f9af06077f0 [0x00007f9af06077a0+0x0000000000000050]
J 5503 c2 java.lang.invoke.LambdaForm$MH+0x00007f9a8c1a5000.guardWithCatch(Ljava/lang/Object;Ljava/lang/Object;)V java.base@21.0.12 (71 bytes) @ 0x00007f9af0621cc8 [0x00007f9af0621c60+0x0000000000000068]
J 3263 c1 java.lang.invoke.LambdaForm$MH+0x00007f9a8c1a5c00.reinvoke(Ljava/lang/Object;Ljava/lang/Object;)V java.base@21.0.12 (23 bytes) @ 0x00007f9ae8e209c4 [0x00007f9ae8e20580+0x0000000000000444]
J 6947 c2 java.lang.invoke.LambdaForm$MH+0x00007f9a8c1a6000.guard(Ljava/lang/Object;Ljava/lang/Object;)V java.base@21.0.12 (93 bytes) @ 0x00007f9af06d6b58 [0x00007f9af06d6a80+0x00000000000000d8]
j  java.lang.invoke.LambdaForm$MH+0x00007f9a8c1a5800.invoke(Ljava/lang/Object;Ljava/lang/Object;)V+44 java.base@21.0.12
J 3263 c1 java.lang.invoke.LambdaForm$MH+0x00007f9a8c1a5c00.reinvoke(Ljava/lang/Object;Ljava/lang/Object;)V java.base@21.0.12 (23 bytes) @ 0x00007f9ae8e209c4 [0x00007f9ae8e20580+0x0000000000000444]
J 6947 c2 java.lang.invoke.LambdaForm$MH+0x00007f9a8c1a6000.guard(Ljava/lang/Object;Ljava/lang/Object;)V java.base@21.0.12 (93 bytes) @ 0x00007f9af06d6b98 [0x00007f9af06d6a80+0x0000000000000118]
J 5379 c2 java.lang.invoke.LambdaForm$MH+0x00007f9a8c1a6400.linkToCallSite(Ljava/lang/Object;Ljava/lang/Object;)V java.base@21.0.12 (17 bytes) @ 0x00007f9af06073e0 [0x00007f9af06073a0+0x0000000000000040]
j  android.database.sqlite.SQLiteConnection.open()V+1
j  android.database.sqlite.SQLiteConnection.$$robo$$android_database_sqlite_SQLiteConnection$open(Landroid/database/sqlite/SQLiteConnectionPool;Landroid/database/sqlite/SQLiteDatabaseConfiguration;IZ)Landroid/database/sqlite/SQLiteConnection;+15
j  java.lang.invoke.LambdaForm$DMH+0x00007f9a8c63a000.invokeStatic(Ljava/lang/Object;Ljava/lang/Object;Ljava/lang/Object;II)Ljava/lang/Object;+16 java.base@21.0.12
j  java.lang.invoke.LambdaForm$MH+0x00007f9a8c3e1c00.guardWithCatch(Ljava/lang/Object;Ljava/lang/Object;Ljava/lang/Object;II)Ljava/lang/Object;+45 java.base@21.0.12
j  java.lang.invoke.LambdaForm$MH+0x00007f9a8c3e8800.reinvoke(Ljava/lang/Object;Ljava/lang/Object;Ljava/lang/Object;II)Ljava/lang/Object;+25 java.base@21.0.12
j  java.lang.invoke.LambdaForm$MH+0x00007f9a8c3e8c00.guard(Ljava/lang/Object;Ljava/lang/Object;Ljava/lang/Object;II)Ljava/lang/Object;+82 java.base@21.0.12
j  java.lang.invoke.LambdaForm$MH+0x00007f9a8c3e8400.invoke(Ljava/lang/Object;Ljava/lang/Object;Ljava/lang/Object;II)Ljava/lang/Object;+55 java.base@21.0.12
j  java.lang.invoke.LambdaForm$MH+0x00007f9a8c3e8800.reinvoke(Ljava/lang/Object;Ljava/lang/Object;Ljava/lang/Object;II)Ljava/lang/Object;+25 java.base@21.0.12
j  java.lang.invoke.LambdaForm$MH+0x00007f9a8c3e8c00.guard(Ljava/lang/Object;Ljava/lang/Object;Ljava/lang/Object;II)Ljava/lang/Object;+105 java.base@21.0.12
j  java.lang.invoke.LambdaForm$MH+0x00007f9a8c3e9000.linkToCallSite(Ljava/lang/Object;Ljava/lang/Object;IILjava/lang/Object;)Ljava/lang/Object;+19 java.base@21.0.12
j  android.database.sqlite.SQLiteConnection.open(Landroid/database/sqlite/SQLiteConnectionPool;Landroid/database/sqlite/SQLiteDatabaseConfiguration;IZ)Landroid/database/sqlite/SQLiteConnection;+4
j  android.database.sqlite.SQLiteConnectionPool.$$robo$$android_database_sqlite_SQLiteConnectionPool$openConnectionLocked(Landroid/database/sqlite/SQLiteDatabaseConfiguration;Z)Landroid/database/sqlite/SQLiteConnection;+16
J 6178 c1 java.lang.invoke.DirectMethodHandle$Holder.invokeSpecial(Ljava/lang/Object;Ljava/lang/Object;Ljava/lang/Object;I)Ljava/lang/Object; java.base@21.0.12 (18 bytes) @ 0x00007f9ae91d364c [0x00007f9ae91d3260+0x00000000000003ec]
J 6183 c1 java.lang.invoke.LambdaForm$MH+0x00007f9a8c2b7c00.guardWithCatch(Ljava/lang/Object;Ljava/lang/Object;Ljava/lang/Object;I)Ljava/lang/Object; java.base@21.0.12 (79 bytes) @ 0x00007f9ae91d4eec [0x00007f9ae91d4b20+0x00000000000003cc]
j  java.lang.invoke.LambdaForm$MH+0x00007f9a8c2b8800.reinvoke(Ljava/lang/Object;Ljava/lang/Object;Ljava/lang/Object;I)Ljava/lang/Object;+23 java.base@21.0.12
J 6182 c1 java.lang.invoke.LambdaForm$MH+0x00007f9a8c2b8c00.guard(Ljava/lang/Object;Ljava/lang/Object;Ljava/lang/Object;I)Ljava/lang/Object; java.base@21.0.12 (103 bytes) @ 0x00007f9ae91d42ac [0x00007f9ae91d3b40+0x000000000000076c]
J 6181 c1 java.lang.invoke.LambdaForm$MH+0x00007f9a8c2b9000.linkToCallSite(Ljava/lang/Object;Ljava/lang/Object;ILjava/lang/Object;)Ljava/lang/Object; java.base@21.0.12 (21 bytes) @ 0x00007f9ae91d2d9c [0x00007f9ae91d28e0+0x00000000000004bc]
j  android.database.sqlite.SQLiteConnectionPool.openConnectionLocked(Landroid/database/sqlite/SQLiteDatabaseConfiguration;Z)Landroid/database/sqlite/SQLiteConnection;+3
j  android.database.sqlite.SQLiteConnectionPool.$$robo$$android_database_sqlite_SQLiteConnectionPool$open()V+7
J 5407 c2 java.lang.invoke.DirectMethodHandle$Holder.invokeSpecial(Ljava/lang/Object;Ljava/lang/Object;)V java.base@21.0.12 (14 bytes) @ 0x00007f9af06077f0 [0x00007f9af06077a0+0x0000000000000050]
J 5503 c2 java.lang.invoke.LambdaForm$MH+0x00007f9a8c1a5000.guardWithCatch(Ljava/lang/Object;Ljava/lang/Object;)V java.base@21.0.12 (71 bytes) @ 0x00007f9af0621cc8 [0x00007f9af0621c60+0x0000000000000068]
J 3263 c1 java.lang.invoke.LambdaForm$MH+0x00007f9a8c1a5c00.reinvoke(Ljava/lang/Object;Ljava/lang/Object;)V java.base@21.0.12 (23 bytes) @ 0x00007f9ae8e209c4 [0x00007f9ae8e20580+0x0000000000000444]
J 6947 c2 java.lang.invoke.LambdaForm$MH+0x00007f9a8c1a6000.guard(Ljava/lang/Object;Ljava/lang/Object;)V java.base@21.0.12 (93 bytes) @ 0x00007f9af06d6b58 [0x00007f9af06d6a80+0x00000000000000d8]
J 5379 c2 java.lang.invoke.LambdaForm$MH+0x00007f9a8c1a6400.linkToCallSite(Ljava/lang/Object;Ljava/lang/Object;)V java.base@21.0.12 (17 bytes) @ 0x00007f9af06073e0 [0x00007f9af06073a0+0x0000000000000040]
j  android.database.sqlite.SQLiteConnectionPool.open()V+1
j  android.database.sqlite.SQLiteConnectionPool.$$robo$$android_database_sqlite_SQLiteConnectionPool$open(Landroid/database/sqlite/SQLiteDatabaseConfiguration;)Landroid/database/sqlite/SQLiteConnectionPool;+24
J 6692 c2 java.lang.invoke.DirectMethodHandle$Holder.invokeStatic(Ljava/lang/Object;Ljava/lang/Object;)Ljava/lang/Object; java.base@21.0.12 (14 bytes) @ 0x00007f9af06ba95c [0x00007f9af06ba920+0x000000000000003c]
J 5456 c2 java.lang.invoke.LambdaForm$MH+0x00007f9a8c22a000.guardWithCatch(Ljava/lang/Object;Ljava/lang/Object;)Ljava/lang/Object; java.base@21.0.12 (71 bytes) @ 0x00007f9af0610cc8 [0x00007f9af0610c60+0x0000000000000068]
J 3210 c1 java.lang.invoke.LambdaForm$MH+0x00007f9a8c18f400.reinvoke(Ljava/lang/Object;Ljava/lang/Object;)Ljava/lang/Object; java.base@21.0.12 (23 bytes) @ 0x00007f9ae8e0b5c4 [0x00007f9ae8e0b180+0x0000000000000444]
J 6925 c2 java.lang.invoke.LambdaForm$MH+0x00007f9a8c18f800.guard(Ljava/lang/Object;Ljava/lang/Object;)Ljava/lang/Object; java.base@21.0.12 (93 bytes) @ 0x00007f9af06cefd8 [0x00007f9af06cef00+0x00000000000000d8]
J 5409 c2 java.lang.invoke.Invokers$Holder.linkToCallSite(Ljava/lang/Object;Ljava/lang/Object;)Ljava/lang/Object; java.base@21.0.12 (17 bytes) @ 0x00007f9af0607b8c [0x00007f9af0607b20+0x000000000000006c]
j  android.database.sqlite.SQLiteConnectionPool.open(Landroid/database/sqlite/SQLiteDatabaseConfiguration;)Landroid/database/sqlite/SQLiteConnectionPool;+1
j  android.database.sqlite.SQLiteDatabase.$$robo$$android_database_sqlite_SQLiteDatabase$openInner()V+33
J 5407 c2 java.lang.invoke.DirectMethodHandle$Holder.invokeSpecial(Ljava/lang/Object;Ljava/lang/Object;)V java.base@21.0.12 (14 bytes) @ 0x00007f9af06077f0 [0x00007f9af06077a0+0x0000000000000050]
J 5503 c2 java.lang.invoke.LambdaForm$MH+0x00007f9a8c1a5000.guardWithCatch(Ljava/lang/Object;Ljava/lang/Object;)V java.base@21.0.12 (71 bytes) @ 0x00007f9af0621cc8 [0x00007f9af0621c60+0x0000000000000068]
J 3263 c1 java.lang.invoke.LambdaForm$MH+0x00007f9a8c1a5c00.reinvoke(Ljava/lang/Object;Ljava/lang/Object;)V java.base@21.0.12 (23 bytes) @ 0x00007f9ae8e209c4 [0x00007f9ae8e20580+0x0000000000000444]
J 6947 c2 java.lang.invoke.LambdaForm$MH+0x00007f9a8c1a6000.guard(Ljava/lang/Object;Ljava/lang/Object;)V java.base@21.0.12 (93 bytes) @ 0x00007f9af06d6b58 [0x00007f9af06d6a80+0x00000000000000d8]
J 5379 c2 java.lang.invoke.LambdaForm$MH+0x00007f9a8c1a6400.linkToCallSite(Ljava/lang/Object;Ljava/lang/Object;)V java.base@21.0.12 (17 bytes) @ 0x00007f9af06073e0 [0x00007f9af06073a0+0x0000000000000040]
j  android.database.sqlite.SQLiteDatabase.openInner()V+1
j  android.database.sqlite.SQLiteDatabase.$$robo$$android_database_sqlite_SQLiteDatabase$open()V+1
J 5407 c2 java.lang.invoke.DirectMethodHandle$Holder.invokeSpecial(Ljava/lang/Object;Ljava/lang/Object;)V java.base@21.0.12 (14 bytes) @ 0x00007f9af06077f0 [0x00007f9af06077a0+0x0000000000000050]
J 5503 c2 java.lang.invoke.LambdaForm$MH+0x00007f9a8c1a5000.guardWithCatch(Ljava/lang/Object;Ljava/lang/Object;)V java.base@21.0.12 (71 bytes) @ 0x00007f9af0621cc8 [0x00007f9af0621c60+0x0000000000000068]
J 3263 c1 java.lang.invoke.LambdaForm$MH+0x00007f9a8c1a5c00.reinvoke(Ljava/lang/Object;Ljava/lang/Object;)V java.base@21.0.12 (23 bytes) @ 0x00007f9ae8e209c4 [0x00007f9ae8e20580+0x0000000000000444]
J 6947 c2 java.lang.invoke.LambdaForm$MH+0x00007f9a8c1a6000.guard(Ljava/lang/Object;Ljava/lang/Object;)V java.base@21.0.12 (93 bytes) @ 0x00007f9af06d6b58 [0x00007f9af06d6a80+0x00000000000000d8]
J 5379 c2 java.lang.invoke.LambdaForm$MH+0x00007f9a8c1a6400.linkToCallSite(Ljava/lang/Object;Ljava/lang/Object;)V java.base@21.0.12 (17 bytes) @ 0x00007f9af06073e0 [0x00007f9af06073a0+0x0000000000000040]
j  android.database.sqlite.SQLiteDatabase.open()V+1
j  android.database.sqlite.SQLiteDatabase.$$robo$$android_database_sqlite_SQLiteDatabase$openDatabase(Ljava/lang/String;Landroid/database/sqlite/SQLiteDatabase$OpenParams;)Landroid/database/sqlite/SQLiteDatabase;+57
J 2343 c1 java.lang.invoke.DirectMethodHandle$Holder.invokeStatic(Ljava/lang/Object;Ljava/lang/Object;Ljava/lang/Object;)Ljava/lang/Object; java.base@21.0.12 (15 bytes) @ 0x00007f9ae8c62344 [0x00007f9ae8c61f60+0x00000000000003e4]
J 4300 c1 java.lang.invoke.LambdaForm$MH+0x00007f9a8c245800.guardWithCatch(Ljava/lang/Object;Ljava/lang/Object;Ljava/lang/Object;)Ljava/lang/Object; java.base@21.0.12 (75 bytes) @ 0x00007f9ae8a10b9c [0x00007f9ae8a107a0+0x00000000000003fc]
J 4378 c1 java.lang.invoke.LambdaForm$MH+0x00007f9a8c246000.reinvoke(Ljava/lang/Object;Ljava/lang/Object;Ljava/lang/Object;)Ljava/lang/Object; java.base@21.0.12 (24 bytes) @ 0x00007f9ae8b1cab4 [0x00007f9ae8b1c600+0x00000000000004b4]
J 4299 c1 java.lang.invoke.LambdaForm$MH+0x00007f9a8c246400.guard(Ljava/lang/Object;Ljava/lang/Object;Ljava/lang/Object;)Ljava/lang/Object; java.base@21.0.12 (98 bytes) @ 0x00007f9ae8a7d99c [0x00007f9ae8a7d240+0x000000000000075c]
J 4298 c1 java.lang.invoke.Invokers$Holder.linkToCallSite(Ljava/lang/Object;Ljava/lang/Object;Ljava/lang/Object;)Ljava/lang/Object; java.base@21.0.12 (18 bytes) @ 0x00007f9ae890eb94 [0x00007f9ae890e6e0+0x00000000000004b4]
j  android.database.sqlite.SQLiteDatabase.openDatabase(Ljava/lang/String;Landroid/database/sqlite/SQLiteDatabase$OpenParams;)Landroid/database/sqlite/SQLiteDatabase;+2
j  android.database.sqlite.SQLiteDatabase.$$robo$$android_database_sqlite_SQLiteDatabase$openDatabase(Ljava/io/File;Landroid/database/sqlite/SQLiteDatabase$OpenParams;)Landroid/database/sqlite/SQLiteDatabase;+5
J 2343 c1 java.lang.invoke.DirectMethodHandle$Holder.invokeStatic(Ljava/lang/Object;Ljava/lang/Object;Ljava/lang/Object;)Ljava/lang/Object; java.base@21.0.12 (15 bytes) @ 0x00007f9ae8c62344 [0x00007f9ae8c61f60+0x00000000000003e4]
J 4300 c1 java.lang.invoke.LambdaForm$MH+0x00007f9a8c245800.guardWithCatch(Ljava/lang/Object;Ljava/lang/Object;Ljava/lang/Object;)Ljava/lang/Object; java.base@21.0.12 (75 bytes) @ 0x00007f9ae8a10b9c [0x00007f9ae8a107a0+0x00000000000003fc]
J 4378 c1 java.lang.invoke.LambdaForm$MH+0x00007f9a8c246000.reinvoke(Ljava/lang/Object;Ljava/lang/Object;Ljava/lang/Object;)Ljava/lang/Object; java.base@21.0.12 (24 bytes) @ 0x00007f9ae8b1cab4 [0x00007f9ae8b1c600+0x00000000000004b4]
J 6923 c1 android.database.sqlite.SQLiteOpenHelper.$$robo$$android_database_sqlite_SQLiteOpenHelper$getDatabaseLocked(Z)Landroid/database/sqlite/SQLiteDatabase; (598 bytes) @ 0x00007f9ae9435dec [0x00007f9ae94315a0+0x000000000000484c]
J 6921 c1 android.database.sqlite.SQLiteOpenHelper.$$robo$$android_database_sqlite_SQLiteOpenHelper$getWritableDatabase()Landroid/database/sqlite/SQLiteDatabase; (17 bytes) @ 0x00007f9ae942ab2c [0x00007f9ae942a020+0x0000000000000b0c]
J 6918 c1 androidx.sqlite.db.framework.FrameworkSQLiteOpenHelper$OpenHelper.innerGetDatabase(Z)Landroid/database/sqlite/SQLiteDatabase; (263 bytes) @ 0x00007f9ae9416e94 [0x00007f9ae9415060+0x0000000000001e34]
J 6917 c1 androidx.sqlite.db.framework.FrameworkSQLiteOpenHelper$OpenHelper.getSupportDatabase(Z)Landroidx/sqlite/db/SupportSQLiteDatabase; (95 bytes) @ 0x00007f9ae9411214 [0x00007f9ae94105a0+0x0000000000000c74]
J 6061 c1 androidx.sqlite.db.framework.FrameworkSQLiteOpenHelper.getWritableDatabase()Landroidx/sqlite/db/SupportSQLiteDatabase; (9 bytes) @ 0x00007f9ae917d944 [0x00007f9ae917d6e0+0x0000000000000264]
j  androidx.room.driver.SupportSQLiteDriver.open(Ljava/lang/String;)Landroidx/room/driver/SupportSQLiteConnection;+14
j  androidx.room.driver.SupportSQLiteDriver.open(Ljava/lang/String;)Landroidx/sqlite/SQLiteConnection;+2
j  androidx.room.BaseRoomConnectionManager$DriverWrapper.openLocked$lambda$1(Landroidx/room/BaseRoomConnectionManager;Landroidx/room/BaseRoomConnectionManager$DriverWrapper;Ljava/lang/String;)Landroidx/sqlite/SQLiteConnection;+41
j  androidx.room.BaseRoomConnectionManager$DriverWrapper$$Lambda+0x00007f9a8c94dcd8.invoke()Ljava/lang/Object;+12
j  androidx.room.concurrent.ExclusiveLock.withLock(Lkotlin/jvm/functions/Function0;Lkotlin/jvm/functions/Function1;)Ljava/lang/Object;+41
j  androidx.room.BaseRoomConnectionManager$DriverWrapper.openLocked(Ljava/lang/String;)Landroidx/sqlite/SQLiteConnection;+64
j  androidx.room.BaseRoomConnectionManager$DriverWrapper.open(Ljava/lang/String;)Landroidx/sqlite/SQLiteConnection;+15
j  androidx.room.testing.SupportSQLiteMigrationTestHelper$SupportTestConnectionManager.openConnection()Landroidx/sqlite/SQLiteConnection;+47
j  androidx.room.testing.MigrationTestHelperKt.createDatabaseCommon(Landroidx/room/migration/bundle/DatabaseBundle;Lkotlin/jvm/functions/Function1;Lkotlin/jvm/functions/Function2;)Landroidx/sqlite/SQLiteConnection;+61
j  androidx.room.testing.SupportSQLiteMigrationTestHelper.createDatabase(Ljava/lang/String;I)Landroidx/sqlite/db/SupportSQLiteDatabase;+78
j  androidx.room.testing.MigrationTestHelper.createDatabase(Ljava/lang/String;I)Landroidx/sqlite/db/SupportSQLiteDatabase;+43
j  com.apexfit.app.data.MigrationTest.migrate8To10()V+10
J 5407 c2 java.lang.invoke.DirectMethodHandle$Holder.invokeSpecial(Ljava/lang/Object;Ljava/lang/Object;)V java.base@21.0.12 (14 bytes) @ 0x00007f9af06077f0 [0x00007f9af06077a0+0x0000000000000050]
J 5721 c1 java.lang.invoke.LambdaForm$MH+0x00007f9a8c0a0800.invoke(Ljava/lang/Object;Ljava/lang/Object;)Ljava/lang/Object; java.base@21.0.12 (36 bytes) @ 0x00007f9ae9083424 [0x00007f9ae9082f00+0x0000000000000524]
J 4642 c1 jdk.internal.reflect.DirectMethodHandleAccessor.invoke(Ljava/lang/Object;[Ljava/lang/Object;)Ljava/lang/Object; java.base@21.0.12 (92 bytes) @ 0x00007f9ae8b17abc [0x00007f9ae8b163a0+0x000000000000171c]
J 4641 c1 java.lang.reflect.Method.invoke(Ljava/lang/Object;[Ljava/lang/Object;)Ljava/lang/Object; java.base@21.0.12 (108 bytes) @ 0x00007f9ae8b1a6cc [0x00007f9ae8b1a1c0+0x000000000000050c]
j  org.junit.runners.model.FrameworkMethod$1.runReflectiveCall()Ljava/lang/Object;+15
j  org.junit.internal.runners.model.ReflectiveCallable.run()Ljava/lang/Object;+1
j  org.junit.runners.model.FrameworkMethod.invokeExplosively(Ljava/lang/Object;[Ljava/lang/Object;)Ljava/lang/Object;+10
j  org.junit.internal.runners.statements.InvokeMethod.evaluate()V+12
j  org.junit.rules.TestWatcher$1.evaluate()V+24
j  org.junit.runners.ParentRunner$3.evaluate()V+4
j  org.robolectric.RobolectricTestRunner$HelperTestRunner$1.evaluate()V+4
j  org.robolectric.internal.SandboxTestRunner.executeInSandbox(Lorg/robolectric/internal/bytecode/Sandbox;Lorg/junit/runners/model/FrameworkMethod;Lorg/robolectric/util/PerfStatsCollector;Lorg/robolectric/util/PerfStatsCollector$Event;)V+197
j  org.robolectric.internal.SandboxTestRunner.access$900(Lorg/robolectric/internal/SandboxTestRunner;Lorg/robolectric/internal/bytecode/Sandbox;Lorg/junit/runners/model/FrameworkMethod;Lorg/robolectric/util/PerfStatsCollector;Lorg/robolectric/util/PerfStatsCollector$Event;)V+6
j  org.robolectric.internal.SandboxTestRunner$7.evaluate()V+104
j  org.junit.runners.BlockJUnit4ClassRunner$1.evaluate()V+11
j  org.junit.runners.ParentRunner.runLeaf(Lorg/junit/runners/model/Statement;Lorg/junit/runner/Description;Lorg/junit/runner/notification/RunNotifier;)V+17
j  org.junit.runners.BlockJUnit4ClassRunner.runChild(Lorg/junit/runners/model/FrameworkMethod;Lorg/junit/runner/notification/RunNotifier;)V+38
j  org.robolectric.internal.SandboxTestRunner.access$600(Lorg/robolectric/internal/SandboxTestRunner;Lorg/junit/runners/model/FrameworkMethod;Lorg/junit/runner/notification/RunNotifier;)V+3
j  org.robolectric.internal.SandboxTestRunner$6.evaluate()V+38
j  org.robolectric.internal.SandboxTestRunner$3.evaluate()V+48
j  org.robolectric.internal.SandboxTestRunner$5.lambda$evaluate$0(Lorg/robolectric/internal/bytecode/Sandbox;Lorg/junit/runners/model/Statement;)V+18
j  org.robolectric.internal.SandboxTestRunner$5$$Lambda+0x00007f9a8c185888.run()V+8
j  org.robolectric.internal.bytecode.Sandbox.lambda$runOnMainThread$0(Ljava/lang/Runnable;)Ljava/lang/Object;+1
j  org.robolectric.internal.bytecode.Sandbox$$Lambda+0x00007f9a8c185ab0.call()Ljava/lang/Object;+4
j  java.util.concurrent.FutureTask.run()V+39 java.base@21.0.12
j  java.util.concurrent.ThreadPoolExecutor.runWorker(Ljava/util/concurrent/ThreadPoolExecutor$Worker;)V+92 java.base@21.0.12
j  java.util.concurrent.ThreadPoolExecutor$Worker.run()V+5 java.base@21.0.12
j  java.lang.Thread.runWith(Ljava/lang/Object;Ljava/lang/Runnable;)V+5 java.base@21.0.12
j  java.lang.Thread.run()V+19 java.base@21.0.12
v  ~StubRoutines::call_stub 0x00007f9aefd37cc6

siginfo: si_signo: 11 (SIGSEGV), si_code: 1 (SEGV_MAPERR), si_addr: 0x0000000000000064

Registers:
RAX=0x00007f9a8c306370, RBX=0x0000000000000064, RCX=0x0000000000000064, RDX=0x0000000000000063
RSP=0x00007f9ad8d3e2f0, RBP=0x00007f9ad8d3e360, RSI=0x00007f9ad8d3e350, RDI=0x0000000000000064
R8 =0x00064f5afb610dc8, R9 =0x000000003b807189, R10=0x00007f9af05eb9fc, R11=0x00007f9a8c6cd6a0
R12=0x0000000000000000, R13=0x0000000000000218, R14=0x00007f9ad8d3e350, R15=0x00007f9b0099bbd0
RIP=0x00007f9a86155d53, EFLAGS=0x0000000000011202, CSGSFS=0x002b000000000033, ERR=0x0000000000000000
  TRAPNO=0x0000000000000000

XMM[0]=0x0000000000000000 0x0000000000000000
XMM[1]=0x0000000000000000 0x00007f9a38000090
XMM[2]=0x00007f9a39c54f00 0x00007f9a39c50d70
XMM[3]=0x0000000000000000 0x0000000000000002
XMM[4]=0x0000000000000000 0x00007f9b0099bbd0
XMM[5]=0x0000000000000000 0x00007f9b0099bbd0
XMM[6]=0x00007f9ad8d3ed68 0x0000000000000000
XMM[7]=0x00007f9a39f3c060 0x00007f9a39f3ac50
XMM[8]=0x0000000000000000 0x78a826e85ebed772
XMM[9]=0x0000000000000000 0x9f87b7c495fb717f
XMM[10]=0x0000000000000000 0x00000000f673b9bb
XMM[11]=0x0000000000000000 0xf92bc9638f273ae2
XMM[12]=0x0000000000000000 0x0000000095fb717f
XMM[13]=0x0000000000000000 0xfcd265c3fdcb5a62
XMM[14]=0x0000000000000000 0x0000000000f8f49f
XMM[15]=0x0000000000000000 0x0000000000000000
  MXCSR=0x00001fa2


Register to memory mapping:

RAX=0x00007f9a8c306370 is a pointer to class: 
org.robolectric.util.PerfStatsCollector$ThrowingRunnable {0x00007f9a8c306370}
 - instance size:     2
 - klass size:        64
 - access:            public interface abstract 
 - flags:             rewritten should_verify_class 
 - state:             linked
 - name:              'org/robolectric/util/PerfStatsCollector$ThrowingRunnable'
 - super:             'java/lang/Object'
 - sub:               
 - nof implementors:  2
 - arrays:            null
 - methods:           Array<T>(0x00007f9a888cfea0)
 - method ordering:   Array<T>(0x00007f9a8bb35768)
 - local interfaces:  Array<T>(0x00007f9a8b6198e0)
 - trans. interfaces: Array<T>(0x00007f9a8b6198e0)
 - secondary supers: Array<T>(0x00007f9a8b619430)
 - hash_slot:         2
 - bitmap:            0x0000000000000000
 - constants:         constant pool [19] {0x00007f9a888cfd98} for 'org/robolectric/util/PerfStatsCollector$ThrowingRunnable' cache=0x00007f9a888cea60
 - class loader data:  loader data: 0x00007f9b00137e70 for instance a 'jdk/internal/loader/ClassLoaders$AppClassLoader'{0x00000000e0c047f0}
 - source file:       'PerfStatsCollector.java'
 - generic signature: '<F:Ljava/lang/Exception;>Ljava/lang/Object;'
 - inner classes:     Array<T>(0x00007f9a888cff48)
 - nest members:     Array<T>(0x00007f9a8b619868)
 - permitted subclasses:     Array<T>(0x00007f9a8b619868)
 - java mirror:       a 'java/lang/Class'{0x00000000e24c3bd0} = 'org/robolectric/util/PerfStatsCollector$ThrowingRunnable'
 - vtable length      5  (start addr: 0x00007f9a8c306540)
 - itable length      0 (start addr: 0x00007f9a8c306568)
 - ---- static fields (0 words):
 - ---- non-static fields (0 words):
 - non-static oop maps: 
RBX=0x0000000000000064 is an unknown value
RCX=0x0000000000000064 is an unknown value
RDX=0x0000000000000063 is an unknown value
RSP=0x00007f9ad8d3e2f0 is pointing into the stack for thread: 0x00007f9b0099bbd0
RBP=0x00007f9ad8d3e360 is pointing into the stack for thread: 0x00007f9b0099bbd0
RSI=0x00007f9ad8d3e350 is pointing into the stack for thread: 0x00007f9b0099bbd0
RDI=0x0000000000000064 is an unknown value
R8 =0x00064f5afb610dc8 is an unknown value
R9 =0x000000003b807189 is an unknown value
R10=0x00007f9af05eb9fc is at entry_point+92 in (nmethod*)0x00007f9af05eb810
Compiled method (n/a) 10668 5179     n 0       org.robolectric.nativeruntime.SQLiteConnectionNatives::nativeFinalizeStatement (native)
 total in heap  [0x00007f9af05eb810,0x00007f9af05ebb70] = 864
 relocation     [0x00007f9af05eb968,0x00007f9af05eb9a0] = 56
 main code      [0x00007f9af05eb9a0,0x00007f9af05ebb68] = 456
 oops           [0x00007f9af05ebb68,0x00007f9af05ebb70] = 8
0x00007f9af05eb9df:   48 8b ca 48 8b d6 49 be 90 a7 37 e4 00 00 00 00
0x00007f9af05eb9ef:   4c 89 74 24 30 4c 8d 74 24 30 49 8b f6 c5 f8 77
R11=0x00007f9a8c6cd6a0 is pointing into metadata
R12=0x0 is null
R13=0x0000000000000218 is an unknown value
R14=0x00007f9ad8d3e350 is pointing into the stack for thread: 0x00007f9b0099bbd0
R15=0x00007f9b0099bbd0 is a thread

Top of Stack: (sp=0x00007f9ad8d3e2f0)
0x00007f9ad8d3e2f0:   00007f9a8c306370 0000000000000198   pc0.............
0x00007f9ad8d3e300:   00007f9ad8d3e350 00007f9b0099bbd0   P...............
0x00007f9ad8d3e310:   00007f9ad8d3e360 00007f9af05eba6f   `.......o.^.....
0x00007f9ad8d3e320:   00007f9a8a42c9c0 00007f9a8ad87cd8   ..B......|......
0x00007f9ad8d3e330:   00000000e1be0798 00007f9a8a42c5c8   ..........B.....
0x00007f9ad8d3e340:   0000000000000000 00007f9ad8d3e390   ................
0x00007f9ad8d3e350:   00000000e437a790 00007f9ae890cb14   ..7.............
0x00007f9ad8d3e360:   00007f9ad8d3e4f0 00007f9ae914cf84   ................
0x00007f9ad8d3e370:   0000000000000063 0000000000000000   c...............
0x00007f9ad8d3e380:   00000000e64e14c0 00007f9ae890cb14   ..N.............
0x00007f9ad8d3e390:   0000000000000000 0000000000000000   ................
0x00007f9ad8d3e3a0:   00007f9a8c1055f0 00007f9b06e94439   .U......9D......
0x00007f9ad8d3e3b0:   0000000000000000 00007f9b0653cb26   ........&.S.....
0x00007f9ad8d3e3c0:   0000000000000581 000000001851dc51   ........Q.Q.....
0x00007f9ad8d3e3d0:   00007f9ad8d3e4f0 00007f9ae8b602e4   ................
0x00007f9ad8d3e3e0:   00000000e64e14e0 0000000000000063   ..N.....c.......
0x00007f9ad8d3e3f0:   0000000000000064 00000000e64e14c0   d.........N.....
0x00007f9ad8d3e400:   0000000000000000 0000000000000000   ................
0x00007f9ad8d3e410:   00007f9ad8d3e4f0 00007f9ae8974e04   .........N......
0x00007f9ad8d3e420:   0000000000000000 0000000000000000   ................
0x00007f9ad8d3e430:   0000000000000000 0000000000000000   ................
0x00007f9ad8d3e440:   0000000000000000 0000000000000000   ................
0x00007f9ad8d3e450:   00000000e1bb25e8 00000000e64e14e0   .%........N.....
0x00007f9ad8d3e460:   00000000e64e14c0 00007f9aefd3f9d8   ..N.............
0x00007f9ad8d3e470:   00000000e4407710 0000000000000064   .w@.....d.......
0x00007f9ad8d3e480:   00007f9ad8d3e4f0 00007f9aefd3f180   ................
0x00007f9ad8d3e490:   00000000e64e14c0 00000000e439e320   ..N..... .9.....
0x00007f9ad8d3e4a0:   00000000e1ed3a88 00007f9ad8d3e4a8   .:..............
0x00007f9ad8d3e4b0:   00007f9a89fb4ad4 0000000000000005   .J..............
0x00007f9ad8d3e4c0:   00007f9a89fb8000 00007f9a8a5814f0   ..........X.....
0x00007f9ad8d3e4d0:   00000000e1bc0a98 00007f9a89fb4b00   .........K......
0x00007f9ad8d3e4e0:   00007f9ad8d3e490 00007f9ad8d3e520   ........ .......

Instructions: (pc=0x00007f9a86155d53)
0x00007f9a86155c53:   df ff 15 4e 4e 89 00 48 98 48 29 05 1d fd 89 00
0x00007f9a86155c63:   48 83 05 5d fd 89 00 ff 48 89 df ff 15 24 4e 89
0x00007f9a86155c73:   00 48 8b 3d ad fd 89 00 48 85 ff 74 11 ff 15 7a
0x00007f9a86155c83:   4e 89 00 eb 09 48 89 df ff 15 07 4e 89 00 83 3d
0x00007f9a86155c93:   d8 4d 89 00 00 74 41 48 8b 3d 87 fd 89 00 48 85
0x00007f9a86155ca3:   ff 74 06 ff 15 44 4e 89 00 4c 89 f7 ff 15 f3 4d
0x00007f9a86155cb3:   89 00 48 98 48 29 05 c2 fc 89 00 48 83 05 02 fd
0x00007f9a86155cc3:   89 00 ff 4c 89 f7 ff 15 c9 4d 89 00 48 8b 3d 52
0x00007f9a86155cd3:   fd 89 00 e9 37 f8 ff ff 4c 89 f7 48 83 c4 08 5b
0x00007f9a86155ce3:   41 5c 41 5d 41 5e 41 5f 5d ff 25 a6 4d 89 00 66
0x00007f9a86155cf3:   2e 0f 1f 84 00 00 00 00 00 0f 1f 40 00 8b 47 34
0x00007f9a86155d03:   c3 66 2e 0f 1f 84 00 00 00 00 00 66 90 8b 47 38
0x00007f9a86155d13:   c3 66 2e 0f 1f 84 00 00 00 00 00 66 90 48 85 ff
0x00007f9a86155d23:   74 0d 31 c0 f6 87 c6 00 00 00 03 0f 95 c0 c3 b8
0x00007f9a86155d33:   01 00 00 00 c3 0f 1f 84 00 00 00 00 00 55 41 57
0x00007f9a86155d43:   41 56 53 50 48 85 ff 0f 84 ba 00 00 00 48 89 fb
0x00007f9a86155d53:   4c 8b 37 4d 85 f6 0f 84 b0 00 00 00 49 8b 7e 18
0x00007f9a86155d63:   48 85 ff 74 06 ff 15 82 4d 89 00 48 83 bb b8 00
0x00007f9a86155d73:   00 00 00 7e 0b 4c 89 f7 48 89 de e8 fd 00 00 00
0x00007f9a86155d83:   8b 43 24 3d 73 29 9c 31 74 0a 45 31 ff 3d a3 0d
0x00007f9a86155d93:   f2 2d 75 0b 48 89 df e8 91 02 00 00 41 89 c7 48
0x00007f9a86155da3:   8b 2b 48 89 ef 48 89 de e8 a0 5c ff ff 48 8b 43
0x00007f9a86155db3:   08 48 8d 4d 08 48 8d 50 10 48 85 c0 48 0f 44 d1
0x00007f9a86155dc3:   48 8b 43 10 48 89 02 48 8b 43 10 48 85 c0 74 08
0x00007f9a86155dd3:   48 8b 4b 08 48 89 48 08 c7 43 24 c8 c3 06 56 48
0x00007f9a86155de3:   c7 03 00 00 00 00 48 89 ef 48 89 de e8 dc 28 01
0x00007f9a86155df3:   00 41 81 ff 0a 0c 00 00 74 53 41 80 7e 61 00 75
0x00007f9a86155e03:   4c 45 23 7e 54 eb 54 45 31 ff eb 57 48 8d 35 c2
0x00007f9a86155e13:   5e d7 ff 41 bf 15 00 00 00 bf 15 00 00 00 31 c0
0x00007f9a86155e23:   e8 b8 84 83 00 48 8d 35 a5 c7 d6 ff 48 8d 15 f4
0x00007f9a86155e33:   03 d7 ff 4c 8d 05 0d c7 d8 ff bf 15 00 00 00 b9
0x00007f9a86155e43:   e1 43 01 00 31 c0 e8 92 84 83 00 eb 16 4c 89 f7


Stack slot to memory mapping:

stack at sp + 0 slots: 0x00007f9a8c306370 is a pointer to class: 
org.robolectric.util.PerfStatsCollector$ThrowingRunnable {0x00007f9a8c306370}
 - instance size:     2
 - klass size:        64
 - access:            public interface abstract 
 - flags:             rewritten should_verify_class 
 - state:             linked
 - name:              'org/robolectric/util/PerfStatsCollector$ThrowingRunnable'
 - super:             'java/lang/Object'
 - sub:               
 - nof implementors:  2
 - arrays:            null
 - methods:           Array<T>(0x00007f9a888cfea0)
 - method ordering:   Array<T>(0x00007f9a8bb35768)
 - local interfaces:  Array<T>(0x00007f9a8b6198e0)
 - trans. interfaces: Array<T>(0x00007f9a8b6198e0)
 - secondary supers: Array<T>(0x00007f9a8b619430)
 - hash_slot:         2
 - bitmap:            0x0000000000000000
 - constants:         constant pool [19] {0x00007f9a888cfd98} for 'org/robolectric/util/PerfStatsCollector$ThrowingRunnable' cache=0x00007f9a888cea60
 - class loader data:  loader data: 0x00007f9b00137e70 for instance a 'jdk/internal/loader/ClassLoaders$AppClassLoader'{0x00000000e0c047f0}
 - source file:       'PerfStatsCollector.java'
 - generic signature: '<F:Ljava/lang/Exception;>Ljava/lang/Object;'
 - inner classes:     Array<T>(0x00007f9a888cff48)
 - nest members:     Array<T>(0x00007f9a8b619868)
 - permitted subclasses:     Array<T>(0x00007f9a8b619868)
 - java mirror:       a 'java/lang/Class'{0x00000000e24c3bd0} = 'org/robolectric/util/PerfStatsCollector$ThrowingRunnable'
 - vtable length      5  (start addr: 0x00007f9a8c306540)
 - itable length      0 (start addr: 0x00007f9a8c306568)
 - ---- static fields (0 words):
 - ---- non-static fields (0 words):
 - non-static oop maps: 
stack at sp + 1 slots: 0x0000000000000198 is an unknown value
stack at sp + 2 slots: 0x00007f9ad8d3e350 is pointing into the stack for thread: 0x00007f9b0099bbd0
stack at sp + 3 slots: 0x00007f9b0099bbd0 is a thread
stack at sp + 4 slots: 0x00007f9ad8d3e360 is pointing into the stack for thread: 0x00007f9b0099bbd0
stack at sp + 5 slots: 0x00007f9af05eba6f is at entry_point+207 in (nmethod*)0x00007f9af05eb810
Compiled method (n/a) 10671 5179     n 0       org.robolectric.nativeruntime.SQLiteConnectionNatives::nativeFinalizeStatement (native)
 total in heap  [0x00007f9af05eb810,0x00007f9af05ebb70] = 864
 relocation     [0x00007f9af05eb968,0x00007f9af05eb9a0] = 56
 main code      [0x00007f9af05eb9a0,0x00007f9af05ebb68] = 456
 oops           [0x00007f9af05ebb68,0x00007f9af05ebb70] = 8
0x00007f9af05eba27:   48 be 90 1e 23 8a 9a 7f 00 00 49 8b ff 40 f6 c4
0x00007f9af05eba37:   0f 0f 84 12 00 00 00 48 83 ec 08 e8 c9 24 00 16
0x00007f9af05eba47:   48 83 c4 08 e9 05 00 00 00 e8 bb 24 00 16 59 5a
0x00007f9af05eba57:   5e 49 8d bf c0 03 00 00 41 c7 87 4c 04 00 00 04
0x00007f9af05eba67:   00 00 00 e8 41 38 b5 95 c5 f8 77 41 c7 87 4c 04
0x00007f9af05eba77:   00 00 05 00 00 00 f0 83 44 24 c0 00 49 3b af 50
0x00007f9af05eba87:   04 00 00 0f 87 0e 00 00 00 41 83 bf 48 04 00 00
0x00007f9af05eba97:   00 0f 84 1c 00 00 00 c5 f8 77 49 8b ff 4c 8b e4
0x00007f9af05ebaa7:   48 83 ec 00 48 83 e4 f0 
stack at sp + 6 slots: 0x00007f9a8a42c9c0 is pointing into metadata
stack at sp + 7 slots: 0x00007f9a8ad87cd8 is pointing into metadata


Compiled method (c1) 10671 6010       3       org.robolectric.shadows.ShadowNativeSQLiteConnection$$Lambda/0x00007f9a8c6cd498::run (12 bytes)
 total in heap  [0x00007f9ae914cd10,0x00007f9ae914d108] = 1016
 relocation     [0x00007f9ae914ce68,0x00007f9ae914ceb0] = 72
 main code      [0x00007f9ae914cec0,0x00007f9ae914d020] = 352
 stub code      [0x00007f9ae914d020,0x00007f9ae914d060] = 64
 oops           [0x00007f9ae914d060,0x00007f9ae914d068] = 8
 metadata       [0x00007f9ae914d068,0x00007f9ae914d078] = 16
 scopes data    [0x00007f9ae914d078,0x00007f9ae914d0b0] = 56
 scopes pcs     [0x00007f9ae914d0b0,0x00007f9ae914d100] = 80
 dependencies   [0x00007f9ae914d100,0x00007f9ae914d108] = 8

[Constant Pool (empty)]

[MachCode]
[Entry Point]
  # {method} {0x00007f9a8a42c668} 'run' '()V' in 'org/robolectric/shadows/ShadowNativeSQLiteConnection$$Lambda+0x00007f9a8c6cd498'
  #           [sp+0x70]  (sp of caller)
  0x00007f9ae914cec0: 448b 5608 | 49bb 0000 | 008b 9a7f | 0000 4d03 | d34c 3bd0 

  0x00007f9ae914ced4: ;   {runtime_call ic_miss_stub}
  0x00007f9ae914ced4: 0f85 a681 | c306 660f | 1f44 0000 
[Verified Entry Point]
  0x00007f9ae914cee0: 8984 2400 | c0fe ff55 | 4883 ec60 | 4181 7f20 | 0700 0000 

  0x00007f9ae914cef4: ;   {runtime_call StubRoutines (final stubs)}
  0x00007f9ae914cef4: 7405 e885 

  0x00007f9ae914cef8: ;   {metadata(method data for {method} {0x00007f9a8a42c668} 'run' '()V' in 'org/robolectric/shadows/ShadowNativeSQLiteConnection$$Lambda+0x00007f9a8c6cd498')}
  0x00007f9ae914cef8: e5c1 0648 | ba78 64d8 | 8a9a 7f00 | 008b baf4 | 0000 0083 | c702 89ba | f400 0000 | 81e7 fe07 
  0x00007f9ae914cf18: 0000 85ff | 0f84 7d00 | 0000 488b | 5610 488b 

  0x00007f9ae914cf28: ;   {metadata(method data for {method} {0x00007f9a8a42c668} 'run' '()V' in 'org/robolectric/shadows/ShadowNativeSQLiteConnection$$Lambda+0x00007f9a8c6cd498')}
  0x00007f9ae914cf28: 7e18 48be | 7864 d88a | 9a7f 0000 | 4883 8638 | 0100 0001 

  0x00007f9ae914cf3c: ;   {metadata(method data for {method} {0x00007f9a89fb7510} 'lambda$nativeFinalizeStatement$3' '(JJ)V' in 'org/robolectric/shadows/ShadowNativeSQLiteConnection')}
  0x00007f9ae914cf3c: 48be c0e2 | d58a 9a7f | 0000 8b9e | f400 0000 | 83c3 0289 | 9ef4 0000 | 0081 e3fe | ff1f 0085 
  0x00007f9ae914cf5c: db0f 845d 

  0x00007f9ae914cf60: ;   {metadata(method data for {method} {0x00007f9a89fb7510} 'lambda$nativeFinalizeStatement$3' '(JJ)V' in 'org/robolectric/shadows/ShadowNativeSQLiteConnection')}
  0x00007f9ae914cf60: 0000 0048 | bec0 e2d5 | 8a9a 7f00 | 0048 8386 | 3801 0000 | 0148 8bf2 | 488b d70f 

  0x00007f9ae914cf7c: ;   {static_call}
  0x00007f9ae914cf7c: 1f40 00e8 

  0x00007f9ae914cf80: ; ImmutableOopMap {}
                      ;*invokestatic nativeFinalizeStatement {reexecute=0 rethrow=0 return_oop=0}
                      ; - org.robolectric.shadows.ShadowNativeSQLiteConnection::lambda$nativeFinalizeStatement$3@2 (line 74)
                      ; - org.robolectric.shadows.ShadowNativeSQLiteConnection$$Lambda/0x00007f9a8c6cd498::run@8
  0x00007f9ae914cf80: 3cea 4907 

  0x00007f9ae914cf84: ;   {other}
  0x00007f9ae914cf84: 0f1f 8400 | 7402 0000 | 4883 c460 

  0x00007f9ae914cf90: ;   {poll_return}
  0x00007f9ae914cf90: 5d49 3ba7 | 5004 0000 | 0f87 4000 

  0x00007f9ae914cf9c: ;   {metadata({method} {0x00007f9a8a42c668} 'run' '()V' in 'org/robolectric/shadows/ShadowNativeSQLiteConnection$$Lambda+0x00007f9a8c6cd498')}
  0x00007f9ae914cf9c: 0000 c349 | ba68 c642 | 8a9a 7f00 | 004c 8954 | 2408 48c7 | 0424 ffff 

  0x00007f9ae914cfb4: ;   {runtime_call counter_overflow Runtime1 stub}
  0x00007f9ae914cfb4: ffff e8c5 

  0x00007f9ae914cfb8: ; ImmutableOopMap {rsi=Oop }
                      ;*synchronization entry
                      ; - org.robolectric.shadows.ShadowNativeSQLiteConnection$$Lambda/0x00007f9a8c6cd498::run@-1
  0x00007f9ae914cfb8: c9cf 06e9 | 62ff ffff 

  0x00007f9ae914cfc0: ;   {metadata({method} {0x00007f9a89fb7510} 'lambda$nativeFinalizeStatement$3' '(JJ)V' in 'org/robolectric/shadows/ShadowNativeSQLiteConnection')}
  0x00007f9ae914cfc0: 49ba 1075 | fb89 9a7f | 0000 4c89 | 5424 0848 | c704 24ff 

  0x00007f9ae914cfd4: ;   {runtime_call counter_overflow Runtime1 stub}
  0x00007f9ae914cfd4: ffff ffe8 

  0x00007f9ae914cfd8: ; ImmutableOopMap {}
                      ;*synchronization entry
                      ; - org.robolectric.shadows.ShadowNativeSQLiteConnection::lambda$nativeFinalizeStatement$3@-1 (line 74)
                      ; - org.robolectric.shadows.ShadowNativeSQLiteConnection$$Lambda/0x00007f9a8c6cd498::run@8
  0x00007f9ae914cfd8: a4c9 cf06 

  0x00007f9ae914cfdc: ;   {internal_word}
  0x00007f9ae914cfdc: eb85 49ba | 91cf 14e9 | 9a7f 0000 | 4d89 9768 

  0x00007f9ae914cfec: ;   {runtime_call SafepointBlob}
  0x00007f9ae914cfec: 0400 00e9 | 0cf0 c306 | 498b 8700 | 0500 0049 | c787 0005 | 0000 0000 | 0000 49c7 | 8708 0500 
  0x00007f9ae914d00c: 0000 0000 | 0048 83c4 

  0x00007f9ae914d014: ;   {runtime_call unwind_exception Runtime1 stub}
  0x00007f9ae914d014: 605d e9e5 | 5dcf 06f4 | f4f4 f4f4 
[Stub Code]
  0x00007f9ae914d020: ;   {no_reloc}
  0x00007f9ae914d020: 48bb 0000 | 0000 0000 

  0x00007f9ae914d028: ;   {runtime_call nmethod}
  0x00007f9ae914d028: 0000 e9fb 

  0x00007f9ae914d02c: ;   {runtime_call handle_exception_from_callee Runtime1 stub}
  0x00007f9ae914d02c: ffff ffe8 | cc93 cf06 

  0x00007f9ae914d034: ;   {external_word}
  0x00007f9ae914d034: 48bf 04db | 9506 9b7f | 0000 4883 

  0x00007f9ae914d040: ;   {runtime_call MacroAssembler::debug64(char*, long, long*)}
  0x00007f9ae914d040: e4f0 e899 | 6d2d 1df4 
[Deopt Handler Code]
  0x00007f9ae914d048: ;   {section_word}
  0x00007f9ae914d048: 49ba 48d0 | 14e9 9a7f | 0000 4152 

  0x00007f9ae914d054: ;   {runtime_call DeoptimizationBlob}
  0x00007f9ae914d054: e947 e2c3 | 06f4 f4f4 | f4f4 f4f4 
[/MachCode]


Compiled method (c1) 10744 5187   !   3       org.robolectric.util.PerfStatsCollector::measure (43 bytes)
 total in heap  [0x00007f9ae8b5fd90,0x00007f9ae8b60890] = 2816
 relocation     [0x00007f9ae8b5fee8,0x00007f9ae8b5ff98] = 176
 main code      [0x00007f9ae8b5ffa0,0x00007f9ae8b60570] = 1488
 stub code      [0x00007f9ae8b60570,0x00007f9ae8b605d0] = 96
 oops           [0x00007f9ae8b605d0,0x00007f9ae8b605d8] = 8
 metadata       [0x00007f9ae8b605d8,0x00007f9ae8b60628] = 80
 scopes data    [0x00007f9ae8b60628,0x00007f9ae8b60718] = 240
 scopes pcs     [0x00007f9ae8b60718,0x00007f9ae8b60808] = 240
 dependencies   [0x00007f9ae8b60808,0x00007f9ae8b60818] = 16
 handler table  [0x00007f9ae8b60818,0x00007f9ae8b60878] = 96
 nul chk table  [0x00007f9ae8b60878,0x00007f9ae8b60890] = 24

[Constant Pool (empty)]

[MachCode]
[Entry Point]
  # {method} {0x00007f9a8766b3f0} 'measure' '(Ljava/lang/String;Lorg/robolectric/util/PerfStatsCollector$ThrowingRunnable;)V' in 'org/robolectric/util/PerfStatsCollector'
  # this:     rsi:rsi   = 'org/robolectric/util/PerfStatsCollector'
  # parm0:    rdx:rdx   = 'java/lang/String'
  # parm1:    rcx:rcx   = 'org/robolectric/util/PerfStatsCollector$ThrowingRunnable'
  #           [sp+0xb0]  (sp of caller)
  0x00007f9ae8b5ffa0: 448b 5608 | 49bb 0000 | 008b 9a7f | 0000 4d03 | d34c 3bd0 

  0x00007f9ae8b5ffb4: ;   {runtime_call ic_miss_stub}
  0x00007f9ae8b5ffb4: 0f85 c650 | 2207 660f | 1f44 0000 
[Verified Entry Point]
  0x00007f9ae8b5ffc0: 8984 2400 | c0fe ff55 | 4881 eca0 | 0000 0090 | 4181 7f20 | 0700 0000 

  0x00007f9ae8b5ffd8: ;   {runtime_call StubRoutines (final stubs)}
  0x00007f9ae8b5ffd8: 7405 e8a1 | b420 0748 | 8bde 4c8b 

  0x00007f9ae8b5ffe4: ;   {metadata(method data for {method} {0x00007f9a8766b3f0} 'measure' '(Ljava/lang/String;Lorg/robolectric/util/PerfStatsCollector$ThrowingRunnable;)V' in 'org/robolectric/util/PerfStatsCollector')}
  0x00007f9ae8b5ffe4: c248 ba98 | af49 8a9a | 7f00 008b | b2f4 0000 | 0083 c602 | 89b2 f400 | 0000 81e6 | fe07 0000 
  0x00007f9ae8b60004: 85f6 0f84 | dd03 0000 | 4889 8c24 | 8000 0000 

  0x00007f9ae8b60014: ;   {metadata(method data for {method} {0x00007f9a8766b3f0} 'measure' '(Ljava/lang/String;Lorg/robolectric/util/PerfStatsCollector$ThrowingRunnable;)V' in 'org/robolectric/util/PerfStatsCollector')}
  0x00007f9ae8b60014: 488b d348 | be98 af49 | 8a9a 7f00 

  0x00007f9ae8b60020: ;   {metadata('org/robolectric/util/PerfStatsCollector')}
  0x00007f9ae8b60020: 0049 ba98 | 5110 8c9a | 7f00 004c | 8996 4801 | 0000 4883 | 8650 0100 

  0x00007f9ae8b60038: ;   {metadata(method data for {method} {0x00007f9a8766aff8} 'startEvent' '(Ljava/lang/String;)Lorg/robolectric/util/PerfStatsCollector$Event;' in 'org/robolectric/util/PerfStatsCollector')}
  0x00007f9ae8b60038: 0001 48ba | 9858 e587 | 9a7f 0000 | 8bb2 f400 | 0000 83c6 | 0289 b2f4 | 0000 0081 | e6fe ff1f 
  0x00007f9ae8b60058: 0085 f60f | 84a9 0300 

  0x00007f9ae8b60060: ;   {metadata('org/robolectric/util/PerfStatsCollector$Event')}
  0x00007f9ae8b60060: 0048 ba38 | 5c10 8c9a | 7f00 0049 | 8b87 b801 | 0000 488d | 7820 493b | bfc8 0100 | 000f 87a8 
  0x00007f9ae8b60080: 0300 0049 | 89bf b801 | 0000 48c7 | 0001 0000 | 0048 8bca | 49ba 0000 | 008b 9a7f | 0000 492b 
  0x00007f9ae8b600a0: ca89 4808 | 4833 c989 | 480c 4833 | c948 8948 | 1048 8948 | 1848 8944 | 2478 488b 

  0x00007f9ae8b600bc: ;   {metadata(method data for {method} {0x00007f9a8766aff8} 'startEvent' '(Ljava/lang/String;)Lorg/robolectric/util/PerfStatsCollector$Event;' in 'org/robolectric/util/PerfStatsCollector')}
  0x00007f9ae8b600bc: f048 bf98 | 58e5 879a | 7f00 0048 | 8387 3801 

  0x00007f9ae8b600cc: ;   {metadata(method data for {method} {0x00007f9a8766cf58} '<init>' '(Lorg/robolectric/util/PerfStatsCollector;Ljava/lang/String;)V' in 'org/robolectric/util/PerfStatsCollector$Event')}
  0x00007f9ae8b600cc: 0000 0148 | be10 5ae5 | 879a 7f00 | 008b bef4 | 0000 0083 | c702 89be | f400 0000 | 81e7 feff 
  0x00007f9ae8b600ec: 1f00 85ff | 0f84 4203 | 0000 410f | be77 4085 | f60f 8556 | 0300 004c | 8bd3 4489 | 5018 488b 
  0x00007f9ae8b6010c: f048 33f3 | 48c1 ee14 | 4883 fe00 | 0f85 5603 | 0000 488b 

  0x00007f9ae8b60120: ;   {metadata(method data for {method} {0x00007f9a8766cf58} '<init>' '(Lorg/robolectric/util/PerfStatsCollector;Ljava/lang/String;)V' in 'org/robolectric/util/PerfStatsCollector$Event')}
  0x00007f9ae8b60120: f048 bf10 | 5ae5 879a | 7f00 0048 | 8387 3801 

  0x00007f9ae8b60130: ;   {metadata(method data for {method} {0x00007f9a8b474908} '<init>' '()V' in 'java/lang/Object')}
  0x00007f9ae8b60130: 0000 0148 | be20 9e00 | 879a 7f00 | 008b bef4 | 0000 0083 | c702 89be | f400 0000 | 81e7 feff 
  0x00007f9ae8b60150: 1f00 85ff | 0f84 3203 | 0000 410f | be77 4085 | f60f 8546 | 0300 004d | 8bd0 4489 | 500c 488b 
  0x00007f9ae8b60170: f049 33f0 | 48c1 ee14 | 4883 fe00 | 0f85 4603 

  0x00007f9ae8b60180: ;   {metadata(method data for {method} {0x00007f9a8766cf58} '<init>' '(Lorg/robolectric/util/PerfStatsCollector;Ljava/lang/String;)V' in 'org/robolectric/util/PerfStatsCollector$Event')}
  0x00007f9ae8b60180: 0000 48be | 105a e587 | 9a7f 0000 | 4883 8648 | 0100 0001 | 8b73 1048 | 85f6 0f84 | 2800 0000 
  0x00007f9ae8b601a0: ;   {metadata('org/robolectric/util/PerfStatsCollector$$Lambda+0x00007f9a8c1055f0')}
  0x00007f9ae8b601a0: 48b9 f055 | 108c 9a7f | 0000 8b5e | 0849 ba00 | 0000 8b9a | 7f00 0049 | 03da 483b | cb0f 851d 
  0x00007f9ae8b601c0: 0300 00e9 | 0000 0000 | 488b fe48 

  0x00007f9ae8b601cc: ;   {metadata(method data for {method} {0x00007f9a8766cf58} '<init>' '(Lorg/robolectric/util/PerfStatsCollector;Ljava/lang/String;)V' in 'org/robolectric/util/PerfStatsCollector$Event')}
  0x00007f9ae8b601cc: 3b06 48bf | 105a e587 | 9a7f 0000 | 4883 8770 | 0100 0001 

  0x00007f9ae8b601e0: ;   {metadata(method data for {method} {0x00007f9a8766c258} 'nanoTime' '()J' in 'org/robolectric/util/PerfStatsCollector$$Lambda+0x00007f9a8c1055f0')}
  0x00007f9ae8b601e0: 48be 68a3 | ca87 9a7f | 0000 8bbe | f400 0000 | 83c7 0289 | bef4 0000 | 0081 e7fe | ff1f 0085 
  0x00007f9ae8b60200: ff0f 84e3 

  0x00007f9ae8b60204: ;   {metadata(method data for {method} {0x00007f9a8766c258} 'nanoTime' '()J' in 'org/robolectric/util/PerfStatsCollector$$Lambda+0x00007f9a8c1055f0')}
  0x00007f9ae8b60204: 0200 0048 | be68 a3ca | 879a 7f00 | 0048 8386 | 3801 0000 

  0x00007f9ae8b60218: ;   {runtime_call os::javaTimeNanos()}
  0x00007f9ae8b60218: 01e8 f2c8 

  0x00007f9ae8b6021c: ;   {other}
  0x00007f9ae8b6021c: 9d1d 0f1f | 8400 0000 | 0000 488b | 7c24 7848 | 8947 1048 | 8b8c 2480 | 0000 0048 | 3b01 488b 
  0x00007f9ae8b6023c: ;   {metadata(method data for {method} {0x00007f9a8766b3f0} 'measure' '(Ljava/lang/String;Lorg/robolectric/util/PerfStatsCollector$ThrowingRunnable;)V' in 'org/robolectric/util/PerfStatsCollector')}
  0x00007f9ae8b6023c: f148 bf98 | af49 8a9a | 7f00 008b | 7608 49ba | 0000 008b | 9a7f 0000 | 4903 f248 | 3bb7 8001 
  0x00007f9ae8b6025c: 0000 750d | 4883 8788 | 0100 0001 | e960 0000 | 0048 3bb7 | 9001 0000 | 750d 4883 | 8798 0100 
  0x00007f9ae8b6027c: 0001 e94a | 0000 0048 | 83bf 8001 | 0000 0075 | 1748 89b7 | 8001 0000 | 48c7 8788 | 0100 0001 
  0x00007f9ae8b6029c: 0000 00e9 | 2900 0000 | 4883 bf90 | 0100 0000 | 7517 4889 | b790 0100 | 0048 c787 | 9801 0000 
  0x00007f9ae8b602bc: 0100 0000 | e908 0000 | 0048 8387 | 7001 0000 | 0148 8bf1 | 0f1f 4400 | 0048 b810 | fd29 209a 
  0x00007f9ae8b602dc: ;   {virtual_call}
  0x00007f9ae8b602dc: 7f00 00e8 

  0x00007f9ae8b602e0: ; ImmutableOopMap {[120]=Oop }
                      ;*invokeinterface run {reexecute=0 rethrow=0 return_oop=0}
                      ; - org.robolectric.util.PerfStatsCollector::measure@10 (line 83)
  0x00007f9ae8b602e0: 9c38 2f07 

  0x00007f9ae8b602e4: ;   {other}
  0x00007f9ae8b602e4: 0f1f 8400 | 5405 0000 | 488b 4424 

  0x00007f9ae8b602f0: ;   {metadata(method data for {method} {0x00007f9a8766b3f0} 'measure' '(Ljava/lang/String;Lorg/robolectric/util/PerfStatsCollector$ThrowingRunnable;)V' in 'org/robolectric/util/PerfStatsCollector')}
  0x00007f9ae8b602f0: 7848 ba98 | af49 8a9a 

  0x00007f9ae8b602f8: ;   {metadata('org/robolectric/util/PerfStatsCollector$Event')}
  0x00007f9ae8b602f8: 7f00 0049 | ba38 5c10 | 8c9a 7f00 | 004c 8992 | b801 0000 | 4883 82c0 | 0100 0001 | ba01 0000 
  0x00007f9ae8b60318: 0048 8b74 

  0x00007f9ae8b6031c: ;   {optimized virtual_call}
  0x00007f9ae8b6031c: 2478 90e8 

  0x00007f9ae8b60320: ; ImmutableOopMap {}
                      ;*invokevirtual finished {reexecute=0 rethrow=0 return_oop=0}
                      ; - org.robolectric.util.PerfStatsCollector::measure@18 (line 88)
  0x00007f9ae8b60320: 9c73 a607 

  0x00007f9ae8b60324: ;   {other}
  0x00007f9ae8b60324: 0f1f 8400 | 9405 0001 

  0x00007f9ae8b6032c: ;   {metadata(method data for {method} {0x00007f9a8766b3f0} 'measure' '(Ljava/lang/String;Lorg/robolectric/util/PerfStatsCollector$ThrowingRunnable;)V' in 'org/robolectric/util/PerfStatsCollector')}
  0x00007f9ae8b6032c: 48b8 98af | 498a 9a7f | 0000 ff80 | e001 0000 | 4881 c4a0 | 0000 005d 

  0x00007f9ae8b60344: ;   {poll_return}
  0x00007f9ae8b60344: 493b a750 | 0400 000f | 87bf 0100 | 00c3 498b | 8700 0500 | 004d 33d2 | 4d89 9700 | 0500 004d 
  0x00007f9ae8b60364: 33d2 4d89 | 9708 0500 

  0x00007f9ae8b6036c: ; ImmutableOopMap {rax=Oop [120]=Oop }
                      ;*athrow {reexecute=1 rethrow=0 return_oop=0}
                      ; - (reexecute) org.robolectric.util.PerfStatsCollector::measure@30 (line 86)
                      ;   {section_word}
  0x00007f9ae8b6036c: 0048 ba6d | 03b6 e89a 

  0x00007f9ae8b60374: ;   {runtime_call handle_exception_nofpu Runtime1 stub}
  0x00007f9ae8b60374: 7f00 00e8 | 845a 2e07 | 9049 8b87 | 0005 0000 | 4d33 d24d | 8997 0005 | 0000 4d33 | d24d 8997 
  0x00007f9ae8b60394: 0805 0000 | 4889 8424 | 8800 0000 | 488b 4424 | 7848 8bf0 

  0x00007f9ae8b603a8: ;   {metadata(method data for {method} {0x00007f9a8766b3f0} 'measure' '(Ljava/lang/String;Lorg/robolectric/util/PerfStatsCollector$ThrowingRunnable;)V' in 'org/robolectric/util/PerfStatsCollector')}
  0x00007f9ae8b603a8: 48bb 98af | 498a 9a7f 

  0x00007f9ae8b603b0: ;   {metadata('org/robolectric/util/PerfStatsCollector$Event')}
  0x00007f9ae8b603b0: 0000 49ba | 385c 108c | 9a7f 0000 | 4c89 9308 | 0200 0048 | 8383 1002 | 0000 0148 

  0x00007f9ae8b603cc: ;   {optimized virtual_call}
  0x00007f9ae8b603cc: 8bf0 90e8 

  0x00007f9ae8b603d0: ; ImmutableOopMap {[136]=Oop }
                      ;*invokevirtual finished {reexecute=0 rethrow=0 return_oop=0}
                      ; - org.robolectric.util.PerfStatsCollector::measure@36 (line 88)
  0x00007f9ae8b603d0: ac4f 2207 

  0x00007f9ae8b603d4: ;   {other}
  0x00007f9ae8b603d4: 0f1f 8400 | 4406 0003 | 488b 8424 | 8800 0000 | e978 0100 

  0x00007f9ae8b603e8: ;   {metadata({method} {0x00007f9a8766b3f0} 'measure' '(Ljava/lang/String;Lorg/robolectric/util/PerfStatsCollector$ThrowingRunnable;)V' in 'org/robolectric/util/PerfStatsCollector')}
  0x00007f9ae8b603e8: 0049 baf0 | b366 879a | 7f00 004c | 8954 2408 | 48c7 0424 | ffff ffff 

  0x00007f9ae8b60400: ;   {runtime_call counter_overflow Runtime1 stub}
  0x00007f9ae8b60400: e87b 952e 

  0x00007f9ae8b60404: ; ImmutableOopMap {rbx=Oop r8=Oop rcx=Oop }
                      ;*synchronization entry
                      ; - org.robolectric.util.PerfStatsCollector::measure@-1 (line 80)
  0x00007f9ae8b60404: 07e9 02fc 

  0x00007f9ae8b60408: ;   {metadata({method} {0x00007f9a8766aff8} 'startEvent' '(Ljava/lang/String;)Lorg/robolectric/util/PerfStatsCollector$Event;' in 'org/robolectric/util/PerfStatsCollector')}
  0x00007f9ae8b60408: ffff 49ba | f8af 6687 | 9a7f 0000 | 4c89 5424 | 0848 c704 | 24ff ffff 

  0x00007f9ae8b60420: ;   {runtime_call counter_overflow Runtime1 stub}
  0x00007f9ae8b60420: ffe8 5a95 

  0x00007f9ae8b60424: ; ImmutableOopMap {rbx=Oop r8=Oop [128]=Oop }
                      ;*synchronization entry
                      ; - org.robolectric.util.PerfStatsCollector::startEvent@-1 (line 44)
                      ; - org.robolectric.util.PerfStatsCollector::measure@4 (line 81)
  0x00007f9ae8b60424: 2e07 e936 | fcff ff48 

  0x00007f9ae8b6042c: ;   {runtime_call fast_new_instance Runtime1 stub}
  0x00007f9ae8b6042c: 8bd2 e84d 

  0x00007f9ae8b60430: ; ImmutableOopMap {rbx=Oop r8=Oop [128]=Oop }
                      ;*new {reexecute=0 rethrow=0 return_oop=0}
                      ; - org.robolectric.util.PerfStatsCollector::startEvent@0 (line 44)
                      ; - org.robolectric.util.PerfStatsCollector::measure@4 (line 81)
  0x00007f9ae8b60430: 462e 07e9 | 7dfc ffff 

  0x00007f9ae8b60438: ;   {metadata({method} {0x00007f9a8766cf58} '<init>' '(Lorg/robolectric/util/PerfStatsCollector;Ljava/lang/String;)V' in 'org/robolectric/util/PerfStatsCollector$Event')}
  0x00007f9ae8b60438: 49ba 58cf | 6687 9a7f | 0000 4c89 | 5424 0848 | c704 24ff 

  0x00007f9ae8b6044c: ;   {runtime_call counter_overflow Runtime1 stub}
  0x00007f9ae8b6044c: ffff ffe8 

  0x00007f9ae8b60450: ; ImmutableOopMap {rbx=Oop r8=Oop rax=Oop [120]=Oop [128]=Oop }
                      ;*synchronization entry
                      ; - org.robolectric.util.PerfStatsCollector$Event::<init>@-1 (line 124)
                      ; - org.robolectric.util.PerfStatsCollector::startEvent@6 (line 44)
                      ; - org.robolectric.util.PerfStatsCollector::measure@4 (line 81)
  0x00007f9ae8b60450: 2c95 2e07 | e99d fcff | ff8b 7018 | 4883 fe00 | 0f84 9dfc | ffff 4889 

  0x00007f9ae8b60468: ;   {runtime_call g1_pre_barrier_slow}
  0x00007f9ae8b60468: 3424 e891 | a42e 07e9 | 8ffc ffff | 4883 fb00 | 0f84 a0fc | ffff 4889 

  0x00007f9ae8b60480: ;   {runtime_call g1_post_barrier_slow}
  0x00007f9ae8b60480: 0424 e8f9 | a02e 07e9 | 92fc ffff 

  0x00007f9ae8b6048c: ;   {metadata({method} {0x00007f9a8b474908} '<init>' '()V' in 'java/lang/Object')}
  0x00007f9ae8b6048c: 49ba 0849 | 478b 9a7f | 0000 4c89 | 5424 0848 | c704 24ff 

  0x00007f9ae8b604a0: ;   {runtime_call counter_overflow Runtime1 stub}
  0x00007f9ae8b604a0: ffff ffe8 

  0x00007f9ae8b604a4: ; ImmutableOopMap {rbx=Oop r8=Oop rax=Oop [120]=Oop [128]=Oop }
                      ;*synchronization entry
                      ; - java.lang.Object::<init>@-1 (line 45)
                      ; - org.robolectric.util.PerfStatsCollector$Event::<init>@6 (line 124)
                      ; - org.robolectric.util.PerfStatsCollector::startEvent@6 (line 44)
                      ; - org.robolectric.util.PerfStatsCollector::measure@4 (line 81)
  0x00007f9ae8b604a4: d894 2e07 | e9ad fcff | ff8b 700c | 4883 fe00 | 0f84 adfc | ffff 4889 

  0x00007f9ae8b604bc: ;   {runtime_call g1_pre_barrier_slow}
  0x00007f9ae8b604bc: 3424 e83d | a42e 07e9 | 9ffc ffff | 4983 f800 | 0f84 b0fc | ffff 4889 

  0x00007f9ae8b604d4: ;   {runtime_call g1_post_barrier_slow}
  0x00007f9ae8b604d4: 0424 e8a5 | a02e 07e9 | a2fc ffff 

  0x00007f9ae8b604e0: ;   {runtime_call throw_incompatible_class_change_error Runtime1 stub}
  0x00007f9ae8b604e0: e81b 682e 

  0x00007f9ae8b604e4: ; ImmutableOopMap {rax=Oop rsi=Oop [120]=Oop [128]=Oop }
                      ;*invokeinterface nanoTime {reexecute=0 rethrow=0 return_oop=0}
                      ; - org.robolectric.util.PerfStatsCollector$Event::<init>@19 (line 126)
                      ; - org.robolectric.util.PerfStatsCollector::startEvent@6 (line 44)
                      ; - org.robolectric.util.PerfStatsCollector::measure@4 (line 81)
                      ;   {runtime_call throw_null_pointer_exception Runtime1 stub}
  0x00007f9ae8b604e4: 07e8 1638 

  0x00007f9ae8b604e8: ; ImmutableOopMap {rax=Oop rsi=Oop [120]=Oop [128]=Oop }
                      ;*invokeinterface nanoTime {reexecute=0 rethrow=0 return_oop=0}
                      ; - org.robolectric.util.PerfStatsCollector$Event::<init>@19 (line 126)
                      ; - org.robolectric.util.PerfStatsCollector::startEvent@6 (line 44)
                      ; - org.robolectric.util.PerfStatsCollector::measure@4 (line 81)
                      ;   {metadata({method} {0x00007f9a8766c258} 'nanoTime' '()J' in 'org/robolectric/util/PerfStatsCollector$$Lambda+0x00007f9a8c1055f0')}
  0x00007f9ae8b604e8: 2e07 49ba | 58c2 6687 | 9a7f 0000 | 4c89 5424 | 0848 c704 | 24ff ffff 

  0x00007f9ae8b60500: ;   {runtime_call counter_overflow Runtime1 stub}
  0x00007f9ae8b60500: ffe8 7a94 

  0x00007f9ae8b60504: ; ImmutableOopMap {rax=Oop [120]=Oop [128]=Oop }
                      ;*synchronization entry
                      ; - org.robolectric.util.PerfStatsCollector$$Lambda/0x00007f9a8c1055f0::nanoTime@-1
                      ; - org.robolectric.util.PerfStatsCollector$Event::<init>@19 (line 126)
                      ; - org.robolectric.util.PerfStatsCollector::startEvent@6 (line 44)
                      ; - org.robolectric.util.PerfStatsCollector::measure@4 (line 81)
  0x00007f9ae8b60504: 2e07 e9fc 

  0x00007f9ae8b60508: ;   {runtime_call throw_null_pointer_exception Runtime1 stub}
  0x00007f9ae8b60508: fcff ffe8 

  0x00007f9ae8b6050c: ; ImmutableOopMap {rcx=Oop [120]=Oop }
                      ;*invokeinterface run {reexecute=0 rethrow=0 return_oop=0}
                      ; - org.robolectric.util.PerfStatsCollector::measure@10 (line 83)
  0x00007f9ae8b6050c: f037 2e07 

  0x00007f9ae8b60510: ;   {internal_word}
  0x00007f9ae8b60510: 49ba 4403 | b6e8 9a7f | 0000 4d89 | 9768 0400 

  0x00007f9ae8b60520: ;   {runtime_call SafepointBlob}
  0x00007f9ae8b60520: 00e9 daba | 2207 ba01 | 0000 00e9 | 4dfe ffff | ba00 0000 | 00e9 43fe | ffff ba01 | 0000 00e9 
  0x00007f9ae8b60540: 39fe ffff | 498b 8700 | 0500 0049 | c787 0005 | 0000 0000 | 0000 49c7 | 8708 0500 | 0000 0000 
  0x00007f9ae8b60560: 0048 81c4 | a000 0000 

  0x00007f9ae8b60568: ;   {runtime_call unwind_exception Runtime1 stub}
  0x00007f9ae8b60568: 5de9 9228 | 2e07 f4f4 
[Stub Code]
  0x00007f9ae8b60570: ;   {no_reloc}
  0x00007f9ae8b60570: 0f1f 4400 

  0x00007f9ae8b60574: ;   {static_stub}
  0x00007f9ae8b60574: 0048 bb00 | 0000 0000 

  0x00007f9ae8b6057c: ;   {runtime_call nmethod}
  0x00007f9ae8b6057c: 0000 00e9 | fbff ffff 

  0x00007f9ae8b60584: ;   {static_stub}
  0x00007f9ae8b60584: 9048 bb00 | 0000 0000 

  0x00007f9ae8b6058c: ;   {runtime_call nmethod}
  0x00007f9ae8b6058c: 0000 00e9 | fbff ffff 

  0x00007f9ae8b60594: ;   {static_stub}
  0x00007f9ae8b60594: 9048 bb00 | 0000 0000 

  0x00007f9ae8b6059c: ;   {runtime_call nmethod}
  0x00007f9ae8b6059c: 0000 00e9 | fbff ffff 
[Exception Handler]
  0x00007f9ae8b605a4: ;   {runtime_call handle_exception_from_callee Runtime1 stub}
  0x00007f9ae8b605a4: e857 5e2e 

  0x00007f9ae8b605a8: ;   {external_word}
  0x00007f9ae8b605a8: 0748 bf04 | db95 069b | 7f00 0048 

  0x00007f9ae8b605b4: ;   {runtime_call MacroAssembler::debug64(char*, long, long*)}
  0x00007f9ae8b605b4: 83e4 f0e8 | 2438 8c1d 

  0x00007f9ae8b605bc: ;   {section_word}
  0x00007f9ae8b605bc: f449 babd | 05b6 e89a | 7f00 0041 

  0x00007f9ae8b605c8: ;   {runtime_call DeoptimizationBlob}
  0x00007f9ae8b605c8: 52e9 d2ac | 2207 f4f4 
[/MachCode]


Compiled method (c1) 10751 5332       3       java.lang.invoke.LambdaForm$DMH/0x00007f9a8c6da000::invokeStatic (17 bytes)
 total in heap  [0x00007f9ae8ba9310,0x00007f9ae8ba9938] = 1576
 relocation     [0x00007f9ae8ba9468,0x00007f9ae8ba94c8] = 96
 main code      [0x00007f9ae8ba94e0,0x00007f9ae8ba97f0] = 784
 stub code      [0x00007f9ae8ba97f0,0x00007f9ae8ba9840] = 80
 oops           [0x00007f9ae8ba9840,0x00007f9ae8ba9848] = 8
 metadata       [0x00007f9ae8ba9848,0x00007f9ae8ba9858] = 16
 scopes data    [0x00007f9ae8ba9858,0x00007f9ae8ba98b0] = 88
 scopes pcs     [0x00007f9ae8ba98b0,0x00007f9ae8ba9920] = 112
 dependencies   [0x00007f9ae8ba9920,0x00007f9ae8ba9928] = 8
 nul chk table  [0x00007f9ae8ba9928,0x00007f9ae8ba9938] = 16

[Constant Pool (empty)]

[MachCode]
[Verified Entry Point]
  # {method} {0x00007f9a8a42b288} 'invokeStatic' '(Ljava/lang/Object;JJ)V' in 'java/lang/invoke/LambdaForm$DMH+0x00007f9a8c6da000'
  # parm0:    rsi:rsi   = 'java/lang/Object'
  # parm1:    rdx:rdx   = long
  # parm2:    rcx:rcx   = long
  #           [sp+0x60]  (sp of caller)
  0x00007f9ae8ba94e0: 8984 2400 | c0fe ff55 | 4883 ec50 | 4181 7f20 | 0700 0000 

  0x00007f9ae8ba94f4: ;   {runtime_call StubRoutines (final stubs)}
  0x00007f9ae8ba94f4: 7405 e885 

  0x00007f9ae8ba94f8: ;   {metadata(method data for {method} {0x00007f9a8a42b288} 'invokeStatic' '(Ljava/lang/Object;JJ)V' in 'java/lang/invoke/LambdaForm$DMH+0x00007f9a8c6da000')}
  0x00007f9ae8ba94f8: 1f1c 0748 | bfd0 b442 | 8a9a 7f00 | 0048 8dbf | 4002 0000 | 4885 f675 | 0cf6 0701 | 752f f048 
  0x00007f9ae8ba9518: 830f 01eb | 288b 5e08 | 49ba 0000 | 008b 9a7f | 0000 4903 | da4c 8bd3 | 4833 1f48 | f7c3 fcff 
  0x00007f9ae8ba9538: ffff 7409 | f6c3 0275 | 0448 830f 

  0x00007f9ae8ba9544: ;   {metadata(method data for {method} {0x00007f9a8a42b288} 'invokeStatic' '(Ljava/lang/Object;JJ)V' in 'java/lang/invoke/LambdaForm$DMH+0x00007f9a8c6da000')}
  0x00007f9ae8ba9544: 0248 bfd0 | b442 8a9a | 7f00 008b | 9ff4 0000 | 0083 c302 | 899f f400 | 0000 81e3 | fe07 0000 
  0x00007f9ae8ba9564: 85db 0f84 | f301 0000 

  0x00007f9ae8ba956c: ;   {metadata(method data for {method} {0x00007f9a8a42b288} 'invokeStatic' '(Ljava/lang/Object;JJ)V' in 'java/lang/invoke/LambdaForm$DMH+0x00007f9a8c6da000')}
  0x00007f9ae8ba956c: 48bf d0b4 | 428a 9a7f | 0000 488d | bf48 0100 | 0048 85f6 | 750e f647 | 0801 7532 | f048 834f 
  0x00007f9ae8ba958c: 0801 eb2a | 8b5e 0849 | ba00 0000 | 8b9a 7f00 | 0049 03da | 4c8b d348 | 335f 0848 | f7c3 fcff 
  0x00007f9ae8ba95ac: ffff 740a | f6c3 0275 | 0548 834f 

  0x00007f9ae8ba95b8: ;   {metadata(method data for {method} {0x00007f9a8a42b288} 'invokeStatic' '(Ljava/lang/Object;JJ)V' in 'java/lang/invoke/LambdaForm$DMH+0x00007f9a8c6da000')}
  0x00007f9ae8ba95b8: 0802 48bf | d0b4 428a | 9a7f 0000 | 4883 8738 | 0100 0001 

  0x00007f9ae8ba95cc: ;   {metadata(method data for {method} {0x00007f9a8b0a1a00} 'internalMemberName' '(Ljava/lang/Object;)Ljava/lang/Object;' in 'java/lang/invoke/DirectMethodHandle')}
  0x00007f9ae8ba95cc: 48bf 0840 | 2d87 9a7f | 0000 8b9f | f400 0000 | 83c3 0289 | 9ff4 0000 | 0081 e3fe | ff1f 0085 
  0x00007f9ae8ba95ec: db0f 848d | 0100 0048 | 85f6 7516 

  0x00007f9ae8ba95f8: ;   {metadata(method data for {method} {0x00007f9a8b0a1a00} 'internalMemberName' '(Ljava/lang/Object;)Ljava/lang/Object;' in 'java/lang/invoke/DirectMethodHandle')}
  0x00007f9ae8ba95f8: 48bb 0840 | 2d87 9a7f | 0000 808b | 3101 0000 | 01e9 cd00 

  0x00007f9ae8ba960c: ;   {metadata('java/lang/invoke/DirectMethodHandle')}
  0x00007f9ae8ba960c: 0000 48b8 | 78f1 098b | 9a7f 0000 | 8b5e 0849 | ba00 0000 | 8b9a 7f00 | 0049 03da | 483b 4340 
  0x00007f9ae8ba962c: 0f85 8d00 

  0x00007f9ae8ba9630: ;   {metadata(method data for {method} {0x00007f9a8b0a1a00} 'internalMemberName' '(Ljava/lang/Object;)Ljava/lang/Object;' in 'java/lang/invoke/DirectMethodHandle')}
  0x00007f9ae8ba9630: 0000 48bb | 0840 2d87 | 9a7f 0000 | 8b46 0849 | ba00 0000 | 8b9a 7f00 | 0049 03c2 | 483b 8348 
  0x00007f9ae8ba9650: 0100 0075 | 0d48 8383 | 5001 0000 | 01e9 7900 | 0000 483b | 8358 0100 | 0075 0d48 | 8383 6001 
  0x00007f9ae8ba9670: 0000 01e9 | 6300 0000 | 4883 bb48 | 0100 0000 | 7517 4889 | 8348 0100 | 0048 c783 | 5001 0000 
  0x00007f9ae8ba9690: 0100 0000 | e942 0000 | 0048 83bb | 5801 0000 | 0075 1748 | 8983 5801 | 0000 48c7 | 8360 0100 
  0x00007f9ae8ba96b0: 0001 0000 | 00e9 2100 | 0000 e91c 

  0x00007f9ae8ba96bc: ;   {metadata(method data for {method} {0x00007f9a8b0a1a00} 'internalMemberName' '(Ljava/lang/Object;)Ljava/lang/Object;' in 'java/lang/invoke/DirectMethodHandle')}
  0x00007f9ae8ba96bc: 0000 0048 | bb08 402d | 879a 7f00 | 0048 83ab | 3801 0000 | 01e9 cb00 | 0000 e900 | 0000 008b 
  0x00007f9ae8ba96dc: ;   {metadata(method data for {method} {0x00007f9a8a42b288} 'invokeStatic' '(Ljava/lang/Object;JJ)V' in 'java/lang/invoke/LambdaForm$DMH+0x00007f9a8c6da000')}
  0x00007f9ae8ba96dc: 7e20 48be | d0b4 428a | 9a7f 0000 | 488d b658 | 0100 0048 | 85ff 750a | f606 0175 | 05f0 4883 
  0x00007f9ae8ba96fc: ;   {metadata(method data for {method} {0x00007f9a8a42b288} 'invokeStatic' '(Ljava/lang/Object;JJ)V' in 'java/lang/invoke/LambdaForm$DMH+0x00007f9a8c6da000')}
  0x00007f9ae8ba96fc: 0e01 48be | d0b4 428a | 9a7f 0000 | 488d b6b0 | 0100 0048 | 85ff 750c | f646 0801 | 7506 f048 
  0x00007f9ae8ba971c: 834e 0801 

  0x00007f9ae8ba9720: ;   {metadata(method data for {method} {0x00007f9a8a42b288} 'invokeStatic' '(Ljava/lang/Object;JJ)V' in 'java/lang/invoke/LambdaForm$DMH+0x00007f9a8c6da000')}
  0x00007f9ae8ba9720: 48be d0b4 | 428a 9a7f | 0000 4883 | 86a0 0100 | 0001 488b | f248 8bd1 | 488b cf0f 

  0x00007f9ae8ba973c: ;   {static_call}
  0x00007f9ae8ba973c: 1f40 00e8 

  0x00007f9ae8ba9740: ; ImmutableOopMap {}
                      ;*invokestatic linkToStatic {reexecute=0 rethrow=0 return_oop=0}
                      ; - java.lang.invoke.LambdaForm$DMH/0x00007f9a8c6da000::invokeStatic@13
  0x00007f9ae8ba9740: 3cd1 a207 

  0x00007f9ae8ba9744: ;   {other}
  0x00007f9ae8ba9744: 0f1f 8400 | 3404 0000 | 4883 c450 

  0x00007f9ae8ba9750: ;   {poll_return}
  0x00007f9ae8ba9750: 5d49 3ba7 | 5004 0000 | 0f87 5100 

  0x00007f9ae8ba975c: ;   {metadata({method} {0x00007f9a8a42b288} 'invokeStatic' '(Ljava/lang/Object;JJ)V' in 'java/lang/invoke/LambdaForm$DMH+0x00007f9a8c6da000')}
  0x00007f9ae8ba975c: 0000 c349 | ba88 b242 | 8a9a 7f00 | 004c 8954 | 2408 48c7 | 0424 ffff 

  0x00007f9ae8ba9774: ;   {runtime_call counter_overflow Runtime1 stub}
  0x00007f9ae8ba9774: ffff e805 

  0x00007f9ae8ba9778: ; ImmutableOopMap {rsi=Oop }
                      ;*synchronization entry
                      ; - java.lang.invoke.LambdaForm$DMH/0x00007f9a8c6da000::invokeStatic@-1
  0x00007f9ae8ba9778: 022a 07e9 | ecfd ffff 

  0x00007f9ae8ba9780: ;   {metadata({method} {0x00007f9a8b0a1a00} 'internalMemberName' '(Ljava/lang/Object;)Ljava/lang/Object;' in 'java/lang/invoke/DirectMethodHandle')}
  0x00007f9ae8ba9780: 49ba 001a | 0a8b 9a7f | 0000 4c89 | 5424 0848 | c704 24ff 

  0x00007f9ae8ba9794: ;   {runtime_call counter_overflow Runtime1 stub}
  0x00007f9ae8ba9794: ffff ffe8 

  0x00007f9ae8ba9798: ; ImmutableOopMap {rsi=Oop }
                      ;*synchronization entry
                      ; - java.lang.invoke.DirectMethodHandle::internalMemberName@-1 (line 327)
                      ; - java.lang.invoke.LambdaForm$DMH/0x00007f9a8c6da000::invokeStatic@1
  0x00007f9ae8ba9798: e401 2a07 | e952 feff | ff48 8934 

  0x00007f9ae8ba97a4: ;   {runtime_call throw_class_cast_exception Runtime1 stub}
  0x00007f9ae8ba97a4: 24e8 56d2 

  0x00007f9ae8ba97a8: ; ImmutableOopMap {}
                      ;*checkcast {reexecute=0 rethrow=0 return_oop=0}
                      ; - java.lang.invoke.DirectMethodHandle::internalMemberName@1 (line 327)
                      ; - java.lang.invoke.LambdaForm$DMH/0x00007f9a8c6da000::invokeStatic@1
                      ;   {runtime_call throw_null_pointer_exception Runtime1 stub}
  0x00007f9ae8ba97a8: 2907 e851 

  0x00007f9ae8ba97ac: ; ImmutableOopMap {}
                      ;*getfield member {reexecute=1 rethrow=0 return_oop=0}
                      ; - (reexecute) java.lang.invoke.DirectMethodHandle::internalMemberName@4 (line 327)
                      ; - java.lang.invoke.LambdaForm$DMH/0x00007f9a8c6da000::invokeStatic@1
                      ;   {internal_word}
  0x00007f9ae8ba97ac: a529 0749 | ba51 97ba | e89a 7f00 | 004d 8997 | 6804 0000 

  0x00007f9ae8ba97c0: ;   {runtime_call SafepointBlob}
  0x00007f9ae8ba97c0: e93b 281e | 0749 8b87 | 0005 0000 | 49c7 8700 | 0500 0000 | 0000 0049 | c787 0805 | 0000 0000 
  0x00007f9ae8ba97e0: 0000 4883 

  0x00007f9ae8ba97e4: ;   {runtime_call unwind_exception Runtime1 stub}
  0x00007f9ae8ba97e4: c450 5de9 | 1496 2907 | f4f4 f4f4 
[Stub Code]
  0x00007f9ae8ba97f0: ;   {no_reloc}
  0x00007f9ae8ba97f0: 48bb 0000 | 0000 0000 

  0x00007f9ae8ba97f8: ;   {runtime_call nmethod}
  0x00007f9ae8ba97f8: 0000 e9fb 

  0x00007f9ae8ba97fc: ;   {runtime_call handle_exception_from_callee Runtime1 stub}
  0x00007f9ae8ba97fc: ffff ffe8 | fccb 2907 

  0x00007f9ae8ba9804: ;   {external_word}
  0x00007f9ae8ba9804: 48bf 04db | 9506 9b7f | 0000 4883 

  0x00007f9ae8ba9810: ;   {runtime_call MacroAssembler::debug64(char*, long, long*)}
  0x00007f9ae8ba9810: e4f0 e8c9 | a587 1df4 
[Deopt Handler Code]
  0x00007f9ae8ba9818: ;   {section_word}
  0x00007f9ae8ba9818: 49ba 1898 | bae8 9a7f | 0000 4152 

  0x00007f9ae8ba9824: ;   {runtime_call DeoptimizationBlob}
  0x00007f9ae8ba9824: e977 1a1e 

  0x00007f9ae8ba9828: ;   {section_word}
  0x00007f9ae8ba9828: 0749 ba29 | 98ba e89a | 7f00 0041 

  0x00007f9ae8ba9834: ;   {runtime_call DeoptimizationBlob}
  0x00007f9ae8ba9834: 52e9 661a | 1e07 f4f4 | f4f4 f4f4 
[/MachCode]


---------------  P R O C E S S  ---------------

Threads class SMR info:
_java_thread_list=0x00007f9a39f39ae0, length=29, elements={
0x00007f9b00032de0, 0x00007f9b00151860, 0x00007f9b00152dd0, 0x00007f9b00154560,
0x00007f9b00155ba0, 0x00007f9b00157140, 0x00007f9b00158c80, 0x00007f9b0015a340,
0x00007f9b001cd5b0, 0x00007f9b001cfd60, 0x00007f9b00720c90, 0x00007f9b00736cc0,
0x00007f9b0073bdd0, 0x00007f9b0099bbd0, 0x00007f9a397d5d70, 0x00007f9a397d6970,
0x00007f9a3c000ff0, 0x00007f9a30000ff0, 0x00007f9a30002250, 0x00007f9a3c0c3880,
0x00007f9a39898a70, 0x00007f9a399fff70, 0x00007f9a386d04b0, 0x00007f9a301b07d0,
0x00007f9a202e4180, 0x00007f9a280cf8a0, 0x00007f9a6067e030, 0x00007f9a39c0b7b0,
0x00007f9a39f3a540
}

Java Threads: ( => current thread )
  0x00007f9b00032de0 JavaThread "Test worker"                       [_thread_blocked, id=1142, stack(0x00007f9b05639000,0x00007f9b05739000) (1024K)]
  0x00007f9b00151860 JavaThread "Reference Handler"          daemon [_thread_blocked, id=1150, stack(0x00007f9ae8079000,0x00007f9ae8179000) (1024K)]
  0x00007f9b00152dd0 JavaThread "Finalizer"                  daemon [_thread_blocked, id=1151, stack(0x00007f9ad9c17000,0x00007f9ad9d17000) (1024K)]
  0x00007f9b00154560 JavaThread "Signal Dispatcher"          daemon [_thread_blocked, id=1152, stack(0x00007f9ad9b17000,0x00007f9ad9c17000) (1024K)]
  0x00007f9b00155ba0 JavaThread "Service Thread"             daemon [_thread_blocked, id=1153, stack(0x00007f9ad9a17000,0x00007f9ad9b17000) (1024K)]
  0x00007f9b00157140 JavaThread "Monitor Deflation Thread"   daemon [_thread_blocked, id=1154, stack(0x00007f9ad9917000,0x00007f9ad9a17000) (1024K)]
  0x00007f9b00158c80 JavaThread "C2 CompilerThread0"         daemon [_thread_blocked, id=1155, stack(0x00007f9ad9817000,0x00007f9ad9917000) (1024K)]
  0x00007f9b0015a340 JavaThread "C1 CompilerThread0"         daemon [_thread_blocked, id=1156, stack(0x00007f9ad9717000,0x00007f9ad9817000) (1024K)]
  0x00007f9b001cd5b0 JavaThread "Notification Thread"        daemon [_thread_blocked, id=1157, stack(0x00007f9ad9547000,0x00007f9ad9647000) (1024K)]
  0x00007f9b001cfd60 JavaThread "Common-Cleaner"             daemon [_thread_blocked, id=1158, stack(0x00007f9ad9447000,0x00007f9ad9547000) (1024K)]
  0x00007f9b00720c90 JavaThread "/127.0.0.1:56655 to /127.0.0.1:54328 workers"        [_thread_blocked, id=1167, stack(0x00007f9ad8f44000,0x00007f9ad9044000) (1024K)]
  0x00007f9b00736cc0 JavaThread "/127.0.0.1:56655 to /127.0.0.1:54328 workers Thread 2"        [_thread_blocked, id=1168, stack(0x00007f9ad8e44000,0x00007f9ad8f44000) (1024K)]
  0x00007f9b0073bdd0 JavaThread "/127.0.0.1:56655 to /127.0.0.1:54328 workers Thread 3"        [_thread_in_native, id=1169, stack(0x00007f9ad8d44000,0x00007f9ad8e44000) (1024K)]
=>0x00007f9b0099bbd0 JavaThread "SDK 34 Main Thread"                [_thread_in_native, id=1170, stack(0x00007f9ad8c44000,0x00007f9ad8d44000) (1024K)]
  0x00007f9a397d5d70 JavaThread "DefaultDispatcher-worker-1" daemon [_thread_blocked, id=1172, stack(0x00007f9ad8b44000,0x00007f9ad8c44000) (1024K)]
  0x00007f9a397d6970 JavaThread "DefaultDispatcher-worker-2" daemon [_thread_blocked, id=1173, stack(0x00007f9ad82e6000,0x00007f9ad83e6000) (1024K)]
  0x00007f9a3c000ff0 JavaThread "DefaultDispatcher-worker-3" daemon [_thread_blocked, id=1174, stack(0x00007f9ad81e6000,0x00007f9ad82e6000) (1024K)]
  0x00007f9a30000ff0 JavaThread "DefaultDispatcher-worker-4" daemon [_thread_blocked, id=1175, stack(0x00007f9ad80e6000,0x00007f9ad81e6000) (1024K)]
  0x00007f9a30002250 JavaThread "DefaultDispatcher-worker-5" daemon [_thread_blocked, id=1176, stack(0x00007f9a86f00000,0x00007f9a87000000) (1024K)]
  0x00007f9a3c0c3880 JavaThread "arch_disk_io_0"             daemon [_thread_blocked, id=1177, stack(0x00007f9a86e00000,0x00007f9a86f00000) (1024K)]
  0x00007f9a39898a70 JavaThread "kotlinx.coroutines.DefaultExecutor" daemon [_thread_blocked, id=1178, stack(0x00007f9a86d00000,0x00007f9a86e00000) (1024K)]
  0x00007f9a399fff70 JavaThread "arch_disk_io_1"                    [_thread_blocked, id=1179, stack(0x00007f9a86c00000,0x00007f9a86d00000) (1024K)]
  0x00007f9a386d04b0 JavaThread "arch_disk_io_2"                    [_thread_blocked, id=1180, stack(0x00007f9a86b00000,0x00007f9a86c00000) (1024K)]
  0x00007f9a301b07d0 JavaThread "WM.task-1"                  daemon [_thread_blocked, id=1181, stack(0x00007f9a86a00000,0x00007f9a86b00000) (1024K)]
  0x00007f9a202e4180 JavaThread "arch_disk_io_3"             daemon [_thread_blocked, id=1183, stack(0x00007f9a8436d000,0x00007f9a8446d000) (1024K)]
  0x00007f9a280cf8a0 JavaThread "WM.task-2"                  daemon [_thread_blocked, id=1184, stack(0x00007f9a8426d000,0x00007f9a8436d000) (1024K)]
  0x00007f9a6067e030 JavaThread "C2 CompilerThread1"         daemon [_thread_blocked, id=1186, stack(0x00007f9ad9347000,0x00007f9ad9447000) (1024K)]
  0x00007f9a39c0b7b0 JavaThread "WM.task-5"                  daemon [_thread_blocked, id=1189, stack(0x00007f9a8416d000,0x00007f9a8426d000) (1024K)]
  0x00007f9a39f3a540 JavaThread "ShadowLegacySQLiteConnection worker"        [_thread_blocked, id=1190, stack(0x00007f9a8406d000,0x00007f9a8416d000) (1024K)]
Total: 29

Other Threads:
  0x00007f9b00148480 VMThread "VM Thread"                           [id=1149, stack(0x00007f9ae817a000,0x00007f9ae827a000) (1024K)]
  0x00007f9b00136970 WatcherThread "VM Periodic Task Thread"        [id=1148, stack(0x00007f9ae827b000,0x00007f9ae837b000) (1024K)]
  0x00007f9b0005f3a0 WorkerThread "GC Thread#0"                     [id=1143, stack(0x00007f9b044ee000,0x00007f9b045ee000) (1024K)]
  0x00007f9a800069c0 WorkerThread "GC Thread#1"                     [id=1160, stack(0x00007f9ad9247000,0x00007f9ad9347000) (1024K)]
  0x00007f9a800074e0 WorkerThread "GC Thread#2"                     [id=1161, stack(0x00007f9ad9146000,0x00007f9ad9246000) (1024K)]
  0x00007f9a80008000 WorkerThread "GC Thread#3"                     [id=1162, stack(0x00007f9ad9045000,0x00007f9ad9145000) (1024K)]
  0x00007f9b000649a0 ConcurrentGCThread "G1 Main Marker"            [id=1144, stack(0x00007f9b043ed000,0x00007f9b044ed000) (1024K)]
  0x00007f9b00065940 WorkerThread "G1 Conc#0"                       [id=1145, stack(0x00007f9b042ec000,0x00007f9b043ec000) (1024K)]
  0x00007f9b00124fb0 ConcurrentGCThread "G1 Refine#0"               [id=1146, stack(0x00007f9ae84fe000,0x00007f9ae85fe000) (1024K)]
  0x00007f9b00125f70 ConcurrentGCThread "G1 Service"                [id=1147, stack(0x00007f9ae83fd000,0x00007f9ae84fd000) (1024K)]
Total: 10

Threads with active compile tasks:
Total: 0

VM state: not at safepoint (normal execution)

VM Mutex/Monitor currently owned by a thread: None

Heap address: 0x00000000e0000000, size: 512 MB, Compressed Oops mode: 32-bit

CDS archive(s) mapped at: [0x00007f9a8b000000-0x00007f9a8bc9c000-0x00007f9a8bc9c000), size 13221888, SharedBaseAddress: 0x00007f9a8b000000, ArchiveRelocationMode: 1.
Compressed class space mapped at: 0x00007f9a8c000000-0x00007f9acc000000, reserved size: 1073741824
Narrow klass base: 0x00007f9a8b000000, Narrow klass shift: 0, Narrow klass range: 0x100000000

GC Precious Log:
 CardTable entry size: 512
 Card Set container configuration: InlinePtr #cards 5 size 8 Array Of Cards #cards 12 size 40 Howl #buckets 4 coarsen threshold 1843 Howl Bitmap #cards 512 size 80 coarsen threshold 460 Card regions per heap region 1 cards per card region 2048
 CPUs: 4 total, 4 available
 Memory: 12288M
 Large Page Support: Disabled
 NUMA Support: Disabled
 Compressed Oops: Enabled (32-bit)
 Heap Region Size: 1M
 Heap Min Capacity: 8M
 Heap Initial Capacity: 192M
 Heap Max Capacity: 512M
 Pre-touch: Disabled
 Parallel Workers: 4
 Concurrent Workers: 1
 Concurrent Refinement Workers: 4
 Periodic GC: Disabled

Heap:
 garbage-first heap   total 158720K, used 132846K [0x00000000e0000000, 0x0000000100000000)
  region size 1024K, 52 young (53248K), 8 survivors (8192K)
 Metaspace       used 73689K, committed 78080K, reserved 1179648K
  class space    used 7375K, committed 9344K, reserved 1048576K

Heap Regions: E=young(eden), S=young(survivor), O=old, HS=humongous(starts), HC=humongous(continues), CS=collection set, F=free, TAMS=top-at-mark-start, PB=parsable bottom
|   0|0x00000000e0000000, 0x00000000e0100000, 0x00000000e0100000|100%|HS|  |TAMS 0x00000000e0000000| PB 0x00000000e0000000| Complete 
|   1|0x00000000e0100000, 0x00000000e0200000, 0x00000000e0200000|100%|HC|  |TAMS 0x00000000e0100000| PB 0x00000000e0100000| Complete 
|   2|0x00000000e0200000, 0x00000000e0300000, 0x00000000e0300000|100%|HS|  |TAMS 0x00000000e0200000| PB 0x00000000e0200000| Complete 
|   3|0x00000000e0300000, 0x00000000e0400000, 0x00000000e0400000|100%| O|  |TAMS 0x00000000e0300000| PB 0x00000000e0300000| Untracked 
|   4|0x00000000e0400000, 0x00000000e0500000, 0x00000000e0500000|100%|HS|  |TAMS 0x00000000e0400000| PB 0x00000000e0400000| Complete 
|   5|0x00000000e0500000, 0x00000000e0600000, 0x00000000e0600000|100%|HC|  |TAMS 0x00000000e0500000| PB 0x00000000e0500000| Complete 
|   6|0x00000000e0600000, 0x00000000e0700000, 0x00000000e0700000|100%| O|  |TAMS 0x00000000e0600000| PB 0x00000000e0600000| Untracked 
|   7|0x00000000e0700000, 0x00000000e0800000, 0x00000000e0800000|100%| O|  |TAMS 0x00000000e0700000| PB 0x00000000e0700000| Untracked 
|   8|0x00000000e0800000, 0x00000000e0900000, 0x00000000e0900000|100%| O|  |TAMS 0x00000000e0800000| PB 0x00000000e0800000| Untracked 
|   9|0x00000000e0900000, 0x00000000e0a00000, 0x00000000e0a00000|100%| O|  |TAMS 0x00000000e0900000| PB 0x00000000e0900000| Untracked 
|  10|0x00000000e0a00000, 0x00000000e0b00000, 0x00000000e0b00000|100%| O|  |TAMS 0x00000000e0a00000| PB 0x00000000e0a00000| Untracked 
|  11|0x00000000e0b00000, 0x00000000e0c00000, 0x00000000e0c00000|100%| O|  |TAMS 0x00000000e0b00000| PB 0x00000000e0b00000| Untracked 
|  12|0x00000000e0c00000, 0x00000000e0d00000, 0x00000000e0d00000|100%| O|  |TAMS 0x00000000e0c00000| PB 0x00000000e0c00000| Untracked 
|  13|0x00000000e0d00000, 0x00000000e0e00000, 0x00000000e0e00000|100%| O|  |TAMS 0x00000000e0d00000| PB 0x00000000e0d00000| Untracked 
|  14|0x00000000e0e00000, 0x00000000e0f00000, 0x00000000e0f00000|100%|HS|  |TAMS 0x00000000e0e00000| PB 0x00000000e0e00000| Complete 
|  15|0x00000000e0f00000, 0x00000000e1000000, 0x00000000e1000000|100%|HC|  |TAMS 0x00000000e0f00000| PB 0x00000000e0f00000| Complete 
|  16|0x00000000e1000000, 0x00000000e1100000, 0x00000000e1100000|100%|HC|  |TAMS 0x00000000e1000000| PB 0x00000000e1000000| Complete 
|  17|0x00000000e1100000, 0x00000000e1200000, 0x00000000e1200000|100%|HC|  |TAMS 0x00000000e1100000| PB 0x00000000e1100000| Complete 
|  18|0x00000000e1200000, 0x00000000e1300000, 0x00000000e1300000|100%|HC|  |TAMS 0x00000000e1200000| PB 0x00000000e1200000| Complete 
|  19|0x00000000e1300000, 0x00000000e1400000, 0x00000000e1400000|100%|HC|  |TAMS 0x00000000e1300000| PB 0x00000000e1300000| Complete 
|  20|0x00000000e1400000, 0x00000000e1500000, 0x00000000e1500000|100%|HC|  |TAMS 0x00000000e1400000| PB 0x00000000e1400000| Complete 
|  21|0x00000000e1500000, 0x00000000e1600000, 0x00000000e1600000|100%|HS|  |TAMS 0x00000000e1500000| PB 0x00000000e1500000| Complete 
|  22|0x00000000e1600000, 0x00000000e1700000, 0x00000000e1700000|100%| O|  |TAMS 0x00000000e1600000| PB 0x00000000e1600000| Untracked 
|  23|0x00000000e1700000, 0x00000000e1800000, 0x00000000e1800000|100%|HS|  |TAMS 0x00000000e1700000| PB 0x00000000e1700000| Complete 
|  24|0x00000000e1800000, 0x00000000e1900000, 0x00000000e1900000|100%| O|  |TAMS 0x00000000e1800000| PB 0x00000000e1800000| Untracked 
|  25|0x00000000e1900000, 0x00000000e1a00000, 0x00000000e1a00000|100%| O|  |TAMS 0x00000000e1900000| PB 0x00000000e1900000| Untracked 
|  26|0x00000000e1a00000, 0x00000000e1a00000, 0x00000000e1b00000|  0%| F|  |TAMS 0x00000000e1a00000| PB 0x00000000e1a00000| Untracked 
|  27|0x00000000e1b00000, 0x00000000e1c00000, 0x00000000e1c00000|100%| O|  |TAMS 0x00000000e1b00000| PB 0x00000000e1b00000| Untracked 
|  28|0x00000000e1c00000, 0x00000000e1d00000, 0x00000000e1d00000|100%| O|  |TAMS 0x00000000e1c00000| PB 0x00000000e1c00000| Untracked 
|  29|0x00000000e1d00000, 0x00000000e1e00000, 0x00000000e1e00000|100%| O|  |TAMS 0x00000000e1d00000| PB 0x00000000e1d00000| Untracked 
|  30|0x00000000e1e00000, 0x00000000e1f00000, 0x00000000e1f00000|100%| O|  |TAMS 0x00000000e1e00000| PB 0x00000000e1e00000| Untracked 
|  31|0x00000000e1f00000, 0x00000000e2000000, 0x00000000e2000000|100%| O|  |TAMS 0x00000000e1f00000| PB 0x00000000e1f00000| Untracked 
|  32|0x00000000e2000000, 0x00000000e2100000, 0x00000000e2100000|100%| O|  |TAMS 0x00000000e2000000| PB 0x00000000e2000000| Untracked 
|  33|0x00000000e2100000, 0x00000000e2200000, 0x00000000e2200000|100%| O|  |TAMS 0x00000000e2100000| PB 0x00000000e2100000| Untracked 
|  34|0x00000000e2200000, 0x00000000e2300000, 0x00000000e2300000|100%| O|  |TAMS 0x00000000e2200000| PB 0x00000000e2200000| Untracked 
|  35|0x00000000e2300000, 0x00000000e23f4b00, 0x00000000e2400000| 95%| O|  |TAMS 0x00000000e2300000| PB 0x00000000e2300000| Untracked 
|  36|0x00000000e2400000, 0x00000000e2500000, 0x00000000e2500000|100%| O|  |TAMS 0x00000000e2400000| PB 0x00000000e2400000| Untracked 
|  37|0x00000000e2500000, 0x00000000e2600000, 0x00000000e2600000|100%| O|  |TAMS 0x00000000e2500000| PB 0x00000000e2500000| Untracked 
|  38|0x00000000e2600000, 0x00000000e2700000, 0x00000000e2700000|100%| O|  |TAMS 0x00000000e2600000| PB 0x00000000e2600000| Untracked 
|  39|0x00000000e2700000, 0x00000000e2800000, 0x00000000e2800000|100%| O|  |TAMS 0x00000000e2700000| PB 0x00000000e2700000| Untracked 
|  40|0x00000000e2800000, 0x00000000e2900000, 0x00000000e2900000|100%| O|  |TAMS 0x00000000e2800000| PB 0x00000000e2800000| Untracked 
|  41|0x00000000e2900000, 0x00000000e2a00000, 0x00000000e2a00000|100%| O|  |TAMS 0x00000000e2900000| PB 0x00000000e2900000| Untracked 
|  42|0x00000000e2a00000, 0x00000000e2b00000, 0x00000000e2b00000|100%| O|  |TAMS 0x00000000e2a00000| PB 0x00000000e2a00000| Untracked 
|  43|0x00000000e2b00000, 0x00000000e2c00000, 0x00000000e2c00000|100%|HS|  |TAMS 0x00000000e2b00000| PB 0x00000000e2b00000| Complete 
|  44|0x00000000e2c00000, 0x00000000e2d00000, 0x00000000e2d00000|100%|HC|  |TAMS 0x00000000e2c00000| PB 0x00000000e2c00000| Complete 
|  45|0x00000000e2d00000, 0x00000000e2e00000, 0x00000000e2e00000|100%|HC|  |TAMS 0x00000000e2d00000| PB 0x00000000e2d00000| Complete 
|  46|0x00000000e2e00000, 0x00000000e2f00000, 0x00000000e2f00000|100%|HC|  |TAMS 0x00000000e2e00000| PB 0x00000000e2e00000| Complete 
|  47|0x00000000e2f00000, 0x00000000e3000000, 0x00000000e3000000|100%|HC|  |TAMS 0x00000000e2f00000| PB 0x00000000e2f00000| Complete 
|  48|0x00000000e3000000, 0x00000000e3100000, 0x00000000e3100000|100%|HC|  |TAMS 0x00000000e3000000| PB 0x00000000e3000000| Complete 
|  49|0x00000000e3100000, 0x00000000e3200000, 0x00000000e3200000|100%|HC|  |TAMS 0x00000000e3100000| PB 0x00000000e3100000| Complete 
|  50|0x00000000e3200000, 0x00000000e3300000, 0x00000000e3300000|100%|HC|  |TAMS 0x00000000e3200000| PB 0x00000000e3200000| Complete 
|  51|0x00000000e3300000, 0x00000000e3400000, 0x00000000e3400000|100%|HC|  |TAMS 0x00000000e3300000| PB 0x00000000e3300000| Complete 
|  52|0x00000000e3400000, 0x00000000e3500000, 0x00000000e3500000|100%|HC|  |TAMS 0x00000000e3400000| PB 0x00000000e3400000| Complete 
|  53|0x00000000e3500000, 0x00000000e3600000, 0x00000000e3600000|100%|HC|  |TAMS 0x00000000e3500000| PB 0x00000000e3500000| Complete 
|  54|0x00000000e3600000, 0x00000000e3700000, 0x00000000e3700000|100%|HC|  |TAMS 0x00000000e3600000| PB 0x00000000e3600000| Complete 
|  55|0x00000000e3700000, 0x00000000e3800000, 0x00000000e3800000|100%|HC|  |TAMS 0x00000000e3700000| PB 0x00000000e3700000| Complete 
|  56|0x00000000e3800000, 0x00000000e3900000, 0x00000000e3900000|100%|HC|  |TAMS 0x00000000e3800000| PB 0x00000000e3800000| Complete 
|  57|0x00000000e3900000, 0x00000000e3a00000, 0x00000000e3a00000|100%|HC|  |TAMS 0x00000000e3900000| PB 0x00000000e3900000| Complete 
|  58|0x00000000e3a00000, 0x00000000e3b00000, 0x00000000e3b00000|100%|HC|  |TAMS 0x00000000e3a00000| PB 0x00000000e3a00000| Complete 
|  59|0x00000000e3b00000, 0x00000000e3b00000, 0x00000000e3c00000|  0%| F|  |TAMS 0x00000000e3b00000| PB 0x00000000e3b00000| Untracked 
|  60|0x00000000e3c00000, 0x00000000e3d00000, 0x00000000e3d00000|100%| O|  |TAMS 0x00000000e3c00000| PB 0x00000000e3c00000| Untracked 
|  61|0x00000000e3d00000, 0x00000000e3e00000, 0x00000000e3e00000|100%| O|  |TAMS 0x00000000e3d00000| PB 0x00000000e3d00000| Untracked 
|  62|0x00000000e3e00000, 0x00000000e3f00000, 0x00000000e3f00000|100%| O|  |TAMS 0x00000000e3e00000| PB 0x00000000e3e00000| Untracked 
|  63|0x00000000e3f00000, 0x00000000e4000000, 0x00000000e4000000|100%| O|  |TAMS 0x00000000e3f00000| PB 0x00000000e3f00000| Untracked 
|  64|0x00000000e4000000, 0x00000000e4100000, 0x00000000e4100000|100%| O|  |TAMS 0x00000000e4000000| PB 0x00000000e4000000| Untracked 
|  65|0x00000000e4100000, 0x00000000e4200000, 0x00000000e4200000|100%| O|  |TAMS 0x00000000e4100000| PB 0x00000000e4100000| Untracked 
|  66|0x00000000e4200000, 0x00000000e4300000, 0x00000000e4300000|100%| O|  |TAMS 0x00000000e4200000| PB 0x00000000e4200000| Untracked 
|  67|0x00000000e4300000, 0x00000000e4400000, 0x00000000e4400000|100%| O|  |TAMS 0x00000000e4300000| PB 0x00000000e4300000| Untracked 
|  68|0x00000000e4400000, 0x00000000e44c6eb0, 0x00000000e4500000| 77%| O|  |TAMS 0x00000000e4400000| PB 0x00000000e4400000| Untracked 
|  69|0x00000000e4500000, 0x00000000e4500000, 0x00000000e4600000|  0%| F|  |TAMS 0x00000000e4500000| PB 0x00000000e4500000| Untracked 
|  70|0x00000000e4600000, 0x00000000e4600000, 0x00000000e4700000|  0%| F|  |TAMS 0x00000000e4600000| PB 0x00000000e4600000| Untracked 
|  71|0x00000000e4700000, 0x00000000e4700000, 0x00000000e4800000|  0%| F|  |TAMS 0x00000000e4700000| PB 0x00000000e4700000| Untracked 
|  72|0x00000000e4800000, 0x00000000e4800000, 0x00000000e4900000|  0%| F|  |TAMS 0x00000000e4800000| PB 0x00000000e4800000| Untracked 
|  73|0x00000000e4900000, 0x00000000e4900000, 0x00000000e4a00000|  0%| F|  |TAMS 0x00000000e4900000| PB 0x00000000e4900000| Untracked 
|  74|0x00000000e4a00000, 0x00000000e4a00000, 0x00000000e4b00000|  0%| F|  |TAMS 0x00000000e4a00000| PB 0x00000000e4a00000| Untracked 
|  75|0x00000000e4b00000, 0x00000000e4b00000, 0x00000000e4c00000|  0%| F|  |TAMS 0x00000000e4b00000| PB 0x00000000e4b00000| Untracked 
|  76|0x00000000e4c00000, 0x00000000e4c00000, 0x00000000e4d00000|  0%| F|  |TAMS 0x00000000e4c00000| PB 0x00000000e4c00000| Untracked 
|  77|0x00000000e4d00000, 0x00000000e4e00000, 0x00000000e4e00000|100%| S|CS|TAMS 0x00000000e4d00000| PB 0x00000000e4d00000| Complete 
|  78|0x00000000e4e00000, 0x00000000e4f00000, 0x00000000e4f00000|100%| S|CS|TAMS 0x00000000e4e00000| PB 0x00000000e4e00000| Complete 
|  79|0x00000000e4f00000, 0x00000000e4f00000, 0x00000000e5000000|  0%| F|  |TAMS 0x00000000e4f00000| PB 0x00000000e4f00000| Untracked 
|  80|0x00000000e5000000, 0x00000000e5000000, 0x00000000e5100000|  0%| F|  |TAMS 0x00000000e5000000| PB 0x00000000e5000000| Untracked 
|  81|0x00000000e5100000, 0x00000000e5100000, 0x00000000e5200000|  0%| F|  |TAMS 0x00000000e5100000| PB 0x00000000e5100000| Untracked 
|  82|0x00000000e5200000, 0x00000000e5200000, 0x00000000e5300000|  0%| F|  |TAMS 0x00000000e5200000| PB 0x00000000e5200000| Untracked 
|  83|0x00000000e5300000, 0x00000000e5300000, 0x00000000e5400000|  0%| F|  |TAMS 0x00000000e5300000| PB 0x00000000e5300000| Untracked 
|  84|0x00000000e5400000, 0x00000000e5400000, 0x00000000e5500000|  0%| F|  |TAMS 0x00000000e5400000| PB 0x00000000e5400000| Untracked 
|  85|0x00000000e5500000, 0x00000000e5500000, 0x00000000e5600000|  0%| F|  |TAMS 0x00000000e5500000| PB 0x00000000e5500000| Untracked 
|  86|0x00000000e5600000, 0x00000000e5700000, 0x00000000e5700000|100%| S|CS|TAMS 0x00000000e5600000| PB 0x00000000e5600000| Complete 
|  87|0x00000000e5700000, 0x00000000e5800000, 0x00000000e5800000|100%| S|CS|TAMS 0x00000000e5700000| PB 0x00000000e5700000| Complete 
|  88|0x00000000e5800000, 0x00000000e5900000, 0x00000000e5900000|100%| S|CS|TAMS 0x00000000e5800000| PB 0x00000000e5800000| Complete 
|  89|0x00000000e5900000, 0x00000000e5a00000, 0x00000000e5a00000|100%| S|CS|TAMS 0x00000000e5900000| PB 0x00000000e5900000| Complete 
|  90|0x00000000e5a00000, 0x00000000e5b00000, 0x00000000e5b00000|100%| S|CS|TAMS 0x00000000e5a00000| PB 0x00000000e5a00000| Complete 
|  91|0x00000000e5b00000, 0x00000000e5c00000, 0x00000000e5c00000|100%| S|CS|TAMS 0x00000000e5b00000| PB 0x00000000e5b00000| Complete 
|  92|0x00000000e5c00000, 0x00000000e5c00000, 0x00000000e5d00000|  0%| F|  |TAMS 0x00000000e5c00000| PB 0x00000000e5c00000| Untracked 
|  93|0x00000000e5d00000, 0x00000000e5d00000, 0x00000000e5e00000|  0%| F|  |TAMS 0x00000000e5d00000| PB 0x00000000e5d00000| Untracked 
|  94|0x00000000e5e00000, 0x00000000e5e00000, 0x00000000e5f00000|  0%| F|  |TAMS 0x00000000e5e00000| PB 0x00000000e5e00000| Untracked 
|  95|0x00000000e5f00000, 0x00000000e5f00000, 0x00000000e6000000|  0%| F|  |TAMS 0x00000000e5f00000| PB 0x00000000e5f00000| Untracked 
|  96|0x00000000e6000000, 0x00000000e6000000, 0x00000000e6100000|  0%| F|  |TAMS 0x00000000e6000000| PB 0x00000000e6000000| Untracked 
|  97|0x00000000e6100000, 0x00000000e6100000, 0x00000000e6200000|  0%| F|  |TAMS 0x00000000e6100000| PB 0x00000000e6100000| Untracked 
|  98|0x00000000e6200000, 0x00000000e6200000, 0x00000000e6300000|  0%| F|  |TAMS 0x00000000e6200000| PB 0x00000000e6200000| Untracked 
|  99|0x00000000e6300000, 0x00000000e63191c8, 0x00000000e6400000|  9%| E|  |TAMS 0x00000000e6300000| PB 0x00000000e6300000| Complete 
| 100|0x00000000e6400000, 0x00000000e6500000, 0x00000000e6500000|100%| E|CS|TAMS 0x00000000e6400000| PB 0x00000000e6400000| Complete 
| 101|0x00000000e6500000, 0x00000000e6600000, 0x00000000e6600000|100%| E|CS|TAMS 0x00000000e6500000| PB 0x00000000e6500000| Complete 
| 102|0x00000000e6600000, 0x00000000e6700000, 0x00000000e6700000|100%| E|CS|TAMS 0x00000000e6600000| PB 0x00000000e6600000| Complete 
| 103|0x00000000e6700000, 0x00000000e6800000, 0x00000000e6800000|100%| E|CS|TAMS 0x00000000e6700000| PB 0x00000000e6700000| Complete 
| 104|0x00000000e6800000, 0x00000000e6900000, 0x00000000e6900000|100%| E|CS|TAMS 0x00000000e6800000| PB 0x00000000e6800000| Complete 
| 105|0x00000000e6900000, 0x00000000e6a00000, 0x00000000e6a00000|100%| E|CS|TAMS 0x00000000e6900000| PB 0x00000000e6900000| Complete 
| 106|0x00000000e6a00000, 0x00000000e6b00000, 0x00000000e6b00000|100%| E|CS|TAMS 0x00000000e6a00000| PB 0x00000000e6a00000| Complete 
| 107|0x00000000e6b00000, 0x00000000e6c00000, 0x00000000e6c00000|100%| E|CS|TAMS 0x00000000e6b00000| PB 0x00000000e6b00000| Complete 
| 108|0x00000000e6c00000, 0x00000000e6d00000, 0x00000000e6d00000|100%| E|CS|TAMS 0x00000000e6c00000| PB 0x00000000e6c00000| Complete 
| 109|0x00000000e6d00000, 0x00000000e6e00000, 0x00000000e6e00000|100%| E|CS|TAMS 0x00000000e6d00000| PB 0x00000000e6d00000| Complete 
| 110|0x00000000e6e00000, 0x00000000e6f00000, 0x00000000e6f00000|100%| E|CS|TAMS 0x00000000e6e00000| PB 0x00000000e6e00000| Complete 
| 111|0x00000000e6f00000, 0x00000000e7000000, 0x00000000e7000000|100%| E|CS|TAMS 0x00000000e6f00000| PB 0x00000000e6f00000| Complete 
| 112|0x00000000e7000000, 0x00000000e7100000, 0x00000000e7100000|100%| E|CS|TAMS 0x00000000e7000000| PB 0x00000000e7000000| Complete 
| 113|0x00000000e7100000, 0x00000000e7200000, 0x00000000e7200000|100%| E|CS|TAMS 0x00000000e7100000| PB 0x00000000e7100000| Complete 
| 114|0x00000000e7200000, 0x00000000e7300000, 0x00000000e7300000|100%| E|CS|TAMS 0x00000000e7200000| PB 0x00000000e7200000| Complete 
| 115|0x00000000e7300000, 0x00000000e7400000, 0x00000000e7400000|100%| E|CS|TAMS 0x00000000e7300000| PB 0x00000000e7300000| Complete 
| 116|0x00000000e7400000, 0x00000000e7500000, 0x00000000e7500000|100%| E|CS|TAMS 0x00000000e7400000| PB 0x00000000e7400000| Complete 
| 117|0x00000000e7500000, 0x00000000e7600000, 0x00000000e7600000|100%| E|CS|TAMS 0x00000000e7500000| PB 0x00000000e7500000| Complete 
| 118|0x00000000e7600000, 0x00000000e7700000, 0x00000000e7700000|100%| E|CS|TAMS 0x00000000e7600000| PB 0x00000000e7600000| Complete 
| 119|0x00000000e7700000, 0x00000000e7800000, 0x00000000e7800000|100%| E|CS|TAMS 0x00000000e7700000| PB 0x00000000e7700000| Complete 
| 120|0x00000000e7800000, 0x00000000e7900000, 0x00000000e7900000|100%| E|CS|TAMS 0x00000000e7800000| PB 0x00000000e7800000| Complete 
| 121|0x00000000e7900000, 0x00000000e7a00000, 0x00000000e7a00000|100%| E|CS|TAMS 0x00000000e7900000| PB 0x00000000e7900000| Complete 
| 122|0x00000000e7a00000, 0x00000000e7b00000, 0x00000000e7b00000|100%| E|CS|TAMS 0x00000000e7a00000| PB 0x00000000e7a00000| Complete 
| 123|0x00000000e7b00000, 0x00000000e7c00000, 0x00000000e7c00000|100%| E|CS|TAMS 0x00000000e7b00000| PB 0x00000000e7b00000| Complete 
| 124|0x00000000e7c00000, 0x00000000e7d00000, 0x00000000e7d00000|100%| E|CS|TAMS 0x00000000e7c00000| PB 0x00000000e7c00000| Complete 
| 125|0x00000000e7d00000, 0x00000000e7e00000, 0x00000000e7e00000|100%| E|CS|TAMS 0x00000000e7d00000| PB 0x00000000e7d00000| Complete 
| 126|0x00000000e7e00000, 0x00000000e7f00000, 0x00000000e7f00000|100%| E|CS|TAMS 0x00000000e7e00000| PB 0x00000000e7e00000| Complete 
| 127|0x00000000e7f00000, 0x00000000e8000000, 0x00000000e8000000|100%| E|CS|TAMS 0x00000000e7f00000| PB 0x00000000e7f00000| Complete 
| 128|0x00000000e8000000, 0x00000000e8100000, 0x00000000e8100000|100%| E|CS|TAMS 0x00000000e8000000| PB 0x00000000e8000000| Complete 
| 129|0x00000000e8100000, 0x00000000e8200000, 0x00000000e8200000|100%| E|CS|TAMS 0x00000000e8100000| PB 0x00000000e8100000| Complete 
| 130|0x00000000e8200000, 0x00000000e8300000, 0x00000000e8300000|100%| E|CS|TAMS 0x00000000e8200000| PB 0x00000000e8200000| Complete 
| 131|0x00000000e8300000, 0x00000000e8400000, 0x00000000e8400000|100%| E|CS|TAMS 0x00000000e8300000| PB 0x00000000e8300000| Complete 
| 132|0x00000000e8400000, 0x00000000e8500000, 0x00000000e8500000|100%| E|CS|TAMS 0x00000000e8400000| PB 0x00000000e8400000| Complete 
| 158|0x00000000e9e00000, 0x00000000e9f00000, 0x00000000e9f00000|100%| E|CS|TAMS 0x00000000e9e00000| PB 0x00000000e9e00000| Complete 
| 159|0x00000000e9f00000, 0x00000000ea000000, 0x00000000ea000000|100%| E|CS|TAMS 0x00000000e9f00000| PB 0x00000000e9f00000| Complete 
| 160|0x00000000ea000000, 0x00000000ea100000, 0x00000000ea100000|100%| E|CS|TAMS 0x00000000ea000000| PB 0x00000000ea000000| Complete 
| 161|0x00000000ea100000, 0x00000000ea200000, 0x00000000ea200000|100%| E|CS|TAMS 0x00000000ea100000| PB 0x00000000ea100000| Complete 
| 162|0x00000000ea200000, 0x00000000ea300000, 0x00000000ea300000|100%| E|CS|TAMS 0x00000000ea200000| PB 0x00000000ea200000| Complete 
| 163|0x00000000ea300000, 0x00000000ea400000, 0x00000000ea400000|100%| E|CS|TAMS 0x00000000ea300000| PB 0x00000000ea300000| Complete 
| 164|0x00000000ea400000, 0x00000000ea500000, 0x00000000ea500000|100%| E|CS|TAMS 0x00000000ea400000| PB 0x00000000ea400000| Complete 
| 190|0x00000000ebe00000, 0x00000000ebf00000, 0x00000000ebf00000|100%| E|CS|TAMS 0x00000000ebe00000| PB 0x00000000ebe00000| Complete 
| 191|0x00000000ebf00000, 0x00000000ec000000, 0x00000000ec000000|100%| E|CS|TAMS 0x00000000ebf00000| PB 0x00000000ebf00000| Complete 
| 499|0x00000000ff300000, 0x00000000ff400000, 0x00000000ff400000|100%| O|  |TAMS 0x00000000ff300000| PB 0x00000000ff300000| Untracked 
| 500|0x00000000ff400000, 0x00000000ff500000, 0x00000000ff500000|100%| O|  |TAMS 0x00000000ff400000| PB 0x00000000ff400000| Untracked 
| 501|0x00000000ff500000, 0x00000000ff600000, 0x00000000ff600000|100%| O|  |TAMS 0x00000000ff500000| PB 0x00000000ff500000| Untracked 
| 502|0x00000000ff600000, 0x00000000ff700000, 0x00000000ff700000|100%| O|  |TAMS 0x00000000ff600000| PB 0x00000000ff600000| Untracked 
| 503|0x00000000ff700000, 0x00000000ff800000, 0x00000000ff800000|100%| O|  |TAMS 0x00000000ff700000| PB 0x00000000ff700000| Untracked 
| 504|0x00000000ff800000, 0x00000000ff900000, 0x00000000ff900000|100%| O|  |TAMS 0x00000000ff800000| PB 0x00000000ff800000| Untracked 
| 505|0x00000000ff900000, 0x00000000ffa00000, 0x00000000ffa00000|100%| O|  |TAMS 0x00000000ff900000| PB 0x00000000ff900000| Untracked 
| 506|0x00000000ffa00000, 0x00000000ffb00000, 0x00000000ffb00000|100%| O|  |TAMS 0x00000000ffa00000| PB 0x00000000ffa00000| Untracked 
| 507|0x00000000ffb00000, 0x00000000ffc00000, 0x00000000ffc00000|100%| O|  |TAMS 0x00000000ffb00000| PB 0x00000000ffb00000| Untracked 
| 508|0x00000000ffc00000, 0x00000000ffd00000, 0x00000000ffd00000|100%| O|  |TAMS 0x00000000ffc00000| PB 0x00000000ffc00000| Untracked 
| 509|0x00000000ffd00000, 0x00000000ffe00000, 0x00000000ffe00000|100%| O|  |TAMS 0x00000000ffd00000| PB 0x00000000ffd00000| Untracked 
| 510|0x00000000ffe00000, 0x00000000fff00000, 0x00000000fff00000|100%| O|  |TAMS 0x00000000ffe00000| PB 0x00000000ffe00000| Untracked 
| 511|0x00000000fff00000, 0x0000000100000000, 0x0000000100000000|100%| E|CS|TAMS 0x00000000fff00000| PB 0x00000000fff00000| Complete 

Card table byte_map: [0x00007f9b04e08000,0x00007f9b04f08000] _byte_map_base: 0x00007f9b04708000

Marking Bits: (CMBitMap*) 0x00007f9b0005fed0
 Bits: [0x00007f9b04600000, 0x00007f9b04e00000)

Polling page: 0x00007f9b06fb1000

Metaspace:

Usage:
  Non-class:     64.76 MB used.
      Class:      7.20 MB used.
       Both:     71.96 MB used.

Virtual space:
  Non-class space:      128.00 MB reserved,      67.12 MB ( 52%) committed,  2 nodes.
      Class space:        1.00 GB reserved,       9.12 MB ( <1%) committed,  1 nodes.
             Both:        1.12 GB reserved,      76.25 MB (  7%) committed. 

Chunk freelists:
   Non-Class:  12.00 MB
       Class:  6.69 MB
        Both:  18.69 MB

MaxMetaspaceSize: unlimited
CompressedClassSpaceSize: 1.00 GB
Initial GC threshold: 21.00 MB
Current GC threshold: 98.69 MB
CDS: on
 - commit_granule_bytes: 65536.
 - commit_granule_words: 8192.
 - virtual_space_node_default_size: 8388608.
 - enlarge_chunks_in_place: 1.
 - use_allocation_guard: 0.


Internal statistics:

num_allocs_failed_limit: 18.
num_arena_births: 7654.
num_arena_deaths: 0.
num_vsnodes_births: 3.
num_vsnodes_deaths: 0.
num_space_committed: 1217.
num_space_uncommitted: 0.
num_chunks_returned_to_freelist: 18.
num_chunks_taken_from_freelist: 11404.
num_chunk_merges: 12.
num_chunk_splits: 7468.
num_chunks_enlarged: 4126.
num_inconsistent_stats: 0.

CodeHeap 'non-profiled nmethods': size=120032Kb used=4250Kb max_used=4250Kb free=115781Kb
 bounds [0x00007f9af02c8000, 0x00007f9af06f8000, 0x00007f9af7800000]
CodeHeap 'profiled nmethods': size=120028Kb used=12754Kb max_used=12754Kb free=107273Kb
 bounds [0x00007f9ae8800000, 0x00007f9ae9480000, 0x00007f9aefd37000]
CodeHeap 'non-nmethods': size=5700Kb used=2607Kb max_used=2668Kb free=3093Kb
 bounds [0x00007f9aefd37000, 0x00007f9aeffe7000, 0x00007f9af02c8000]
CodeCache: size=245760Kb, used=19611Kb, max_used=19672Kb, free=226147Kb
 total_blobs=7929, nmethods=6444, adapters=1390, full_count=0
Compilation: enabled, stopped_count=0, restarted_count=0

Compilation events (20 events):
Event: 10.633 Thread 0x00007f9a6067e030 nmethod 7004 0x00007f9af06ebc10 code [0x00007f9af06ebd80, 0x00007f9af06ebe78]
Event: 10.633 Thread 0x00007f9a6067e030 6998       4       java.util.LinkedHashMap$LinkedHashIterator::hasNext (13 bytes)
Event: 10.634 Thread 0x00007f9a6067e030 nmethod 6998 0x00007f9af06ebf10 code [0x00007f9af06ec080, 0x00007f9af06ec110]
Event: 10.635 Thread 0x00007f9a6067e030 7007       4       sun.net.www.protocol.jar.Handler::checkNestedProtocol (18 bytes)
Event: 10.637 Thread 0x00007f9b00158c80 nmethod 6955% 0x00007f9af06ec210 code [0x00007f9af06ec4e0, 0x00007f9af06ed790]
Event: 10.638 Thread 0x00007f9b0015a340 7008       3       org.robolectric.res.android.ResourceTypes$ResTable_typeSpec::getSpecFlags (62 bytes)
Event: 10.638 Thread 0x00007f9b0015a340 nmethod 7008 0x00007f9ae9472710 code [0x00007f9ae94728e0, 0x00007f9ae9472c98]
Event: 10.638 Thread 0x00007f9a6067e030 nmethod 7007 0x00007f9af06ee190 code [0x00007f9af06ee320, 0x00007f9af06ee580]
Event: 10.638 Thread 0x00007f9b0015a340 7009       3       org.robolectric.shadows.ShadowSystemProperties::native_get (15 bytes)
Event: 10.639 Thread 0x00007f9b0015a340 nmethod 7009 0x00007f9ae9472e10 code [0x00007f9ae9472fe0, 0x00007f9ae9473380]
Event: 10.639 Thread 0x00007f9b0015a340 7010       3       java.util.concurrent.atomic.AtomicBoolean::<init> (5 bytes)
Event: 10.639 Thread 0x00007f9b0015a340 nmethod 7010 0x00007f9ae9473510 code [0x00007f9ae94736a0, 0x00007f9ae9473800]
Event: 10.640 Thread 0x00007f9b00158c80 7011       4       java.util.concurrent.locks.ReentrantLock$Sync::tryRelease (51 bytes)
Event: 10.642 Thread 0x00007f9b00158c80 nmethod 7011 0x00007f9af06ee710 code [0x00007f9af06ee8a0, 0x00007f9af06eea18]
Event: 10.642 Thread 0x00007f9b0015a340 7012   !   3       java.util.concurrent.locks.LockSupport::park (47 bytes)
Event: 10.643 Thread 0x00007f9b0015a340 nmethod 7012 0x00007f9ae9473890 code [0x00007f9ae9473a80, 0x00007f9ae9473e70]
Event: 10.645 Thread 0x00007f9b0015a340 7013       3       java.util.concurrent.ThreadPoolExecutor$Worker::unlock (7 bytes)
Event: 10.646 Thread 0x00007f9b0015a340 nmethod 7013 0x00007f9ae9474010 code [0x00007f9ae94741c0, 0x00007f9ae9474430]
Event: 10.646 Thread 0x00007f9b0015a340 7014       3       java.util.concurrent.ThreadPoolExecutor$Worker::tryRelease (12 bytes)
Event: 10.646 Thread 0x00007f9b0015a340 nmethod 7014 0x00007f9ae9474510 code [0x00007f9ae94746a0, 0x00007f9ae9474808]

GC Heap History (20 events):
Event: 1.773 GC heap before
{Heap before GC invocations=3 (full 0):
 garbage-first heap   total 198656K, used 57960K [0x00000000e0000000, 0x0000000100000000)
  region size 1024K, 25 young (25600K), 4 survivors (4096K)
 Metaspace       used 15844K, committed 16320K, reserved 1114112K
  class space    used 1820K, committed 2048K, reserved 1048576K
}
Event: 1.780 GC heap after
{Heap after GC invocations=4 (full 0):
 garbage-first heap   total 198656K, used 39229K [0x00000000e0000000, 0x0000000100000000)
  region size 1024K, 4 young (4096K), 4 survivors (4096K)
 Metaspace       used 15844K, committed 16320K, reserved 1114112K
  class space    used 1820K, committed 2048K, reserved 1048576K
}
Event: 2.188 GC heap before
{Heap before GC invocations=4 (full 0):
 garbage-first heap   total 198656K, used 60733K [0x00000000e0000000, 0x0000000100000000)
  region size 1024K, 27 young (27648K), 4 survivors (4096K)
 Metaspace       used 20738K, committed 21504K, reserved 1114112K
  class space    used 2205K, committed 2560K, reserved 1048576K
}
Event: 2.193 GC heap after
{Heap after GC invocations=5 (full 0):
 garbage-first heap   total 198656K, used 42303K [0x00000000e0000000, 0x0000000100000000)
  region size 1024K, 7 young (7168K), 7 survivors (7168K)
 Metaspace       used 20738K, committed 21504K, reserved 1114112K
  class space    used 2205K, committed 2560K, reserved 1048576K
}
Event: 3.466 GC heap before
{Heap before GC invocations=6 (full 0):
 garbage-first heap   total 137216K, used 135487K [0x00000000e0000000, 0x0000000100000000)
  region size 1024K, 76 young (77824K), 7 survivors (7168K)
 Metaspace       used 31832K, committed 33152K, reserved 1114112K
  class space    used 3025K, committed 3584K, reserved 1048576K
}
Event: 3.484 GC heap after
{Heap after GC invocations=7 (full 0):
 garbage-first heap   total 158720K, used 72274K [0x00000000e0000000, 0x0000000100000000)
  region size 1024K, 10 young (10240K), 10 survivors (10240K)
 Metaspace       used 31832K, committed 33152K, reserved 1114112K
  class space    used 3025K, committed 3584K, reserved 1048576K
}
Event: 3.740 GC heap before
{Heap before GC invocations=7 (full 0):
 garbage-first heap   total 158720K, used 92754K [0x00000000e0000000, 0x0000000100000000)
  region size 1024K, 31 young (31744K), 10 survivors (10240K)
 Metaspace       used 35761K, committed 37248K, reserved 1114112K
  class space    used 3340K, committed 4032K, reserved 1048576K
}
Event: 3.748 GC heap after
{Heap after GC invocations=8 (full 0):
 garbage-first heap   total 158720K, used 76507K [0x00000000e0000000, 0x0000000100000000)
  region size 1024K, 3 young (3072K), 3 survivors (3072K)
 Metaspace       used 35761K, committed 37248K, reserved 1114112K
  class space    used 3340K, committed 4032K, reserved 1048576K
}
Event: 3.772 GC heap before
{Heap before GC invocations=8 (full 0):
 garbage-first heap   total 158720K, used 77531K [0x00000000e0000000, 0x0000000100000000)
  region size 1024K, 5 young (5120K), 3 survivors (3072K)
 Metaspace       used 35983K, committed 37568K, reserved 1114112K
  class space    used 3391K, committed 4096K, reserved 1048576K
}
Event: 3.774 GC heap after
{Heap after GC invocations=9 (full 0):
 garbage-first heap   total 158720K, used 76244K [0x00000000e0000000, 0x0000000100000000)
  region size 1024K, 3 young (3072K), 3 survivors (3072K)
 Metaspace       used 35983K, committed 37568K, reserved 1114112K
  class space    used 3391K, committed 4096K, reserved 1048576K
}
Event: 4.411 GC heap before
{Heap before GC invocations=10 (full 0):
 garbage-first heap   total 158720K, used 117204K [0x00000000e0000000, 0x0000000100000000)
  region size 1024K, 44 young (45056K), 3 survivors (3072K)
 Metaspace       used 42446K, committed 45120K, reserved 1114112K
  class space    used 4208K, committed 5376K, reserved 1048576K
}
Event: 4.417 GC heap after
{Heap after GC invocations=11 (full 0):
 garbage-first heap   total 158720K, used 78802K [0x00000000e0000000, 0x0000000100000000)
  region size 1024K, 6 young (6144K), 6 survivors (6144K)
 Metaspace       used 42446K, committed 45120K, reserved 1114112K
  class space    used 4208K, committed 5376K, reserved 1048576K
}
Event: 4.916 GC heap before
{Heap before GC invocations=11 (full 0):
 garbage-first heap   total 158720K, used 124882K [0x00000000e0000000, 0x0000000100000000)
  region size 1024K, 51 young (52224K), 6 survivors (6144K)
 Metaspace       used 50195K, committed 53184K, reserved 1114112K
  class space    used 4924K, committed 6272K, reserved 1048576K
}
Event: 4.923 GC heap after
{Heap after GC invocations=12 (full 0):
 garbage-first heap   total 158720K, used 78831K [0x00000000e0000000, 0x0000000100000000)
  region size 1024K, 3 young (3072K), 3 survivors (3072K)
 Metaspace       used 50195K, committed 53184K, reserved 1114112K
  class space    used 4924K, committed 6272K, reserved 1048576K
}
Event: 7.367 GC heap before
{Heap before GC invocations=12 (full 0):
 garbage-first heap   total 158720K, used 127983K [0x00000000e0000000, 0x0000000100000000)
  region size 1024K, 52 young (53248K), 3 survivors (3072K)
 Metaspace       used 56489K, committed 59584K, reserved 1114112K
  class space    used 5570K, committed 6912K, reserved 1048576K
}
Event: 7.373 GC heap after
{Heap after GC invocations=13 (full 0):
 garbage-first heap   total 158720K, used 81642K [0x00000000e0000000, 0x0000000100000000)
  region size 1024K, 5 young (5120K), 5 survivors (5120K)
 Metaspace       used 56489K, committed 59584K, reserved 1114112K
  class space    used 5570K, committed 6912K, reserved 1048576K
}
Event: 9.155 GC heap before
{Heap before GC invocations=14 (full 0):
 garbage-first heap   total 158720K, used 133866K [0x00000000e0000000, 0x0000000100000000)
  region size 1024K, 57 young (58368K), 5 survivors (5120K)
 Metaspace       used 65029K, committed 69184K, reserved 1114112K
  class space    used 6587K, committed 8448K, reserved 1048576K
}
Event: 9.164 GC heap after
{Heap after GC invocations=15 (full 0):
 garbage-first heap   total 158720K, used 85385K [0x00000000e0000000, 0x0000000100000000)
  region size 1024K, 7 young (7168K), 7 survivors (7168K)
 Metaspace       used 65029K, committed 69184K, reserved 1114112K
  class space    used 6587K, committed 8448K, reserved 1048576K
}
Event: 9.911 GC heap before
{Heap before GC invocations=15 (full 0):
 garbage-first heap   total 158720K, used 137609K [0x00000000e0000000, 0x0000000100000000)
  region size 1024K, 58 young (59392K), 7 survivors (7168K)
 Metaspace       used 70533K, committed 74816K, reserved 1179648K
  class space    used 7035K, committed 8960K, reserved 1048576K
}
Event: 9.921 GC heap after
{Heap after GC invocations=16 (full 0):
 garbage-first heap   total 158720K, used 88814K [0x00000000e0000000, 0x0000000100000000)
  region size 1024K, 8 young (8192K), 8 survivors (8192K)
 Metaspace       used 70533K, committed 74816K, reserved 1179648K
  class space    used 7035K, committed 8960K, reserved 1048576K
}

Dll operation events (20 events):
Event: 0.059 Attempting to load shared library /usr/lib/jvm/temurin-21-jdk-amd64/lib/libjsvml.so
Event: 0.060 Loaded shared library /usr/lib/jvm/temurin-21-jdk-amd64/lib/libjsvml.so
Event: 0.123 Attempting to load shared library /usr/lib/jvm/temurin-21-jdk-amd64/lib/libnio.so
Event: 0.124 Loaded shared library /usr/lib/jvm/temurin-21-jdk-amd64/lib/libnio.so
Event: 0.127 Attempting to load shared library /usr/lib/jvm/temurin-21-jdk-amd64/lib/libzip.so
Event: 0.127 Loaded shared library /usr/lib/jvm/temurin-21-jdk-amd64/lib/libzip.so
Event: 0.200 Attempting to load shared library /usr/lib/jvm/temurin-21-jdk-amd64/lib/libjimage.so
Event: 0.200 Loaded shared library /usr/lib/jvm/temurin-21-jdk-amd64/lib/libjimage.so
Event: 0.268 Attempting to load shared library /usr/lib/jvm/temurin-21-jdk-amd64/lib/libnet.so
Event: 0.268 Loaded shared library /usr/lib/jvm/temurin-21-jdk-amd64/lib/libnet.so
Event: 0.602 Attempting to load shared library /usr/lib/jvm/temurin-21-jdk-amd64/lib/libextnet.so
Event: 0.602 Loaded shared library /usr/lib/jvm/temurin-21-jdk-amd64/lib/libextnet.so
Event: 0.677 Attempting to load shared library /usr/lib/jvm/temurin-21-jdk-amd64/lib/libverify.so
Event: 0.678 Loaded shared library /usr/lib/jvm/temurin-21-jdk-amd64/lib/libverify.so
Event: 1.647 Attempting to load shared library /tmp/libconscrypt_openjdk_jni-linux-x86_6417878796887560000.so
Event: 1.649 Loaded shared library /tmp/libconscrypt_openjdk_jni-linux-x86_6417878796887560000.so
Event: 7.264 Attempting to load shared library /tmp/robolectric-nativeruntime6989084722877095494/librobolectric-nativeruntime.so
Event: 7.269 Loaded shared library /tmp/robolectric-nativeruntime6989084722877095494/librobolectric-nativeruntime.so
Event: 10.140 Attempting to load shared library /tmp/18146605104328044938/libsqlite4java.so
Event: 10.141 Loaded shared library /tmp/18146605104328044938/libsqlite4java.so

Deoptimization events (20 events):
Event: 10.615 Thread 0x00007f9b0099bbd0 DEOPT PACKING pc=0x00007f9af036c424 sp=0x00007f9ad8d40a60
Event: 10.615 Thread 0x00007f9b0099bbd0 DEOPT UNPACKING pc=0x00007f9aefd8af99 sp=0x00007f9ad8d40988 mode 2
Event: 10.642 Thread 0x00007f9b0099bbd0 DEOPT PACKING pc=0x00007f9ae939eb74 sp=0x00007f9ad8d3e920
Event: 10.642 Thread 0x00007f9b0099bbd0 DEOPT UNPACKING pc=0x00007f9aefd8b72f sp=0x00007f9ad8d3dd78 mode 0
Event: 10.642 Thread 0x00007f9b0099bbd0 DEOPT PACKING pc=0x00007f9ae93ab264 sp=0x00007f9ad8d3e920
Event: 10.642 Thread 0x00007f9b0099bbd0 DEOPT UNPACKING pc=0x00007f9aefd8b72f sp=0x00007f9ad8d3dd78 mode 0
Event: 10.643 Thread 0x00007f9b0099bbd0 DEOPT PACKING pc=0x00007f9ae93ac6b4 sp=0x00007f9ad8d3e8a0
Event: 10.643 Thread 0x00007f9b0099bbd0 DEOPT UNPACKING pc=0x00007f9aefd8b72f sp=0x00007f9ad8d3dd28 mode 0
Event: 10.643 Thread 0x00007f9b0099bbd0 DEOPT PACKING pc=0x00007f9ae93adaec sp=0x00007f9ad8d3e980
Event: 10.643 Thread 0x00007f9b0099bbd0 DEOPT UNPACKING pc=0x00007f9aefd8b72f sp=0x00007f9ad8d3ddb8 mode 0
Event: 10.644 Thread 0x00007f9b0099bbd0 DEOPT PACKING pc=0x00007f9ae9394a94 sp=0x00007f9ad8d3ec30
Event: 10.644 Thread 0x00007f9b0099bbd0 DEOPT UNPACKING pc=0x00007f9aefd8b72f sp=0x00007f9ad8d3e078 mode 0
Event: 10.644 Thread 0x00007f9b0099bbd0 DEOPT PACKING pc=0x00007f9ae939245c sp=0x00007f9ad8d3ec00
Event: 10.644 Thread 0x00007f9b0099bbd0 DEOPT UNPACKING pc=0x00007f9aefd8b72f sp=0x00007f9ad8d3e058 mode 0
Event: 10.645 Thread 0x00007f9b0099bbd0 DEOPT PACKING pc=0x00007f9ae9393794 sp=0x00007f9ad8d3ec30
Event: 10.645 Thread 0x00007f9b0099bbd0 DEOPT UNPACKING pc=0x00007f9aefd8b72f sp=0x00007f9ad8d3e078 mode 0
Event: 10.645 Thread 0x00007f9b0099bbd0 DEOPT PACKING pc=0x00007f9ae938edac sp=0x00007f9ad8d3ec30
Event: 10.645 Thread 0x00007f9b0099bbd0 DEOPT UNPACKING pc=0x00007f9aefd8b72f sp=0x00007f9ad8d3e078 mode 0
Event: 10.646 Thread 0x00007f9b0099bbd0 DEOPT PACKING pc=0x00007f9ae93a71ac sp=0x00007f9ad8d3ec30
Event: 10.646 Thread 0x00007f9b0099bbd0 DEOPT UNPACKING pc=0x00007f9aefd8b72f sp=0x00007f9ad8d3e078 mode 0

Classes loaded (20 events):
Event: 9.636 Loading class java/nio/HeapByteBufferR
Event: 9.637 Loading class java/nio/HeapByteBufferR done
Event: 9.647 Loading class java/nio/ByteBufferAsCharBufferB
Event: 9.648 Loading class java/nio/ByteBufferAsCharBufferB done
Event: 9.729 Loading class java/lang/StringIndexOutOfBoundsException
Event: 9.729 Loading class java/lang/StringIndexOutOfBoundsException done
Event: 9.744 Loading class java/nio/ByteBufferAsIntBufferB
Event: 9.744 Loading class java/nio/ByteBufferAsIntBufferB done
Event: 9.995 Loading class java/text/AttributedCharacterIterator
Event: 9.995 Loading class java/text/CharacterIterator
Event: 9.995 Loading class java/text/CharacterIterator done
Event: 9.995 Loading class java/text/AttributedCharacterIterator done
Event: 10.123 Loading class java/io/DeleteOnExitHook
Event: 10.124 Loading class java/io/DeleteOnExitHook done
Event: 10.124 Loading class java/io/DeleteOnExitHook$1
Event: 10.124 Loading class java/io/DeleteOnExitHook$1 done
Event: 10.135 Loading class java/util/logging/Formatter
Event: 10.135 Loading class java/util/logging/Formatter done
Event: 10.139 Loading class java/net/URLDecoder
Event: 10.140 Loading class java/net/URLDecoder done

Classes unloaded (0 events):
No events

Classes redefined (0 events):
No events

Internal exceptions (20 events):
Event: 10.265 Thread 0x00007f9a3c0c3880 Exception <a 'java/lang/NoSuchMethodError'{0x00000000e9ea1710}: 'double java.lang.invoke.DirectMethodHandle$Holder.invokeStatic(java.lang.Object, java.lang.Object)'> (0x00000000e9ea1710) 
thrown [src/hotspot/share/interpreter/linkResolver.cpp, line 772]
Event: 10.265 Thread 0x00007f9a3c0c3880 Exception <a 'java/lang/NoSuchMethodError'{0x00000000e9ea8d78}: 'double java.lang.invoke.Invokers$Holder.exactInvoker(java.lang.Object, java.lang.Object, java.lang.Object, int)'> (0x00000000e9ea8d78) 
thrown [src/hotspot/share/interpreter/linkResolver.cpp, line 772]
Event: 10.266 Thread 0x00007f9a3c0c3880 Exception <a 'java/lang/NoSuchMethodError'{0x00000000e9eb00b8}: 'double java.lang.invoke.DelegatingMethodHandle$Holder.delegate(java.lang.Object, java.lang.Object, java.lang.Object, int)'> (0x00000000e9eb00b8) 
thrown [src/hotspot/share/interpreter/linkResolver.cpp, line 772]
Event: 10.268 Thread 0x00007f9a3c0c3880 Exception <a 'java/lang/NoSuchMethodError'{0x00000000e8261c68}: 'double java.lang.invoke.DirectMethodHandle$Holder.invokeSpecial(java.lang.Object, java.lang.Object, java.lang.Object, int, int)'> (0x00000000e8261c68) 
thrown [src/hotspot/share/interpreter/linkResolver.cpp, line 772]
Event: 10.268 Thread 0x00007f9a3c0c3880 Exception <a 'java/lang/NoSuchMethodError'{0x00000000e8265228}: 'double java.lang.invoke.Invokers$Holder.exactInvoker(java.lang.Object, java.lang.Object, java.lang.Object, int, int)'> (0x00000000e8265228) 
thrown [src/hotspot/share/interpreter/linkResolver.cpp, line 772]
Event: 10.268 Thread 0x00007f9a3c0c3880 Exception <a 'java/lang/NoSuchMethodError'{0x00000000e826c638}: 'double java.lang.invoke.DelegatingMethodHandle$Holder.delegate(java.lang.Object, java.lang.Object, java.lang.Object, int, int)'> (0x00000000e826c638) 
thrown [src/hotspot/share/interpreter/linkResolver.cpp, line 772]
Event: 10.270 Thread 0x00007f9a3c0c3880 Exception <a 'java/lang/NoSuchMethodError'{0x00000000e828da30}: 'double java.lang.invoke.DirectMethodHandle$Holder.invokeSpecial(java.lang.Object, java.lang.Object, long, int, int)'> (0x00000000e828da30) 
thrown [src/hotspot/share/interpreter/linkResolver.cpp, line 772]
Event: 10.271 Thread 0x00007f9a3c0c3880 Exception <a 'java/lang/NoSuchMethodError'{0x00000000e8290f50}: 'double java.lang.invoke.Invokers$Holder.exactInvoker(java.lang.Object, java.lang.Object, long, int, int)'> (0x00000000e8290f50) 
thrown [src/hotspot/share/interpreter/linkResolver.cpp, line 772]
Event: 10.271 Thread 0x00007f9a3c0c3880 Exception <a 'java/lang/NoSuchMethodError'{0x00000000e8298190}: 'double java.lang.invoke.DelegatingMethodHandle$Holder.delegate(java.lang.Object, java.lang.Object, long, int, int)'> (0x00000000e8298190) 
thrown [src/hotspot/share/interpreter/linkResolver.cpp, line 772]
Event: 10.365 Thread 0x00007f9b0099bbd0 Exception <a 'sun/nio/fs/UnixException'{0x00000000e7ce3760}> (0x00000000e7ce3760) 
thrown [src/hotspot/share/prims/jni.cpp, line 520]
Event: 10.366 Thread 0x00007f9b0099bbd0 Exception <a 'java/lang/NoSuchMethodError'{0x00000000e7ceaf58}: 'int java.lang.invoke.DelegatingMethodHandle$Holder.delegate(java.lang.Object, float)'> (0x00000000e7ceaf58) 
thrown [src/hotspot/share/interpreter/linkResolver.cpp, line 772]
Event: 10.407 Thread 0x00007f9b0099bbd0 Exception <a 'sun/nio/fs/UnixException'{0x00000000e77f16a8}> (0x00000000e77f16a8) 
thrown [src/hotspot/share/prims/jni.cpp, line 520]
Event: 10.441 Thread 0x00007f9b0099bbd0 Exception <a 'java/lang/NoSuchMethodError'{0x00000000e7236a60}: 'long java.lang.invoke.DelegatingMethodHandle$Holder.delegate(java.lang.Object, int, java.lang.Object, int, java.lang.Object)'> (0x00000000e7236a60) 
thrown [src/hotspot/share/interpreter/linkResolver.cpp, line 772]
Event: 10.441 Thread 0x00007f9b0099bbd0 Exception <a 'java/lang/NoSuchMethodError'{0x00000000e7239e38}: 'long java.lang.invoke.DelegatingMethodHandle$Holder.delegate(java.lang.Object, long)'> (0x00000000e7239e38) 
thrown [src/hotspot/share/interpreter/linkResolver.cpp, line 772]
Event: 10.443 Thread 0x00007f9b0099bbd0 Exception <a 'java/lang/NoSuchMethodError'{0x00000000e72546c8}: 'void java.lang.invoke.DelegatingMethodHandle$Holder.delegate(java.lang.Object, long, java.lang.Object, int)'> (0x00000000e72546c8) 
thrown [src/hotspot/share/interpreter/linkResolver.cpp, line 772]
Event: 10.453 Thread 0x00007f9b0099bbd0 Exception <a 'java/lang/NoSuchMethodError'{0x00000000e72c07c0}: 'void java.lang.invoke.DelegatingMethodHandle$Holder.delegate(java.lang.Object, java.lang.Object, float)'> (0x00000000e72c07c0) 
thrown [src/hotspot/share/interpreter/linkResolver.cpp, line 772]
Event: 10.458 Thread 0x00007f9b0099bbd0 Exception <a 'sun/nio/fs/UnixException'{0x00000000e72e1268}> (0x00000000e72e1268) 
thrown [src/hotspot/share/prims/jni.cpp, line 520]
Event: 10.520 Thread 0x00007f9b0099bbd0 Exception <a 'sun/nio/fs/UnixException'{0x00000000e6cc95b0}> (0x00000000e6cc95b0) 
thrown [src/hotspot/share/prims/jni.cpp, line 520]
Event: 10.593 Thread 0x00007f9b0099bbd0 Implicit null exception at 0x00007f9af049c7a0 to 0x00007f9af049c9f4
Event: 10.615 Thread 0x00007f9b0099bbd0 Implicit null exception at 0x00007f9af036c218 to 0x00007f9af036c408

ZGC Phase Switch (0 events):
No events

VM Operations (20 events):
Event: 10.487 Executing non-safepoint VM operation: HandshakeAllThreads (Deoptimize)
Event: 10.488 Executing non-safepoint VM operation: HandshakeAllThreads (Deoptimize) done
Event: 10.642 Executing non-safepoint VM operation: HandshakeAllThreads (Deoptimize)
Event: 10.642 Executing non-safepoint VM operation: HandshakeAllThreads (Deoptimize) done
Event: 10.642 Executing non-safepoint VM operation: HandshakeAllThreads (Deoptimize)
Event: 10.642 Executing non-safepoint VM operation: HandshakeAllThreads (Deoptimize) done
Event: 10.643 Executing non-safepoint VM operation: HandshakeAllThreads (Deoptimize)
Event: 10.643 Executing non-safepoint VM operation: HandshakeAllThreads (Deoptimize) done
Event: 10.643 Executing non-safepoint VM operation: HandshakeAllThreads (Deoptimize)
Event: 10.643 Executing non-safepoint VM operation: HandshakeAllThreads (Deoptimize) done
Event: 10.644 Executing non-safepoint VM operation: HandshakeAllThreads (Deoptimize)
Event: 10.644 Executing non-safepoint VM operation: HandshakeAllThreads (Deoptimize) done
Event: 10.644 Executing non-safepoint VM operation: HandshakeAllThreads (Deoptimize)
Event: 10.644 Executing non-safepoint VM operation: HandshakeAllThreads (Deoptimize) done
Event: 10.645 Executing non-safepoint VM operation: HandshakeAllThreads (Deoptimize)
Event: 10.645 Executing non-safepoint VM operation: HandshakeAllThreads (Deoptimize) done
Event: 10.645 Executing non-safepoint VM operation: HandshakeAllThreads (Deoptimize)
Event: 10.645 Executing non-safepoint VM operation: HandshakeAllThreads (Deoptimize) done
Event: 10.646 Executing non-safepoint VM operation: HandshakeAllThreads (Deoptimize)
Event: 10.646 Executing non-safepoint VM operation: HandshakeAllThreads (Deoptimize) done

Memory protections (20 events):
Event: 3.081 Protecting memory [0x00007f9ad9347000,0x00007f9ad934b000] with protection modes 0
Event: 4.537 Protecting memory [0x00007f9ad8b44000,0x00007f9ad8b48000] with protection modes 0
Event: 4.538 Protecting memory [0x00007f9ad81e6000,0x00007f9ad81ea000] with protection modes 0
Event: 4.538 Protecting memory [0x00007f9ad82e6000,0x00007f9ad82ea000] with protection modes 0
Event: 4.734 Protecting memory [0x00007f9ad80e6000,0x00007f9ad80ea000] with protection modes 0
Event: 4.735 Protecting memory [0x00007f9a86f00000,0x00007f9a86f04000] with protection modes 0
Event: 4.812 Protecting memory [0x00007f9a86e00000,0x00007f9a86e04000] with protection modes 0
Event: 4.831 Protecting memory [0x00007f9a86d00000,0x00007f9a86d04000] with protection modes 0
Event: 5.120 Protecting memory [0x00007f9a86c00000,0x00007f9a86c04000] with protection modes 0
Event: 5.196 Protecting memory [0x00007f9a86b00000,0x00007f9a86b04000] with protection modes 0
Event: 5.278 Protecting memory [0x00007f9a86a00000,0x00007f9a86a04000] with protection modes 0
Event: 7.409 Protecting memory [0x00007f9ad9347000,0x00007f9ad934b000] with protection modes 0
Event: 7.585 Protecting memory [0x00007f9a8436d000,0x00007f9a84371000] with protection modes 0
Event: 7.599 Protecting memory [0x00007f9a8426d000,0x00007f9a84271000] with protection modes 0
Event: 7.701 Protecting memory [0x00007f9a8416d000,0x00007f9a84171000] with protection modes 0
Event: 8.702 Protecting memory [0x00007f9ad9347000,0x00007f9ad934b000] with protection modes 0
Event: 9.571 Protecting memory [0x00007f9a8406d000,0x00007f9a84071000] with protection modes 0
Event: 10.145 Protecting memory [0x00007f9a8416d000,0x00007f9a84171000] with protection modes 0
Event: 10.524 Protecting memory [0x00007f9a8416d000,0x00007f9a84171000] with protection modes 0
Event: 10.640 Protecting memory [0x00007f9a8406d000,0x00007f9a84071000] with protection modes 0

Nmethod flushes (20 events):
Event: 7.453 Thread 0x00007f9b00148480 flushing  nmethod 0x00007f9ae8ad3f10
Event: 7.453 Thread 0x00007f9b00148480 flushing  nmethod 0x00007f9ae8ad7790
Event: 7.453 Thread 0x00007f9b00148480 flushing  nmethod 0x00007f9ae8b46b90
Event: 7.453 Thread 0x00007f9b00148480 flushing  nmethod 0x00007f9ae8b4a810
Event: 7.453 Thread 0x00007f9b00148480 flushing  nmethod 0x00007f9ae8b4fa90
Event: 7.453 Thread 0x00007f9b00148480 flushing  nmethod 0x00007f9ae8ba0810
Event: 7.453 Thread 0x00007f9b00148480 flushing  nmethod 0x00007f9ae8bb3b10
Event: 7.453 Thread 0x00007f9b00148480 flushing  nmethod 0x00007f9ae8c82d10
Event: 7.453 Thread 0x00007f9b00148480 flushing  nmethod 0x00007f9ae8c8b890
Event: 7.453 Thread 0x00007f9b00148480 flushing  nmethod 0x00007f9ae8c8c090
Event: 7.453 Thread 0x00007f9b00148480 flushing  nmethod 0x00007f9ae8cc0110
Event: 7.453 Thread 0x00007f9b00148480 flushing  nmethod 0x00007f9ae8d13390
Event: 7.453 Thread 0x00007f9b00148480 flushing  nmethod 0x00007f9ae8da3590
Event: 7.453 Thread 0x00007f9b00148480 flushing osr nmethod 0x00007f9ae8dca990
Event: 7.453 Thread 0x00007f9b00148480 flushing  nmethod 0x00007f9ae8de0a90
Event: 7.453 Thread 0x00007f9b00148480 flushing  nmethod 0x00007f9ae8de1e90
Event: 7.453 Thread 0x00007f9b00148480 flushing  nmethod 0x00007f9ae8de2190
Event: 7.453 Thread 0x00007f9b00148480 flushing  nmethod 0x00007f9ae8de3c90
Event: 7.453 Thread 0x00007f9b00148480 flushing  nmethod 0x00007f9ae8de4c10
Event: 7.453 Thread 0x00007f9b00148480 flushing  nmethod 0x00007f9ae8e37b90

Events (20 events):
Event: 4.734 Thread 0x00007f9a397d6970 Thread added: 0x00007f9a30002250
Event: 4.811 Thread 0x00007f9a397d5d70 Thread added: 0x00007f9a3c0c3880
Event: 4.830 Thread 0x00007f9b0099bbd0 Thread added: 0x00007f9a39898a70
Event: 5.120 Thread 0x00007f9b0099bbd0 Thread added: 0x00007f9a399fff70
Event: 5.195 Thread 0x00007f9b0099bbd0 Thread added: 0x00007f9a386d04b0
Event: 5.269 Thread 0x00007f9a397d6970 Thread added: 0x00007f9a301b07d0
Event: 5.821 Thread 0x00007f9a606042e0 Thread exited: 0x00007f9a606042e0
Event: 7.409 Thread 0x00007f9b0015a340 Thread added: 0x00007f9a606518a0
Event: 7.584 Thread 0x00007f9a3c0c3880 Thread added: 0x00007f9a202e4180
Event: 7.599 Thread 0x00007f9a301b07d0 Thread added: 0x00007f9a280cf8a0
Event: 7.701 Thread 0x00007f9a280cf8a0 Thread added: 0x00007f9a30238fa0
Event: 7.909 Thread 0x00007f9a606518a0 Thread exited: 0x00007f9a606518a0
Event: 8.702 Thread 0x00007f9b0015a340 Thread added: 0x00007f9a6067e030
Event: 9.565 Thread 0x00007f9a30238fa0 Thread added: 0x00007f9a3c0c1a50
Event: 9.568 Thread 0x00007f9a30238fa0 Thread exited: 0x00007f9a30238fa0
Event: 10.145 Thread 0x00007f9a399fff70 Thread added: 0x00007f9a20320540
Event: 10.310 Thread 0x00007f9a20320540 Thread exited: 0x00007f9a20320540
Event: 10.524 Thread 0x00007f9a3c0c1a50 Thread added: 0x00007f9a39c0b7b0
Event: 10.526 Thread 0x00007f9a3c0c1a50 Thread exited: 0x00007f9a3c0c1a50
Event: 10.640 Thread 0x00007f9b0099bbd0 Thread added: 0x00007f9a39f3a540


Dynamic libraries:
e0000000-e8500000 rw-p 00000000 00:00 0 
e8500000-e9e00000 ---p 00000000 00:00 0 
e9e00000-ea500000 rw-p 00000000 00:00 0 
ea500000-ebe00000 ---p 00000000 00:00 0 
ebe00000-ec000000 rw-p 00000000 00:00 0 
ec000000-ff300000 ---p 00000000 00:00 0 
ff300000-ffe00000 rw-p 00000000 00:00 0 
ffe00000-fff0d000 rw-p 00cdb000 00:1e 981                                /usr/lib/jvm/temurin-21-jdk-amd64/lib/server/classes.jsa
fff0d000-100000000 rw-p 00000000 00:00 0 
561cb187a000-561cb187b000 r-xp 00000000 00:1e 961                        /usr/lib/jvm/temurin-21-jdk-amd64/bin/java
561cb187c000-561cb187d000 r--p 00001000 00:1e 961                        /usr/lib/jvm/temurin-21-jdk-amd64/bin/java
561cb187d000-561cb187e000 rw-p 00002000 00:1e 961                        /usr/lib/jvm/temurin-21-jdk-amd64/bin/java
561cb187e000-561cb18d0000 rw-p 00000000 00:00 0                          [heap]
7f15008be000-7f15010be000 rw-p 00000000 00:00 0                          [stack]
7f9a1fc00000-7f9a1fcc4000 r-xp 00000000 00:18 1410                       /tmp/18146605104328044938/libsqlite4java.so
7f9a1fcc4000-7f9a1fec4000 ---p 000c4000 00:18 1410                       /tmp/18146605104328044938/libsqlite4java.so
7f9a1fec4000-7f9a1fec6000 r--p 000c4000 00:18 1410                       /tmp/18146605104328044938/libsqlite4java.so
7f9a1fec6000-7f9a1fec9000 rw-p 000c6000 00:18 1410                       /tmp/18146605104328044938/libsqlite4java.so
7f9a20000000-7f9a203bf000 rw-p 00000000 00:00 0 
7f9a203bf000-7f9a24000000 ---p 00000000 00:00 0 
7f9a24000000-7f9a24120000 rw-p 00000000 00:00 0 
7f9a24120000-7f9a24200000 ---p 00000000 00:00 0 
7f9a24200000-7f9a24400000 rw-p 00000000 00:00 0 
7f9a24400000-7f9a28000000 ---p 00000000 00:00 0 
7f9a28000000-7f9a280e8000 rw-p 00000000 00:00 0 
7f9a280e8000-7f9a2c000000 ---p 00000000 00:00 0 
7f9a2c000000-7f9a2c02a000 rw-p 00000000 00:00 0 
7f9a2c02a000-7f9a30000000 ---p 00000000 00:00 0 
7f9a30000000-7f9a30367000 rw-p 00000000 00:00 0 
7f9a30367000-7f9a34000000 ---p 00000000 00:00 0 
7f9a34000000-7f9a340a9000 rw-p 00000000 00:00 0 
7f9a340a9000-7f9a38000000 ---p 00000000 00:00 0 
7f9a38000000-7f9a3aae4000 rw-p 00000000 00:00 0 
7f9a3aae4000-7f9a3c000000 ---p 00000000 00:00 0 
7f9a3c000000-7f9a3c0e5000 rw-p 00000000 00:00 0 
7f9a3c0e5000-7f9a40000000 ---p 00000000 00:00 0 
7f9a40000000-7f9a40021000 rw-p 00000000 00:00 0 
7f9a40021000-7f9a44000000 ---p 00000000 00:00 0 
7f9a44000000-7f9a44090000 rw-p 00000000 00:00 0 
7f9a44090000-7f9a48000000 ---p 00000000 00:00 0 
7f9a48000000-7f9a48021000 rw-p 00000000 00:00 0 
7f9a48021000-7f9a4c000000 ---p 00000000 00:00 0 
7f9a4c000000-7f9a4c021000 rw-p 00000000 00:00 0 
7f9a4c021000-7f9a50000000 ---p 00000000 00:00 0 
7f9a50000000-7f9a50021000 rw-p 00000000 00:00 0 
7f9a50021000-7f9a54000000 ---p 00000000 00:00 0 
7f9a54000000-7f9a54021000 rw-p 00000000 00:00 0 
7f9a54021000-7f9a58000000 ---p 00000000 00:00 0 
7f9a58000000-7f9a58021000 rw-p 00000000 00:00 0 
7f9a58021000-7f9a5c000000 ---p 00000000 00:00 0 
7f9a5c000000-7f9a5e6a6000 rw-p 00000000 00:00 0 
7f9a5e6a6000-7f9a60000000 ---p 00000000 00:00 0 
7f9a60000000-7f9a60a52000 rw-p 00000000 00:00 0 
7f9a60a52000-7f9a64000000 ---p 00000000 00:00 0 
7f9a64000000-7f9a64021000 rw-p 00000000 00:00 0 
7f9a64021000-7f9a68000000 ---p 00000000 00:00 0 
7f9a68000000-7f9a68021000 rw-p 00000000 00:00 0 
7f9a68021000-7f9a6c000000 ---p 00000000 00:00 0 
7f9a6c000000-7f9a6dc4c000 rw-p 00000000 00:00 0 
7f9a6dc4c000-7f9a70000000 ---p 00000000 00:00 0 
7f9a70000000-7f9a70021000 rw-p 00000000 00:00 0 
7f9a70021000-7f9a74000000 ---p 00000000 00:00 0 
7f9a74000000-7f9a74021000 rw-p 00000000 00:00 0 
7f9a74021000-7f9a78000000 ---p 00000000 00:00 0 
7f9a78000000-7f9a78021000 rw-p 00000000 00:00 0 
7f9a78021000-7f9a7c000000 ---p 00000000 00:00 0 
7f9a7c000000-7f9a7c021000 rw-p 00000000 00:00 0 
7f9a7c021000-7f9a80000000 ---p 00000000 00:00 0 
7f9a80000000-7f9a80021000 rw-p 00000000 00:00 0 
7f9a80021000-7f9a84000000 ---p 00000000 00:00 0 
7f9a8406d000-7f9a84071000 ---p 00000000 00:00 0 
7f9a84071000-7f9a8416d000 rw-p 00000000 00:00 0 
7f9a8416d000-7f9a84171000 ---p 00000000 00:00 0 
7f9a84171000-7f9a8426d000 rw-p 00000000 00:00 0 
7f9a8426d000-7f9a84271000 ---p 00000000 00:00 0 
7f9a84271000-7f9a8436d000 rw-p 00000000 00:00 0 
7f9a8436d000-7f9a84371000 ---p 00000000 00:00 0 
7f9a84371000-7f9a8446d000 rw-p 00000000 00:00 0 
7f9a8446d000-7f9a85d00000 r--p 00000000 00:18 1380                       /tmp/robolectric-nativeruntime6989084722877095494/icu/icudt68l.dat
7f9a85d00000-7f9a8613a000 r--p 00000000 00:18 1381                       /tmp/robolectric-nativeruntime6989084722877095494/librobolectric-nativeruntime.so
7f9a8613a000-7f9a869a4000 r-xp 00439000 00:18 1381                       /tmp/robolectric-nativeruntime6989084722877095494/librobolectric-nativeruntime.so
7f9a869a4000-7f9a869ea000 r--p 00ca2000 00:18 1381                       /tmp/robolectric-nativeruntime6989084722877095494/librobolectric-nativeruntime.so
7f9a869ea000-7f9a869f6000 rw-p 00ce7000 00:18 1381                       /tmp/robolectric-nativeruntime6989084722877095494/librobolectric-nativeruntime.so
7f9a869f6000-7f9a86a00000 rw-p 00000000 00:00 0 
7f9a86a00000-7f9a86a04000 ---p 00000000 00:00 0 
7f9a86a04000-7f9a86b00000 rw-p 00000000 00:00 0 
7f9a86b00000-7f9a86b04000 ---p 00000000 00:00 0 
7f9a86b04000-7f9a86c00000 rw-p 00000000 00:00 0 
7f9a86c00000-7f9a86c04000 ---p 00000000 00:00 0 
7f9a86c04000-7f9a86d00000 rw-p 00000000 00:00 0 
7f9a86d00000-7f9a86d04000 ---p 00000000 00:00 0 
7f9a86d04000-7f9a86e00000 rw-p 00000000 00:00 0 
7f9a86e00000-7f9a86e04000 ---p 00000000 00:00 0 
7f9a86e04000-7f9a86f00000 rw-p 00000000 00:00 0 
7f9a86f00000-7f9a86f04000 ---p 00000000 00:00 0 
7f9a86f04000-7f9a87000000 rw-p 00000000 00:00 0 
7f9a87000000-7f9a8b000000 rw-p 00000000 00:00 0 
7f9a8b000000-7f9a8bc9c000 rw-p 00001000 00:1e 981                        /usr/lib/jvm/temurin-21-jdk-amd64/lib/server/classes.jsa
7f9a8bc9c000-7f9a8c000000 ---p 00000000 00:00 0 
7f9a8c000000-7f9a8c7d0000 rw-p 00000000 00:00 0 
7f9a8c7d0000-7f9a8c800000 ---p 00000000 00:00 0 
7f9a8c800000-7f9a8c950000 rw-p 00000000 00:00 0 
7f9a8c950000-7f9acc000000 ---p 00000000 00:00 0 
7f9acc000000-7f9acc021000 rw-p 00000000 00:00 0 
7f9acc021000-7f9ad0000000 ---p 00000000 00:00 0 
7f9ad0000000-7f9ad0021000 rw-p 00000000 00:00 0 
7f9ad0021000-7f9ad4000000 ---p 00000000 00:00 0 
7f9ad4000000-7f9ad4021000 rw-p 00000000 00:00 0 
7f9ad4021000-7f9ad8000000 ---p 00000000 00:00 0 
7f9ad80e6000-7f9ad80ea000 ---p 00000000 00:00 0 
7f9ad80ea000-7f9ad81e6000 rw-p 00000000 00:00 0 
7f9ad81e6000-7f9ad81ea000 ---p 00000000 00:00 0 
7f9ad81ea000-7f9ad82e6000 rw-p 00000000 00:00 0 
7f9ad82e6000-7f9ad82ea000 ---p 00000000 00:00 0 
7f9ad82ea000-7f9ad83e6000 rw-p 00000000 00:00 0 
7f9ad83e6000-7f9ad847f000 r--p 00000000 00:1e 1630                       /usr/lib/x86_64-linux-gnu/libstdc++.so.6.0.30
7f9ad847f000-7f9ad8580000 r-xp 00099000 00:1e 1630                       /usr/lib/x86_64-linux-gnu/libstdc++.so.6.0.30
7f9ad8580000-7f9ad85fa000 r--p 0019a000 00:1e 1630                       /usr/lib/x86_64-linux-gnu/libstdc++.so.6.0.30
7f9ad85fa000-7f9ad85fd000 rw-p 00214000 00:1e 1630                       /usr/lib/x86_64-linux-gnu/libstdc++.so.6.0.30
7f9ad85fd000-7f9ad8600000 rw-p 00000000 00:00 0 
7f9ad8600000-7f9ad8844000 r-xp 00000000 00:18 1071                       /tmp/libconscrypt_openjdk_jni-linux-x86_6417878796887560000.so (deleted)
7f9ad8844000-7f9ad8a43000 ---p 00244000 00:18 1071                       /tmp/libconscrypt_openjdk_jni-linux-x86_6417878796887560000.so (deleted)
7f9ad8a43000-7f9ad8a54000 r--p 00243000 00:18 1071                       /tmp/libconscrypt_openjdk_jni-linux-x86_6417878796887560000.so (deleted)
7f9ad8a54000-7f9ad8a57000 rw-p 00254000 00:18 1071                       /tmp/libconscrypt_openjdk_jni-linux-x86_6417878796887560000.so (deleted)
7f9ad8a57000-7f9ad8a58000 rw-p 00000000 00:00 0 
7f9ad8b44000-7f9ad8b48000 ---p 00000000 00:00 0 
7f9ad8b48000-7f9ad8c44000 rw-p 00000000 00:00 0 
7f9ad8c44000-7f9ad8c48000 ---p 00000000 00:00 0 
7f9ad8c48000-7f9ad8d44000 rw-p 00000000 00:00 0 
7f9ad8d44000-7f9ad8d48000 ---p 00000000 00:00 0 
7f9ad8d48000-7f9ad8e44000 rw-p 00000000 00:00 0 
7f9ad8e44000-7f9ad8e48000 ---p 00000000 00:00 0 
7f9ad8e48000-7f9ad8f44000 rw-p 00000000 00:00 0 
7f9ad8f44000-7f9ad8f48000 ---p 00000000 00:00 0 
7f9ad8f48000-7f9ad9044000 rw-p 00000000 00:00 0 
7f9ad9044000-7f9ad9045000 ---p 00000000 00:00 0 
7f9ad9045000-7f9ad9145000 rw-p 00000000 00:00 0 
7f9ad9145000-7f9ad9146000 ---p 00000000 00:00 0 
7f9ad9146000-7f9ad9246000 rw-p 00000000 00:00 0 
7f9ad9246000-7f9ad9247000 ---p 00000000 00:00 0 
7f9ad9247000-7f9ad9347000 rw-p 00000000 00:00 0 
7f9ad9347000-7f9ad934b000 ---p 00000000 00:00 0 
7f9ad934b000-7f9ad9447000 rw-p 00000000 00:00 0 
7f9ad9447000-7f9ad944b000 ---p 00000000 00:00 0 
7f9ad944b000-7f9ad9547000 rw-p 00000000 00:00 0 
7f9ad9547000-7f9ad954b000 ---p 00000000 00:00 0 
7f9ad954b000-7f9ad9647000 rw-p 00000000 00:00 0 
7f9ad9647000-7f9ad9715000 r-xp 00000000 00:1e 982                        /usr/lib/jvm/temurin-21-jdk-amd64/lib/libjsvml.so
7f9ad9715000-7f9ad9716000 r--p 000cd000 00:1e 982                        /usr/lib/jvm/temurin-21-jdk-amd64/lib/libjsvml.so
7f9ad9716000-7f9ad9717000 rw-p 000ce000 00:1e 982                        /usr/lib/jvm/temurin-21-jdk-amd64/lib/libjsvml.so
7f9ad9717000-7f9ad971b000 ---p 00000000 00:00 0 
7f9ad971b000-7f9ad9817000 rw-p 00000000 00:00 0 
7f9ad9817000-7f9ad981b000 ---p 00000000 00:00 0 
7f9ad981b000-7f9ad9917000 rw-p 00000000 00:00 0 
7f9ad9917000-7f9ad991b000 ---p 00000000 00:00 0 
7f9ad991b000-7f9ad9a17000 rw-p 00000000 00:00 0 
7f9ad9a17000-7f9ad9a1b000 ---p 00000000 00:00 0 
7f9ad9a1b000-7f9ad9b17000 rw-p 00000000 00:00 0 
7f9ad9b17000-7f9ad9b1b000 ---p 00000000 00:00 0 
7f9ad9b1b000-7f9ad9c17000 rw-p 00000000 00:00 0 
7f9ad9c17000-7f9ad9c1b000 ---p 00000000 00:00 0 
7f9ad9c1b000-7f9ad9d17000 rw-p 00000000 00:00 0 
7f9ad9d17000-7f9ada000000 r--p 00000000 00:1e 34                         /usr/lib/locale/locale-archive
7f9ada000000-7f9adc021000 rw-p 00000000 00:00 0 
7f9adc021000-7f9ae0000000 ---p 00000000 00:00 0 
7f9ae0000000-7f9ae0028000 rw-p 00000000 00:00 0 
7f9ae0028000-7f9ae4000000 ---p 00000000 00:00 0 
7f9ae4000000-7f9ae4021000 rw-p 00000000 00:00 0 
7f9ae4021000-7f9ae8000000 ---p 00000000 00:00 0 
7f9ae8079000-7f9ae807d000 ---p 00000000 00:00 0 
7f9ae807d000-7f9ae8179000 rw-p 00000000 00:00 0 
7f9ae8179000-7f9ae817a000 ---p 00000000 00:00 0 
7f9ae817a000-7f9ae827a000 rw-p 00000000 00:00 0 
7f9ae827a000-7f9ae827b000 ---p 00000000 00:00 0 
7f9ae827b000-7f9ae837b000 rw-p 00000000 00:00 0 
7f9ae837b000-7f9ae83fc000 rw-p 00000000 00:00 0 
7f9ae83fc000-7f9ae83fd000 ---p 00000000 00:00 0 
7f9ae83fd000-7f9ae84fd000 rw-p 00000000 00:00 0 
7f9ae84fd000-7f9ae84fe000 ---p 00000000 00:00 0 
7f9ae84fe000-7f9ae85fe000 rw-p 00000000 00:00 0 
7f9ae85fe000-7f9ae8800000 rw-p 00000000 00:00 0 
7f9ae8800000-7f9ae9480000 rwxp 00000000 00:00 0 
7f9ae9480000-7f9aefd37000 ---p 00000000 00:00 0 
7f9aefd37000-7f9aeffe7000 rwxp 00000000 00:00 0 
7f9aeffe7000-7f9af02c8000 ---p 00000000 00:00 0 
7f9af02c8000-7f9af06f8000 rwxp 00000000 00:00 0 
7f9af06f8000-7f9af7800000 ---p 00000000 00:00 0 
7f9af7817000-7f9af781e000 r--s 00000000 00:1e 36                         /usr/lib/x86_64-linux-gnu/gconv/gconv-modules.cache
7f9af781e000-7f9af7826000 rw-s 00000000 00:18 1389                       /tmp/robolectric-TrainViewModelTest_addCustomExercise_insertsExerciseRowWhenNameIsNew6477525691990135152/com.apexfit.app-dataDir/databases/apex_fit_database-shm
7f9af7826000-7f9af7829000 r--p 00000000 00:1e 135                        /usr/lib/x86_64-linux-gnu/libgcc_s.so.1
7f9af7829000-7f9af7840000 r-xp 00003000 00:1e 135                        /usr/lib/x86_64-linux-gnu/libgcc_s.so.1
7f9af7840000-7f9af7844000 r--p 0001a000 00:1e 135                        /usr/lib/x86_64-linux-gnu/libgcc_s.so.1
7f9af7844000-7f9af7845000 r--p 0001d000 00:1e 135                        /usr/lib/x86_64-linux-gnu/libgcc_s.so.1
7f9af7845000-7f9af7846000 rw-p 0001e000 00:1e 135                        /usr/lib/x86_64-linux-gnu/libgcc_s.so.1
7f9af7846000-7f9af7853000 r-xp 00000000 00:1e 1643                       /usr/lib/jvm/temurin-21-jdk-amd64/lib/libverify.so
7f9af7853000-7f9af7855000 r--p 0000c000 00:1e 1643                       /usr/lib/jvm/temurin-21-jdk-amd64/lib/libverify.so
7f9af7855000-7f9af7856000 rw-p 0000e000 00:1e 1643                       /usr/lib/jvm/temurin-21-jdk-amd64/lib/libverify.so
7f9af7856000-7f9b00000000 r--s 00000000 00:1e 976                        /usr/lib/jvm/temurin-21-jdk-amd64/lib/modules
7f9b00000000-7f9b00a55000 rw-p 00000000 00:00 0 
7f9b00a55000-7f9b04000000 ---p 00000000 00:00 0 
7f9b04004000-7f9b0400c000 rw-s 00000000 00:18 1387                       /tmp/robolectric-TrainViewModelTest_addCustomExercise_insertsExerciseRowWhenNameIsNew6477525691990135152/com.apexfit.app-dataDir/no_backup/androidx.work.workdb-shm
7f9b0400c000-7f9b04027000 r-xp 00000000 00:1e 983                        /usr/lib/jvm/temurin-21-jdk-amd64/lib/libzip.so
7f9b04027000-7f9b04028000 r--p 0001a000 00:1e 983                        /usr/lib/jvm/temurin-21-jdk-amd64/lib/libzip.so
7f9b04028000-7f9b04029000 rw-p 0001b000 00:1e 983                        /usr/lib/jvm/temurin-21-jdk-amd64/lib/libzip.so
7f9b04029000-7f9b04035000 r-xp 00000000 00:1e 985                        /usr/lib/jvm/temurin-21-jdk-amd64/lib/libnet.so
7f9b04035000-7f9b04036000 r--p 0000b000 00:1e 985                        /usr/lib/jvm/temurin-21-jdk-amd64/lib/libnet.so
7f9b04036000-7f9b04037000 rw-p 0000c000 00:1e 985                        /usr/lib/jvm/temurin-21-jdk-amd64/lib/libnet.so
7f9b04037000-7f9b0404b000 r-xp 00000000 00:1e 984                        /usr/lib/jvm/temurin-21-jdk-amd64/lib/libnio.so
7f9b0404b000-7f9b0404c000 r--p 00013000 00:1e 984                        /usr/lib/jvm/temurin-21-jdk-amd64/lib/libnio.so
7f9b0404c000-7f9b0404d000 rw-p 00014000 00:1e 984                        /usr/lib/jvm/temurin-21-jdk-amd64/lib/libnio.so
7f9b0404d000-7f9b042eb000 rw-p 00000000 00:00 0 
7f9b042eb000-7f9b042ec000 ---p 00000000 00:00 0 
7f9b042ec000-7f9b043ec000 rw-p 00000000 00:00 0 
7f9b043ec000-7f9b043ed000 ---p 00000000 00:00 0 
7f9b043ed000-7f9b044ed000 rw-p 00000000 00:00 0 
7f9b044ed000-7f9b044ee000 ---p 00000000 00:00 0 
7f9b044ee000-7f9b045ee000 rw-p 00000000 00:00 0 
7f9b045ee000-7f9b04814000 rw-p 00000000 00:00 0 
7f9b04814000-7f9b04878000 ---p 00000000 00:00 0 
7f9b04878000-7f9b04894000 rw-p 00000000 00:00 0 
7f9b04894000-7f9b048f8000 ---p 00000000 00:00 0 
7f9b048f8000-7f9b04900000 rw-p 00000000 00:00 0 
7f9b04900000-7f9b04dcc000 ---p 00000000 00:00 0 
7f9b04dcc000-7f9b04e00000 rw-p 00000000 00:00 0 
7f9b04e04000-7f9b04e06000 r-xp 00000000 00:1e 1637                       /usr/lib/jvm/temurin-21-jdk-amd64/lib/libextnet.so
7f9b04e06000-7f9b04e07000 r--p 00001000 00:1e 1637                       /usr/lib/jvm/temurin-21-jdk-amd64/lib/libextnet.so
7f9b04e07000-7f9b04e08000 rw-p 00002000 00:1e 1637                       /usr/lib/jvm/temurin-21-jdk-amd64/lib/libextnet.so
7f9b04e08000-7f9b04e4b000 rw-p 00000000 00:00 0 
7f9b04e4b000-7f9b04e57000 ---p 00000000 00:00 0 
7f9b04e57000-7f9b04e5b000 rw-p 00000000 00:00 0 
7f9b04e5b000-7f9b04e67000 ---p 00000000 00:00 0 
7f9b04e67000-7f9b04e68000 rw-p 00000000 00:00 0 
7f9b04e68000-7f9b04f01000 ---p 00000000 00:00 0 
7f9b04f01000-7f9b04f4b000 rw-p 00000000 00:00 0 
7f9b04f4b000-7f9b04f57000 ---p 00000000 00:00 0 
7f9b04f57000-7f9b04f5b000 rw-p 00000000 00:00 0 
7f9b04f5b000-7f9b04f67000 ---p 00000000 00:00 0 
7f9b04f67000-7f9b04f68000 rw-p 00000000 00:00 0 
7f9b04f68000-7f9b05001000 ---p 00000000 00:00 0 
7f9b05001000-7f9b05415000 rw-p 00000000 00:00 0 
7f9b05415000-7f9b054f7000 ---p 00000000 00:00 0 
7f9b054f7000-7f9b05510000 rw-p 00000000 00:00 0 
7f9b05510000-7f9b055e2000 ---p 00000000 00:00 0 
7f9b055e2000-7f9b055e8000 rw-p 00000000 00:00 0 
7f9b055e8000-7f9b055ee000 ---p 00000000 00:00 0 
7f9b055ee000-7f9b0560f000 r-xp 00000000 00:1e 971                        /usr/lib/jvm/temurin-21-jdk-amd64/lib/libjava.so
7f9b0560f000-7f9b05610000 r--p 00020000 00:1e 971                        /usr/lib/jvm/temurin-21-jdk-amd64/lib/libjava.so
7f9b05610000-7f9b05611000 rw-p 00021000 00:1e 971                        /usr/lib/jvm/temurin-21-jdk-amd64/lib/libjava.so
7f9b05611000-7f9b05612000 rw-p 00000000 00:00 0 
7f9b05612000-7f9b0561a000 rw-s 00000000 00:18 1068                       /tmp/hsperfdata_root/1140
7f9b0561a000-7f9b05635000 r-xp 00000000 00:1e 977                        /usr/lib/jvm/temurin-21-jdk-amd64/lib/libjimage.so
7f9b05635000-7f9b05636000 ---p 0001b000 00:1e 977                        /usr/lib/jvm/temurin-21-jdk-amd64/lib/libjimage.so
7f9b05636000-7f9b05638000 r--p 0001b000 00:1e 977                        /usr/lib/jvm/temurin-21-jdk-amd64/lib/libjimage.so
7f9b05638000-7f9b05639000 rw-p 0001d000 00:1e 977                        /usr/lib/jvm/temurin-21-jdk-amd64/lib/libjimage.so
7f9b05639000-7f9b0563d000 ---p 00000000 00:00 0 
7f9b0563d000-7f9b05739000 rw-p 00000000 00:00 0 
7f9b05739000-7f9b05749000 r--p 00000000 00:1e 132                        /usr/lib/x86_64-linux-gnu/libm.so.6
7f9b05749000-7f9b057bd000 r-xp 00010000 00:1e 132                        /usr/lib/x86_64-linux-gnu/libm.so.6
7f9b057bd000-7f9b05817000 r--p 00084000 00:1e 132                        /usr/lib/x86_64-linux-gnu/libm.so.6
7f9b05817000-7f9b05818000 r--p 000dd000 00:1e 132                        /usr/lib/x86_64-linux-gnu/libm.so.6
7f9b05818000-7f9b05819000 rw-p 000de000 00:1e 132                        /usr/lib/x86_64-linux-gnu/libm.so.6
7f9b05819000-7f9b0581a000 r--p 00000000 00:1e 975                        /usr/lib/x86_64-linux-gnu/librt.so.1
7f9b0581a000-7f9b0581b000 r-xp 00001000 00:1e 975                        /usr/lib/x86_64-linux-gnu/librt.so.1
7f9b0581b000-7f9b0581c000 r--p 00002000 00:1e 975                        /usr/lib/x86_64-linux-gnu/librt.so.1
7f9b0581c000-7f9b0581d000 r--p 00002000 00:1e 975                        /usr/lib/x86_64-linux-gnu/librt.so.1
7f9b0581d000-7f9b0581e000 rw-p 00003000 00:1e 975                        /usr/lib/x86_64-linux-gnu/librt.so.1
7f9b0581e000-7f9b06c58000 r-xp 00000000 00:1e 974                        /usr/lib/jvm/temurin-21-jdk-amd64/lib/server/libjvm.so
7f9b06c58000-7f9b06d2d000 r--p 01439000 00:1e 974                        /usr/lib/jvm/temurin-21-jdk-amd64/lib/server/libjvm.so
7f9b06d2d000-7f9b06d5d000 rw-p 0150e000 00:1e 974                        /usr/lib/jvm/temurin-21-jdk-amd64/lib/server/libjvm.so
7f9b06d5d000-7f9b06dc5000 rw-p 00000000 00:00 0 
7f9b06dc5000-7f9b06deb000 r--p 00000000 00:1e 28                         /usr/lib/x86_64-linux-gnu/libc.so.6
7f9b06deb000-7f9b06f41000 r-xp 00026000 00:1e 28                         /usr/lib/x86_64-linux-gnu/libc.so.6
7f9b06f41000-7f9b06f98000 r--p 0017c000 00:1e 28                         /usr/lib/x86_64-linux-gnu/libc.so.6
7f9b06f98000-7f9b06f9a000 rw-p 001d3000 00:1e 28                         /usr/lib/x86_64-linux-gnu/libc.so.6
7f9b06f9a000-7f9b06fa7000 rw-p 00000000 00:00 0 
7f9b06fa7000-7f9b06fa8000 r--p 00000000 00:1e 968                        /usr/lib/x86_64-linux-gnu/libdl.so.2
7f9b06fa8000-7f9b06fa9000 r-xp 00001000 00:1e 968                        /usr/lib/x86_64-linux-gnu/libdl.so.2
7f9b06fa9000-7f9b06faa000 r--p 00002000 00:1e 968                        /usr/lib/x86_64-linux-gnu/libdl.so.2
7f9b06faa000-7f9b06fab000 r--p 00002000 00:1e 968                        /usr/lib/x86_64-linux-gnu/libdl.so.2
7f9b06fab000-7f9b06fac000 rw-p 00003000 00:1e 968                        /usr/lib/x86_64-linux-gnu/libdl.so.2
7f9b06fac000-7f9b06fad000 r--p 00000000 00:1e 967                        /usr/lib/x86_64-linux-gnu/libpthread.so.0
7f9b06fad000-7f9b06fae000 r-xp 00001000 00:1e 967                        /usr/lib/x86_64-linux-gnu/libpthread.so.0
7f9b06fae000-7f9b06faf000 r--p 00002000 00:1e 967                        /usr/lib/x86_64-linux-gnu/libpthread.so.0
7f9b06faf000-7f9b06fb0000 r--p 00002000 00:1e 967                        /usr/lib/x86_64-linux-gnu/libpthread.so.0
7f9b06fb0000-7f9b06fb1000 rw-p 00003000 00:1e 967                        /usr/lib/x86_64-linux-gnu/libpthread.so.0
7f9b06fb1000-7f9b06fb2000 ---p 00000000 00:00 0 
7f9b06fb2000-7f9b06fb3000 r--p 00000000 00:00 0 
7f9b06fb3000-7f9b06fb4000 ---p 00000000 00:00 0 
7f9b06fb4000-7f9b06fcd000 r-xp 00000000 00:1e 966                        /usr/lib/jvm/temurin-21-jdk-amd64/lib/libjli.so
7f9b06fcd000-7f9b06fce000 r--p 00018000 00:1e 966                        /usr/lib/jvm/temurin-21-jdk-amd64/lib/libjli.so
7f9b06fce000-7f9b06fcf000 rw-p 00019000 00:1e 966                        /usr/lib/jvm/temurin-21-jdk-amd64/lib/libjli.so
7f9b06fcf000-7f9b06fd1000 rw-p 00000000 00:00 0 
7f9b06fd1000-7f9b06fd2000 r--p 00000000 00:00 0                          [vvar]
7f9b06fd2000-7f9b06fd4000 r-xp 00000000 00:00 0 
7f9b06fd4000-7f9b06fd5000 r--p 00000000 00:1e 26                         /usr/lib/x86_64-linux-gnu/ld-linux-x86-64.so.2
7f9b06fd5000-7f9b06ffb000 r-xp 00001000 00:1e 26                         /usr/lib/x86_64-linux-gnu/ld-linux-x86-64.so.2
7f9b06ffb000-7f9b07007000 r--p 00027000 00:1e 26                         /usr/lib/x86_64-linux-gnu/ld-linux-x86-64.so.2
7f9b07007000-7f9b07009000 rw-p 00033000 00:1e 26                         /usr/lib/x86_64-linux-gnu/ld-linux-x86-64.so.2
ffffffffff600000-ffffffffff601000 r-xp 00000000 00:00 0                  [vsyscall]
Total number of mappings: 299

JVMTI agents: none


VM Arguments:
jvm_args: -Djava.awt.headless=true -Djava.library.path=/usr/java/packages/lib:/usr/lib64:/lib64:/lib:/usr/lib:/app/applet/app/src/testDebug/jniLibs:/app/applet/app/src/test/jniLibs -Dorg.gradle.internal.worker.tmpdir=/app/applet/app/build/tmp/testDebugUnitTest/work --add-opens=java.base/java.io=ALL-UNNAMED -Xmx512m -Dfile.encoding=UTF-8 -Duser.country=US -Duser.language=en -Duser.variant -ea 
java_command: worker.org.gradle.process.internal.worker.GradleWorkerMain 'Gradle Test Executor 3'
java_class_path (initial): /opt/gradle/.gradle/caches/9.3.1/workerMain/gradle-worker.jar:/app/applet/app/build/intermediates/unit_test_config_directory/debugUnitTest/generateDebugUnitTestConfig/out:/app/applet/app/build/intermediates/built_in_kotlinc/debugUnitTest/compileDebugUnitTestKotlin/classes:/app/applet/app/build/intermediates/java_res/debugUnitTest/processDebugUnitTestJavaRes/out:/app/applet/app/build/intermediates/runtime_app_classes_jar/debug/bundleDebugClassesToRuntimeJar/classes.jar:/opt/gradle/.gradle/caches/9.3.1/transforms/7298fd6f35a95198603091ae626ebe06/transformed/navigation-common-2.8.9-runtime.jar:/opt/gradle/.gradle/caches/9.3.1/transforms/2db9023c3bbe3e3284582a8e3ae415eb/transformed/navigation-runtime-2.8.9-runtime.jar:/opt/gradle/.gradle/caches/9.3.1/transforms/467dc25c1aecf1abb915788ebc0e092f/transformed/navigation-common-ktx-2.8.9-runtime.jar:/opt/gradle/.gradle/caches/9.3.1/transforms/e25b602a751e85b3ba2c5efb50cc9c80/transformed/navigation-runtime-ktx-2.8.9-runtime.jar:/opt/gradle/.gradle/caches/9.3.1/transforms/c16c501cef790e804c9a24bebb0d6a0d/transformed/navigation-compose-2.8.9-runtime.jar:/opt/gradle/.gradle/caches/9.3.1/transforms/4d0fac7f1d417d7ea6fe1b0df2553f24/transformed/ui-test-junit4-release-runtime.jar:/opt/gradle/.gradle/caches/9.3.1/transforms/b44ebeb961dcbff503caf1b9b213203f/transformed/activity-1.10.1-runtime.jar:/opt/gradle/.gradle/caches/9.3.1/transforms/78575ff6774a2494fae9347a4390643c/transformed/activity-ktx-1.10.1-runtime.jar:/opt/gradle/.gradle/caches/9.3.1/transforms/32abdae2a09bb98a59b3499dd25ba083/transformed/material3-release-runtime.jar:/opt/gradle/.gradle/caches/9.3.1/transforms/02156647f000cf7fde5d2ab11dd59568/transformed/material-release-runtime.jar:/opt/gradle/.gradle/caches/9.3.1/transforms/b55c0306f09a01acfa1d593b8a064dbd/transformed/material-ripple-runtime.jar:/opt/gradle/.gradle/caches/9.3.1/transforms/671f2685cf1e5a947ce9a322e435364a/transformed/foundation-release-runtime.jar:/opt/gradle/.gradle/caches/9.3.1/transforms/d2e53db4b0a5ef36b399348e36e49cee/transformed/foundation-layout-release-runtime.jar:/opt/gradle/.gradle/caches/9.3.1/transforms/0bf7486ef5e45396d1efe1eae7e32c4c/transformed/animation-core-release-runtime.jar:/opt/gradle/.gradle/caches/9.3.1/transforms/3c7682ba52a865425b08fbb3b701c9d1/transformed/animation-runtime.jar:/opt/gradle/.gradle/caches/9.3.1/transforms/6e84d87f0437c6feb5a3d24f8b533418/transformed/ui-tooling-data-runtime.jar:/opt/gradle/.gradle/caches/9.3.1/transforms/e7d1d18570e66672cec45afa31b81401/transformed/ui-test-release-runtime.jar:/opt/gradle/.gradle/caches/9.3.1/transforms/de8e7d037baadda08199fa9d4eb6c0c5/transformed/ui-unit-release-runtime.jar:/opt/gradle/.gradle/caches/9.3.1/transforms/f4b0973e2cfeb29397f4a64a089941fa/transformed/ui-geometry-runtime.jar:/opt/gradle/.gradle/caches/9.3.1/transforms/24532feb46bee6b8fcf59d6533cf06bc/transformed/ui-util-release-runtime.jar:/opt/gradle/.gradle/caches/9.3.1/transforms/002fb431764c328d2aa99537e25a9496/transformed/ui-text-release-runtime.jar:/opt/gradle/.gradle/caches/9.3.1/transforms/596ebadcf58c49aa1a582f6b61d2a9a8/transformed/ui-tooling-preview-runtime.jar:/opt/gradle/.gradle/caches/9.3.1/transforms/f32f6feda98d3e2aa942a06d08899c1b/transformed/ui-graphics-release-runtime.jar:/opt/gradle/.gradle/caches/9.3.1/transforms/e4586474e02e9810650f9932d5a7bd56/transformed/ui-tooling-release-runtime.jar:/opt/gradle/.gradle/caches/9.3.1/transforms/80b0d86055237b08313a21c7fbbffc2a/transformed/activity-compose-1.10.1-runtime.jar:/opt/gradle/.gradle/caches/9.3.1/transforms/389e778263e4862dd6468184ec2bad0e/transformed/work-runtime-ktx-2.9.1-runtime.jar:/opt/gradle/.gradle/caches/9.3.1/transforms/16a5768e7ad7b8e5bfeb870d9c6490cb/transformed/work-runtime-2.9.1-runtime.jar:/opt/gradle/.gradle/caches/9.3.1/transforms/8f868998026a9bd8a19601a9004f846c/transformed/customview-poolingcontainer-1.0.0-runtime.jar:/opt/gradle/.gradle/caches/9.3.1/transforms/0bb8b0ae779fc702f64ff71a68fbce8f/transformed/core-ktx-1.18.0-runtime.jar:/opt/gradle/.gradle/caches/9.3.1/transforms/3a1812f9143c30c7c46c261fbc2a367f/transformed/autofill-1.0.0-runtime.jar:/opt/gradle/.gradle/caches/9.3.1/transforms/f8d726a3b50af54369348c2aee523304/transformed/graphics-path-1.0.1-runtime.jar:/opt/gradle/.gradle/caches/9.3.1/transforms/8f9df5d3597abbe7089dbe4722a2173c/transformed/emoji2-1.4.0-runtime.jar:/opt/gradle/.gradle/caches/9.3.1/transforms/5b9b1894b927e44b418a663cdd0375bf/transformed/core-1.18.0-runtime.jar:/opt/gradle/.gradle/caches/9.3.1/transforms/96721d9e8180a4055d887bd2ab1a2cbb/transformed/junit-1.3.0-runtime.jar:/opt/gradle/.gradle/caches/9.3.1/transforms/3fe306e184e5854f19b7004e2463131c/transformed/espresso-core-3.5.0-runtime.jar:/opt/gradle/.gradle/caches/9.3.1/transforms/cb96a0d62c63d0af328e5ac24b9bea3a/transformed/core-1.7.0-runtime.jar:/opt/gradle/.gradle/caches/9.3.1/transforms/9f79cae7cd1cf1b137dd55ce890b2b6e/transformed/savedstate-ktx-1.2.1-runtime.jar:/opt/gradle/.gradle/caches/9.3.1/transforms/4fca0e42575a1631a9859f703f78bcad/transformed/savedstate-1.2.1-runtime.jar:/opt/gradle/.gradle/caches/9.3.1/transforms/f2f8f98d255e78bb9fa269f3d58f32f1/transformed/lifecycle-process-2.8.7-runtime.jar:/opt/gradle/.gradle/caches/9.3.1/transforms/886236e6b07cff776197313084b482bd/transformed/lifecycle-livedata-core-ktx-2.8.7-runtime.jar:/opt/gradle/.gradle/caches/9.3.1/transforms/0769a4df05547301c163f0f5d551e71c/transformed/lifecycle-livedata-core-2.8.7-runtime.jar:/opt/gradle/.gradle/caches/9.3.1/transforms/44a226b432cf8279367daf25e75c3bf0/transformed/lifecycle-viewmodel-release-runtime.jar:/opt/gradle/.gradle/caches/modules-2/files-2.1/androidx.lifecycle/lifecycle-common-jvm/2.8.7/7174a594afb73a9ad9ac9074ce78b94af3cc52a7/lifecycle-common-jvm-2.8.7.jar:/opt/gradle/.gradle/caches/9.3.1/transforms/551d9488a1e1c875b3b2be74e0cb6cbd/transformed/lifecycle-runtime-release-runtime.jar:/opt/gradle/.gradle/caches/modules-2/files-2.1/androidx.lifecycle/lifecycle-common-java8/2.8.7/2ad14aed781c4a73ed4dbb421966d408a0a06686/lifecycle-common-java8-2.8.7.jar:/opt/gradle/.gradle/caches/9.3.1/transforms/c6fee3e8b9dbf972233ccd5ccb27fc1a/transformed/lifecycle-service-2.8.7-runtime.jar:/opt/gradle/.gradle/caches/9.3.1/transforms/77ec520704229b08721fa4fd0a24eead/transformed/lifecycle-livedata-2.8.7-runtime.jar:/opt/gradle/.gradle/caches/9.3.1/transforms/08fd051ce338ab1f0eb58398e909b3c6/transformed/lifecycle-viewmodel-savedstate-2.8.7-runtime.jar:/opt/gradle/.gradle/caches/9.3.1/transforms/1b37be39024cdccb0a24e6c5e6a26a5b/transformed/lifecycle-viewmodel-ktx-2.8.7-runtime.jar:/opt/gradle/.gradle/caches/9.3.1/transforms/fff13446c9707e0278dd26bfa319e228/transformed/lifecycle-runtime-ktx-release-runtime.jar:/opt/gradle/.gradle/caches/9.3.1/transforms/4b70b06406bf7d1c8aace7b5c77cc4f7/transformed/lifecycle-runtime-compose-release-runtime.jar:/opt/gradle/.gradle/caches/9.3.1/transforms/38ec8ffcd707fd107de5ced1ea1abb87/transformed/lifecycle-viewmodel-compose-release-runtime.jar:/opt/gradle/.gradle/caches/9.3.1/transforms/3584fb3c5d1e7d63eb1a945eb3490f25/transformed/material-icons-extended-release-runtime.jar:/opt/gradle/.gradle/caches/9.3.1/transforms/994a7459f6a46a5feca6298c24d13fa2/transformed/material-icons-core-release-runtime.jar:/opt/gradle/.gradle/caches/9.3.1/transforms/05aea88f1e59422fa55216105aae4784/transformed/ui-release-runtime.jar:/opt/gradle/.gradle/caches/9.3.1/transforms/e9a478afb0862bbb83580bffe750fbb8/transformed/ui-test-manifest-1.8.0-runtime.jar:/opt/gradle/.gradle/caches/modules-2/files-2.1/androidx.room/room-migration-jvm/2.7.0/6ea2d9759a174cf3633c585129395617c10541f6/room-migration-jvm-2.7.0.jar:/opt/gradle/.gradle/caches/modules-2/files-2.1/androidx.room/room-common-jvm/2.7.0/46a9845444d0b849131baeb85bfe4051828261ad/room-common-jvm-2.7.0.jar:/opt/gradle/.gradle/caches/9.3.1/transforms/e19960190434e84ac831b0a2f2477883/transformed/room-runtime-release-runtime.jar:/opt/gradle/.gradle/caches/9.3.1/transforms/2257d94a8ad0f172dda982132e93fef2/transformed/room-ktx-2.7.0-runtime.jar:/opt/gradle/.gradle/caches/9.3.1/transforms/7ada992e1ec8101c657b69d64a76c1e6/transformed/room-testing-release-runtime.jar:/opt/gradle/.gradle/caches/9.3.1/transforms/10348b4517273ff871e866ba595893d0/transformed/runner-1.5.0-runtime.jar:/opt/gradle/.gradle/caches/modules-2/files-2.1/junit/junit/4.13.2/8ac9e16d933b6fb43bc7f576336b8f4d7eb5ba12/junit-4.13.2.jar:/opt/gradle/.gradle/caches/9.3.1/transforms/a0cd144f360676a42b8011948be7e381/transformed/runtime-saveable-release-runtime.jar:/opt/gradle/.gradle/caches/9.3.1/transforms/83cc16af696752d4b45c87be0d7dc31d/transformed/runtime-release-runtime.jar:/opt/gradle/.gradle/caches/modules-2/files-2.1/org.jetbrains.kotlinx/kotlinx-coroutines-android/1.10.2/c8705d275d81f19e8afaf3ff9b5bf7a4b6b6c19b/kotlinx-coroutines-android-1.10.2.jar:/opt/gradle/.gradle/caches/modules-2/files-2.1/org.jetbrains.kotlinx/kotlinx-coroutines-test-jvm/1.10.2/deb87732ba15dc455f08af4b120fca0d96d6cb5f/kotlinx-coroutines-test-jvm-1.10.2.jar:/opt/gradle/.gradle/caches/modules-2/files-2.1/androidx.datastore/datastore-preferences-external-protobuf/1.1.7/ddd0a2d64e3c928359c993d1291e535d5d7fc9a3/datastore-preferences-external-protobuf-1.1.7.jar:/opt/gradle/.gradle/caches/modules-2/files-2.1/androidx.datastore/datastore-core-okio-jvm/1.1.7/ce08f132812044a9778547b299fd812e34dbd602/datastore-core-okio-jvm-1.1.7.jar:/opt/gradle/.gradle/caches/9.3.1/transforms/dc7e2cf3569042083d51f34bbd74786a/transformed/datastore-core-release-runtime.jar:/opt/gradle/.gradle/caches/modules-2/files-2.1/androidx.datastore/datastore-preferences-proto/1.1.7/6d7430ed8d2b5f2b8675dad8d196ba5dd710921b/datastore-preferences-proto-1.1.7.jar:/opt/gradle/.gradle/caches/9.3.1/transforms/bd09e0969940ee6d750f3888aa73be29/transformed/datastore-preferences-core-release-runtime.jar:/opt/gradle/.gradle/caches/9.3.1/transforms/14a6bd9e8a3cbdd098f7a7ff8cdc3620/transformed/datastore-release-runtime.jar:/opt/gradle/.gradle/caches/9.3.1/transforms/ce7c1eb1df705fc58562eb0a4406269f/transformed/datastore-preferences-release-runtime.jar:/opt/gradle/.gradle/caches/9.3.1/transforms/6e925e0e6add42c4fd556ea0333ec52e/transformed/profileinstaller-1.4.0-runtime.jar:/opt/gradle/.gradle/caches/modules-2/files-2.1/androidx.concurrent/concurrent-futures/1.2.0/6a1dfd69226e148898410721f4b14315343d1429/concurrent-futures-1.2.0.jar:/opt/gradle/.gradle/caches/modules-2/files-2.1/androidx.concurrent/concurrent-futures-ktx/1.2.0/13b49fdb58c74bdfb12eb131b5e22d6d09683e30/concurrent-futures-ktx-1.2.0.jar:/opt/gradle/.gradle/caches/modules-2/files-2.1/org.jetbrains.kotlinx/kotlinx-coroutines-core-jvm/1.10.2/4a9f78ef49483748e2c129f3d124b8fa249dafbf/kotlinx-coroutines-core-jvm-1.10.2.jar:/opt/gradle/.gradle/caches/modules-2/files-2.1/org.robolectric/robolectric/4.16.1/23d7214ddb0d3e430533cd94ae8df0deef81321c/robolectric-4.16.1.jar:/opt/gradle/.gradle/caches/9.3.1/transforms/b8cd95d843001e810cb682b92c47b0c4/transformed/core-splashscreen-1.0.1-runtime.jar:/opt/gradle/.gradle/caches/9.3.1/transforms/1a7690f0ec4d4acdc2e2102f6ea06fe7/transformed/storage-1.6.0-runtime.jar:/opt/gradle/.gradle/caches/modules-2/files-2.1/org.robolectric/shadows-framework/4.16.1/8de8daee97c18b7cb305df2155e09352c3f4784b/shadows-framework-4.16.1.jar:/opt/gradle/.gradle/caches/9.3.1/transforms/cf2f9582894a69b9536bf1a6c35b3c3c/transformed/monitor-1.8.0-runtime.jar:/opt/gradle/.gradle/caches/9.3.1/transforms/e18ff0c925bae4b59e6203490e498b8a/transformed/annotation-1.0.1-runtime.jar:/opt/gradle/.gradle/caches/9.3.1/transforms/7a34cafd3b318fca134e2d846926246a/transformed/annotation-experimental-1.4.1-runtime.jar:/opt/gradle/.gradle/caches/9.3.1/transforms/291b38d60ad9776225222a6be1b72112/transformed/core-viewtree-1.0.0-runtime.jar:/opt/gradle/.gradle/caches/9.3.1/transforms/7c698be184d5c5eaaea66ae7fb3a8334/transformed/sqlite-framework-release-runtime.jar:/opt/gradle/.gradle/caches/9.3.1/transforms/f415373077e6dd590bdd2ccd73f7f900/transformed/sqlite-release-runtime.jar:/opt/gradle/.gradle/caches/9.3.1/transforms/faf03027ccf3c95bb0c43a363c4423b7/transformed/versionedparcelable-1.1.1-runtime.jar:/opt/gradle/.gradle/caches/modules-2/files-2.1/androidx.collection/collection-ktx/1.5.0/27c78a926a16a1bf792b2285cf2834e8caae4a07/collection-ktx-1.5.0.jar:/opt/gradle/.gradle/caches/modules-2/files-2.1/androidx.collection/collection-jvm/1.5.0/7ba2c69414d46ebc2dd76598bdd0a75c54281a57/collection-jvm-1.5.0.jar:/opt/gradle/.gradle/caches/9.3.1/transforms/34b22bc95126e636933487e2542980cf/transformed/core-runtime-2.2.0-runtime.jar:/opt/gradle/.gradle/caches/modules-2/files-2.1/androidx.arch.core/core-common/2.2.0/5e1b8b81dfd5f52c56a8d53b18ca759c19a301f3/core-common-2.2.0.jar:/opt/gradle/.gradle/caches/9.3.1/transforms/9883f613c185b22751f66da553486d7f/transformed/startup-runtime-1.1.1-runtime.jar:/opt/gradle/.gradle/caches/9.3.1/transforms/b497117c4ea7fb9624b0e0af9ab597ca/transformed/tracing-1.2.0-runtime.jar:/opt/gradle/.gradle/caches/9.3.1/transforms/708737e11fc895f4168080ad16d55f8d/transformed/interpolator-1.0.0-runtime.jar:/opt/gradle/.gradle/caches/modules-2/files-2.1/androidx.annotation/annotation-jvm/1.9.1/b17951747e38bf3986a24431b9ba0d039958aa5f/annotation-jvm-1.9.1.jar:/opt/gradle/.gradle/caches/modules-2/files-2.1/org.jetbrains.kotlinx/kotlinx-serialization-core-jvm/1.6.3/6b6c17d0312ba7192893adea9d52959941d0119b/kotlinx-serialization-core-jvm-1.6.3.jar:/opt/gradle/.gradle/caches/modules-2/files-2.1/org.jetbrains.kotlinx/kotlinx-serialization-json-jvm/1.6.3/2241746853abf04073e3ab0dcd9e6729d363b313/kotlinx-serialization-json-jvm-1.6.3.jar:/opt/gradle/.gradle/caches/modules-2/files-2.1/org.jetbrains.kotlin/kotlin-parcelize-runtime/1.9.22/de4a21d6560cadd035c69ba3af3ad1afecc95299/kotlin-parcelize-runtime-1.9.22.jar:/opt/gradle/.gradle/caches/modules-2/files-2.1/com.squareup.okio/okio-jvm/3.4.0/4e8bd78a52ab935ce383d0092646922154295e54/okio-jvm-3.4.0.jar:/opt/gradle/.gradle/caches/modules-2/files-2.1/org.jetbrains.kotlin/kotlin-stdlib-jdk8/1.8.0/ed04f49e186a116753ad70d34f0ac2925d1d8020/kotlin-stdlib-jdk8-1.8.0.jar:/opt/gradle/.gradle/caches/modules-2/files-2.1/org.jetbrains.kotlin/kotlin-android-extensions-runtime/1.9.22/ee3bc0c3b55cb516ac92d6a093e1b939166b86a2/kotlin-android-extensions-runtime-1.9.22.jar:/opt/gradle/.gradle/caches/modules-2/files-2.1/org.jetbrains.kotlin/kotlin-stdlib-jdk7/1.8.0/3c91271347f678c239607abb676d4032a7898427/kotlin-stdlib-jdk7-1.8.0.jar:/opt/gradle/.gradle/caches/modules-2/files-2.1/org.jetbrains.kotlin/kotlin-stdlib/2.2.10/30de6faa127a4a012db8e71bf1b9c0a99b1402b2/kotlin-stdlib-2.2.10.jar:/opt/gradle/.gradle/caches/modules-2/files-2.1/com.google.code.gson/gson/2.10.1/b3add478d4382b78ea20b1671390a858002feb6c/gson-2.10.1.jar:/opt/gradle/.gradle/caches/modules-2/files-2.1/org.robolectric/junit/4.16.1/bf78ceb93a1ce6540d17c96667c718f6eb6b02a8/junit-4.16.1.jar:/opt/gradle/.gradle/caches/modules-2/files-2.1/org.robolectric/resources/4.16.1/63f17dcabdc665a4c6526065a6988ad91ce94a2e/resources-4.16.1.jar:/opt/gradle/.gradle/caches/modules-2/files-2.1/org.robolectric/sandbox/4.16.1/f07a594df898ddeff90f8ad1afbd2dc87d4adf57/sandbox-4.16.1.jar:/opt/gradle/.gradle/caches/modules-2/files-2.1/org.robolectric/utils-reflector/4.16.1/6981e76db63d2871ea686af2ebf93f8ec25377c/utils-reflector-4.16.1.jar:/opt/gradle/.gradle/caches/modules-2/files-2.1/org.robolectric/plugins-maven-dependency-resolver/4.16.1/35dcd628ea6a41f75583c7f4a0e3319b8568a03/plugins-maven-dependency-resolver-4.16.1.jar:/opt/gradle/.gradle/caches/modules-2/files-2.1/org.robolectric/nativeruntime/4.16.1/b3f40e562aec27ed2db7390ff4e34b57fab4bd32/nativeruntime-4.16.1.jar:/opt/gradle/.gradle/caches/modules-2/files-2.1/org.robolectric/shadowapi/4.16.1/67bd325ef7690b7afc58412bb8d412e0dec544dc/shadowapi-4.16.1.jar:/opt/gradle/.gradle/caches/modules-2/files-2.1/org.robolectric/utils/4.16.1/a1161904b408aae53d895b4cd5d0238cc1f0583c/utils-4.16.1.jar:/opt/gradle/.gradle/caches/modules-2/files-2.1/org.robolectric/pluginapi/4.16.1/c19231c5af0a4db96cf0f137f80ec7b598e1d4bc/pluginapi-4.16.1.jar:/opt/gradle/.gradle/caches/modules-2/files-2.1/com.google.errorprone/error_prone_annotation/2.41.0/e83c3036b7cd2eb35f713c73a743d85fecc487bf/error_prone_annotation-2.41.0.jar:/opt/gradle/.gradle/caches/modules-2/files-2.1/com.google.guava/guava/33.4.8-jre/cb7510a733595f02fe633ffff62d40cfc3056e9/guava-33.4.8-android.jar:/opt/gradle/.gradle/caches/modules-2/files-2.1/com.google.guava/listenablefuture/9999.0-empty-to-avoid-conflict-with-guava/b421526c5f297295adef1c886e5246c39d4ac629/listenablefuture-9999.0-empty-to-avoid-conflict-with-guava.jar:/opt/gradle/.gradle/caches/modules-2/files-2.1/org.hamcrest/hamcrest-integration/1.3/5de0c73fef18917cd85d0ab70bb23818685e4dfd/hamcrest-integration-1.3.jar:/opt/gradle/.gradle/caches/modules-2/files-2.1/org.hamcrest/hamcrest-library/1.3/4785a3c21320980282f9f33d0d1264a69040538f/hamcrest-library-1.3.jar:/opt/gradle/.gradle/caches/modules-2/files-2.1/org.hamcrest/hamcrest-core/1.3/42a25dc3219429f0e5d060061f71acb49bf010a0/hamcrest-core-1.3.jar:/opt/gradle/.gradle/caches/modules-2/files-2.1/org.conscrypt/conscrypt-openjdk-uber/2.5.2/d858f142ea189c62771c505a6548d8606ac098fe/conscrypt-openjdk-uber-2.5.2.jar:/opt/gradle/.gradle/caches/modules-2/files-2.1/org.yaml/snakeyaml/2.4/e0666b825b796f85521f02360e77f4c92c5a7a07/snakeyaml-2.4.jar:/opt/gradle/.gradle/caches/9.3.1/transforms/e552d817aa411be6a47a75e5eae4ab0f/transformed/espresso-idling-resource-3.7.0-runtime.jar:/opt/gradle/.gradle/caches/modules-2/files-2.1/com.google.testparameterinjector/test-parameter-injector/1.18/5da02ca88c55bab58071a33e3f5fb6cfcf5df270/test-parameter-injector-1.18.jar:/opt/gradle/.gradle/caches/modules-2/files-2.1/org.robolectric/annotations/4.16.1/59e6be87a183b4bd397d5f2088531b0cdb8b1155/annotations-4.16.1.jar:/opt/gradle/.gradle/caches/modules-2/files-2.1/javax.inject/javax.inject/1/6975da39a7040257bd51d21a231b76c915872d38/javax.inject-1.jar:/opt/gradle/.gradle/caches/modules-2/files-2.1/javax.annotation/javax.annotation-api/1.3.2/934c04d3cfef185a8008e7bf34331b79730a9d43/javax.annotation-api-1.3.2.jar:/opt/gradle/.gradle/caches/modules-2/files-2.1/org.bouncycastle/bcprov-jdk18on/1.81/d17c094daef57dbd80af71687a475aa6df7cbe54/bcprov-jdk18on-1.81.jar:/opt/gradle/.gradle/caches/modules-2/files-2.1/org.jetbrains/annotations/23.0.0/8cc20c07506ec18e0834947b84a864bfc094484e/annotations-23.0.0.jar:/opt/gradle/.gradle/caches/modules-2/files-2.1/com.google.auto.value/auto-value-annotations/1.11.0/f0d047931d07cfbc6fa4079854f181ff62891d6f/auto-value-annotations-1.11.0.jar:/opt/gradle/.gradle/caches/modules-2/files-2.1/org.ow2.asm/asm-commons/9.8/36e4d212970388e5bd2c5180292012502df461bb/asm-commons-9.8.jar:/opt/gradle/.gradle/caches/modules-2/files-2.1/org.ow2.asm/asm-tree/9.8/18419ca5b77a2f81097c741e7872e6ab8d2f40d/asm-tree-9.8.jar:/opt/gradle/.gradle/caches/modules-2/files-2.1/org.ow2.asm/asm/9.8/dc19ecb3f7889b7860697215cae99c0f9b6f6b4b/asm-9.8.jar:/opt/gradle/.gradle/caches/modules-2/files-2.1/com.almworks.sqlite4java/sqlite4java/1.0.392/d6234e08ff4e1607ff5321da2579571f05ff778d/sqlite4java-1.0.392.jar:/opt/gradle/.gradle/caches/modules-2/files-2.1/com.ibm.icu/icu4j/77.1/38693cf0b1d7362a8b726af74dc06026a7c23809/icu4j-77.1.jar:/opt/gradle/.gradle/caches/modules-2/files-2.1/org.jspecify/jspecify/1.0.0/7425a601c1c7ec76645a78d22b8c6a627edee507/jspecify-1.0.0.jar:/opt/gradle/.gradle/caches/modules-2/files-2.1/com.google.guava/failureaccess/1.0.3/aeaffd00d57023a2c947393ed251f0354f0985fc/failureaccess-1.0.3.jar:/opt/gradle/.gradle/caches/modules-2/files-2.1/com.google.errorprone/error_prone_annotations/2.36.0/227d4d4957ccc3dc5761bd897e3a0ee587e750a7/error_prone_annotations-2.36.0.jar:/opt/gradle/.gradle/caches/modules-2/files-2.1/com.google.j2objc/j2objc-annotations/3.0.0/7399e65dd7e9ff3404f4535b2f017093bdb134c7/j2objc-annotations-3.0.0.jar:/opt/gradle/.gradle/caches/modules-2/files-2.1/org.robolectric/nativeruntime-dist-compat/1.0.18/a966cdb1df961a0df69acec8f98bb10d3ebf5f66/nativeruntime-dist-compat-1.0.18.jar:/opt/gradle/.gradle/caches/modules-2/files-2.1/com.squareup/javawriter/2.1.1/67ff45d9ae02e583d0f9b3432a5ebbe05c30c966/javawriter-2.1.1.jar:/opt/gradle/.gradle/caches/modules-2/files-2.1/com.google.code.findbugs/jsr305/2.0.2/516c03b21d50a644d538de0f0369c620989cd8f0/jsr305-2.0.2.jar:/app/applet/app/build/intermediates/java_res/debug/processDebugJavaRes/out:/opt/gradle/.gradle/caches/9.3.1/transforms/71ff749a2b64a04842073419ff4cbb06/transformed/navigation-common-2.8.9/jars/classes.jar:/opt/gradle/.gradle/caches/9.3.1/transforms/87a074cc4ba52401c71a401f43e8b34d/transformed/navigation-runtime-2.8.9/jars/classes.jar:/opt/gradle/.gradle/caches/9.3.1/transforms/cb3321def43239e5011285b33703cfb4/transformed/navigation-common-ktx-2.8.9/jars/classes.jar:/opt/gradle/.gradle/caches/9.3.1/transforms/69d918c59f924178a4f26a39181644b9/transformed/navigation-runtime-ktx-2.8.9/jars/classes.jar:/opt/gradle/.gradle/caches/9.3.1/transforms/a1e2f2832c4cf27499a65c1826a890a7/transformed/navigation-compose-2.8.9/jars/classes.jar:/opt/gradle/.gradle/caches/9.3.1/transforms/03880d2ce080d398510a95d57e01fad3/transformed/ui-test-junit4-release/jars/classes.jar:/opt/gradle/.gradle/caches/9.3.1/transforms/ddbc95e4e7a0959342d51e398632d327/transformed/activity-1.10.1/jars/classes.jar:/opt/gradle/.gradle/caches/9.3.1/transforms/d1714fce2f082650a6696920fd3caa91/transformed/activity-ktx-1.10.1/jars/classes.jar:/opt/gradle/.gradle/caches/9.3.1/transforms/e72ded074d8688b6c2661e805d946815/transformed/material3-release/jars/classes.jar:/opt/gradle/.gradle/caches/9.3.1/transforms/3589f07397b43467554d66ca9c945e5b/transformed/material-release/jars/classes.jar:/opt/gradle/.gradle/caches/9.3.1/transforms/d32d6c305375e36292da752cce890cb2/transformed/material-ripple/jars/classes.jar:/opt/gradle/.gradle/caches/9.3.1/transforms/3c119bc55c6e0fce5186121ecb0eba25/transformed/foundation-release/jars/classes.jar:/opt/gradle/.gradle/caches/9.3.1/transforms/2808e201b31ca15d0877e296198f6c96/transformed/foundation-layout-release/jars/classes.jar:/opt/gradle/.gradle/caches/9.3.1/transforms/0bacdd0ec00387375c7e5254dba8a258/transformed/animation-core-release/jars/classes.jar:/opt/gradle/.gradle/caches/9.3.1/transforms/0475eaf2995264ed5d4994507f9945be/transformed/animation/jars/classes.jar:/opt/gradle/.gradle/caches/9.3.1/transforms/1a450dfc1eda5560f92d8c04f1053348/transformed/ui-tooling-data/jars/classes.jar:/opt/gradle/.gradle/caches/9.3.1/transforms/ec3b63b344f3638a88d8817c7430dbe5/transformed/ui-test-release/jars/classes.jar:/opt/gradle/.gradle/caches/9.3.1/transforms/cd07fead45f50b3e00390df0c665689b/transformed/ui-unit-release/jars/classes.jar:/opt/gradle/.gradle/caches/9.3.1/transforms/74d75eaf3d205f08c9538b3323583d8c/transformed/ui-geometry/jars/classes.jar:/opt/gradle/.gradle/caches/9.3.1/transforms/e4a4ca94c5e6ad8dec96df5ec4bb9ae1/transformed/ui-util-release/jars/classes.jar:/opt/gradle/.gradle/caches/9.3.1/transforms/4ed0d413dacc9285d591ed6a595ffb3d/transformed/ui-text-release/jars/classes.jar:/opt/gradle/.gradle/caches/9.3.1/transforms/d3d162c0f3d9fdd2163e36e0d3d2d3a0/transformed/ui-tooling-preview/jars/classes.jar:/opt/gradle/.gradle/caches/9.3.1/transforms/1d9c33377f55fac1d2c860ee32050c5e/transformed/ui-graphics-release/jars/classes.jar:/opt/gradle/.gradle/caches/9.3.1/transforms/1bccbb604237aea6439acd6ac64f9974/transformed/ui-tooling-release/jars/classes.jar:/opt/gradle/.gradle/caches/9.3.1/transforms/326dc125eece3ab501ed6dc1843c95ea/transformed/activity-compose-1.10.1/jars/classes.jar:/opt/gradle/.gradle/caches/9.3.1/transforms/289c71becd429ca7184d8b9487fd62c0/transformed/work-runtime-ktx-2.9.1/jars/classes.jar:/opt/gradle/.gradle/caches/9.3.1/transforms/7bd15220579f6fcc9e77fe2006e6315e/transformed/work-runtime-2.9.1/jars/classes.jar:/opt/gradle/.gradle/caches/9.3.1/transforms/6a4ec91945314e5eb81ac0042d2b839f/transformed/customview-poolingcontainer-1.0.0/jars/classes.jar:/opt/gradle/.gradle/caches/9.3.1/transforms/a43909252a3af89520556ad2f2f34f80/transformed/core-ktx-1.18.0/jars/classes.jar:/opt/gradle/.gradle/caches/9.3.1/transforms/2975ad87d8b15ba608b213da5b85766d/transformed/autofill-1.0.0/jars/classes.jar:/opt/gradle/.gradle/caches/9.3.1/transforms/bbc7d8244b90058a029de9aa58bcf6dc/transformed/graphics-path-1.0.1/jars/classes.jar:/opt/gradle/.gradle/caches/9.3.1/transforms/ee095149f9b7e62f319056a2b3ab5d8f/transformed/emoji2-1.4.0/jars/classes.jar:/opt/gradle/.gradle/caches/9.3.1/transforms/ee095149f9b7e62f319056a2b3ab5d8f/transformed/emoji2-1.4.0/jars/libs/repackaged.jar:/opt/gradle/.gradle/caches/9.3.1/transforms/f7e16338296c22a062a66d37291d7e60/transformed/core-1.18.0/jars/classes.jar:/opt/gradle/.gradle/caches/9.3.1/transforms/7a16f680cf913ec018cf110d925e49ab/transformed/junit-1.3.0/jars/classes.jar:/opt/gradle/.gradle/caches/9.3.1/transforms/26f2ae3f2380ef2267be60e658d38883/transformed/espresso-core-3.5.0/jars/classes.jar:/opt/gradle/.gradle/caches/9.3.1/transforms/8bb98aa0f1482c3560d4ec8e95d5d6ba/transformed/core-1.7.0/jars/classes.jar:/opt/gradle/.gradle/caches/9.3.1/transforms/810be5318efc6188636258d952da6fc2/transformed/savedstate-ktx-1.2.1/jars/classes.jar:/opt/gradle/.gradle/caches/9.3.1/transforms/bf1bc3c5a3f38b239c994270df7d8795/transformed/savedstate-1.2.1/jars/classes.jar:/opt/gradle/.gradle/caches/9.3.1/transforms/c22b97e9332a7bea7d35a670c0aa3e99/transformed/lifecycle-process-2.8.7/jars/classes.jar:/opt/gradle/.gradle/caches/9.3.1/transforms/acc4ad0f0f384b81eb38610040d63358/transformed/lifecycle-livedata-core-ktx-2.8.7/jars/classes.jar:/opt/gradle/.gradle/caches/9.3.1/transforms/61f9827be9ffddda40be969bf18ecfb3/transformed/lifecycle-livedata-core-2.8.7/jars/classes.jar:/opt/gradle/.gradle/caches/9.3.1/transforms/2085fc73124fd1ddc05d7dcc31f32337/transformed/lifecycle-viewmodel-release/jars/classes.jar:/opt/gradle/.gradle/caches/9.3.1/transforms/69fa35c1bc6674db7765fed2d36b30fc/transformed/lifecycle-runtime-release/jars/classes.jar:/opt/gradle/.gradle/caches/9.3.1/transforms/b25d08c3d651739322ca72520e771a73/transformed/lifecycle-service-2.8.7/jars/classes.jar:/opt/gradle/.gradle/caches/9.3.1/transforms/e947dfa8d5c3e23bea11d75fa4443cab/transformed/lifecycle-livedata-2.8.7/jars/classes.jar:/opt/gradle/.gradle/caches/9.3.1/transforms/a9c652e33052a32a82612a5ec125e6c4/transformed/lifecycle-viewmodel-savedstate-2.8.7/jars/classes.jar:/opt/gradle/.gradle/caches/9.3.1/transforms/4f3b18eb0a67c62b413fecc40d2c37e7/transformed/lifecycle-viewmodel-ktx-2.8.7/jars/classes.jar:/opt/gradle/.gradle/caches/9.3.1/transforms/d791feaf506057d0e78d388f0d04f296/transformed/lifecycle-runtime-ktx-release/jars/classes.jar:/opt/gradle/.gradle/caches/9.3.1/transforms/31641c6acd04662fc76173a94829481c/transformed/lifecycle-runtime-compose-release/jars/classes.jar:/opt/gradle/.gradle/caches/9.3.1/transforms/26f08c5e4826411565fd6dd4d383ba23/transformed/lifecycle-viewmodel-compose-release/jars/classes.jar:/opt/gradle/.gradle/caches/9.3.1/transforms/6a00bded64a52736ac6f5f7e02f3ac9e/transformed/material-icons-extended-release/jars/classes.jar:/opt/gradle/.gradle/caches/9.3.1/transforms/acd41c4634c2a499ad9f1ceac809da97/transformed/material-icons-core-release/jars/classes.jar:/opt/gradle/.gradle/caches/9.3.1/transforms/222517fd5f0c7848bede820440d4999b/transformed/ui-release/jars/classes.jar:/opt/gradle/.gradle/caches/9.3.1/transforms/e1e00e9caa5ab76602491541c221421c/transformed/ui-test-manifest-1.8.0/jars/classes.jar:/opt/gradle/.gradle/caches/9.3.1/transforms/d3448b9a83bad0f7135c35c31f045df6/transformed/room-runtime-release/jars/classes.jar:/opt/gradle/.gradle/caches/9.3.1/transforms/188784849c55d38f4e01917be573830c/transformed/room-ktx-2.7.0/jars/classes.jar:/opt/gradle/.gradle/caches/9.3.1/transforms/198518b24b9169eb2f5847628021d405/transformed/room-testing-release/jars/classes.jar:/opt/gradle/.gradle/caches/9.3.1/transforms/b3419d62713df5234599574b398cc5a4/transformed/runner-1.5.0/jars/classes.jar:/opt/gradle/.gradle/caches/9.3.1/transforms/bffa93a411a932a7c84ef47a4a049c77/transformed/runtime-saveable-release/jars/classes.jar:/opt/gradle/.gradle/caches/9.3.1/transforms/e5fb266836f640a4cdf200b0fbff21ed/transformed/runtime-release/jars/classes.jar:/opt/gradle/.gradle/caches/9.3.1/transforms/30862e71869d146ae6330576c68a1ed7/transformed/datastore-core-release/jars/classes.jar:/opt/gradle/.gradle/caches/9.3.1/transforms/c0b6a29749b9c842ec351895f3872ba3/transformed/datastore-preferences-core-release/jars/classes.jar:/opt/gradle/.gradle/caches/9.3.1/transforms/97d7491d6905f47bc437888e1b9a2e80/transformed/datastore-release/jars/classes.jar:/opt/gradle/.gradle/caches/9.3.1/transforms/f0072fe32f82a6415fdf169e0602ca18/transformed/datastore-preferences-release/jars/classes.jar:/opt/gradle/.gradle/caches/9.3.1/transforms/ffd573f6f431c7e942b5388a56105c37/transformed/profileinstaller-1.4.0/jars/classes.jar:/opt/gradle/.gradle/caches/9.3.1/transforms/1db71360c9d6d0a8bf374b937d6b1e02/transformed/core-splashscreen-1.0.1/jars/classes.jar:/opt/gradle/.gradle/caches/9.3.1/transforms/bd627f14b32a9cdefe2c91890e118261/transformed/storage-1.6.0/jars/classes.jar:/opt/gradle/.gradle/caches/9.3.1/transforms/035924ce91a0d6608851fac437b860cd/transformed/monitor-1.8.0/jars/classes.jar:/opt/gradle/.gradle/caches/9.3.1/transforms/adc93ab3c431374a196c951785bfb437/transformed/annotation-1.0.1/jars/classes.jar:/opt/gradle/.gradle/caches/9.3.1/transforms/8d6f2525b5e072f07355d65fe1cb71a0/transformed/annotation-experimental-1.4.1/jars/classes.jar:/opt/gradle/.gradle/caches/9.3.1/transforms/df83f9434f938f51c78f1b84ab0c4f92/transformed/core-viewtree-1.0.0/jars/classes.jar:/opt/gradle/.gradle/caches/9.3.1/transforms/4754710214d1f3b57b22d9e1f91c3e63/transformed/sqlite-framework-release/jars/classes.jar:/opt/gradle/.gradle/caches/9.3.1/transforms/f5d4111b938e056c789c01cc512fa88c/transformed/sqlite-release/jars/classes.jar:/opt/gradle/.gradle/caches/9.3.1/transforms/5b6bc49e7508ac40cf52787bec29e6e2/transformed/versionedparcelable-1.1.1/jars/classes.jar:/opt/gradle/.gradle/caches/9.3.1/transforms/08bf7980a0fe2c1bb268b133a9bf8f1a/transformed/core-runtime-2.2.0/jars/classes.jar:/opt/gradle/.gradle/caches/9.3.1/transforms/310ec112483bd6a978f8deda56bf75dd/transformed/startup-runtime-1.1.1/jars/classes.jar:/opt/gradle/.gradle/caches/9.3.1/transforms/db8ddf01392cf74b8aca6afc8cb81d53/transformed/tracing-1.2.0/jars/classes.jar:/opt/gradle/.gradle/caches/9.3.1/transforms/84cb9e6f8205bcf43ab28d95b41eeed0/transformed/interpolator-1.0.0/jars/classes.jar:/opt/gradle/.gradle/caches/9.3.1/transforms/1b4e25537854fd63006ac45e7de3ad41/transformed/espresso-idling-resource-3.7.0/jars/classes.jar:/app/applet/app/build/intermediates/compile_and_runtime_r_class_jar/debug/processDebugResources/R.jar:/opt/gradle/.gradle/caches/9.3.1/transforms/73201a155b2982baab319033152919cf/transformed/android.jar
Launcher Type: SUN_STANDARD

[Global flags]
     intx CICompilerCount                          = 3                                         {product} {ergonomic}
     uint ConcGCThreads                            = 1                                         {product} {ergonomic}
     uint G1ConcRefinementThreads                  = 4                                         {product} {ergonomic}
   size_t G1HeapRegionSize                         = 1048576                                   {product} {ergonomic}
    uintx GCDrainStackTargetSize                   = 64                                        {product} {ergonomic}
   size_t InitialHeapSize                          = 201326592                                 {product} {ergonomic}
   size_t MarkStackSize                            = 4194304                                   {product} {ergonomic}
   size_t MaxHeapSize                              = 536870912                                 {product} {command line}
   size_t MaxNewSize                               = 321912832                                 {product} {ergonomic}
   size_t MinHeapDeltaBytes                        = 1048576                                   {product} {ergonomic}
   size_t MinHeapSize                              = 8388608                                   {product} {ergonomic}
    uintx NonNMethodCodeHeapSize                   = 5832780                                {pd product} {ergonomic}
    uintx NonProfiledCodeHeapSize                  = 122912730                              {pd product} {ergonomic}
    uintx ProfiledCodeHeapSize                     = 122912730                              {pd product} {ergonomic}
    uintx ReservedCodeCacheSize                    = 251658240                              {pd product} {ergonomic}
     bool SegmentedCodeCache                       = true                                      {product} {ergonomic}
   size_t SoftMaxHeapSize                          = 536870912                              {manageable} {ergonomic}
     bool UseCompressedOops                        = true                           {product lp64_product} {ergonomic}
     bool UseG1GC                                  = true                                      {product} {ergonomic}

Logging:
Log output configuration:
 #0: stdout all=warning uptime,level,tags foldmultilines=false
 #1: stderr all=off uptime,level,tags foldmultilines=false

Release file:
IMPLEMENTOR="Eclipse Adoptium"
IMPLEMENTOR_VERSION="Temurin-21.0.12+8"
JAVA_RUNTIME_VERSION="21.0.12+8-LTS"
JAVA_VERSION="21.0.12"
JAVA_VERSION_DATE="2026-07-21"
LIBC="gnu"
MODULES="java.base java.compiler java.datatransfer java.xml java.prefs java.desktop java.instrument java.logging java.management java.security.sasl java.naming java.rmi java.management.rmi java.net.http java.scripting java.security.jgss java.transaction.xa java.sql java.sql.rowset java.xml.crypto java.se java.smartcardio jdk.accessibility jdk.internal.jvmstat jdk.attach jdk.charsets jdk.internal.opt jdk.zipfs jdk.compiler jdk.crypto.ec jdk.crypto.cryptoki jdk.dynalink jdk.internal.ed jdk.editpad jdk.hotspot.agent jdk.httpserver jdk.incubator.vector jdk.internal.le jdk.internal.vm.ci jdk.internal.vm.compiler jdk.internal.vm.compiler.management jdk.jartool jdk.javadoc jdk.jcmd jdk.management jdk.management.agent jdk.jconsole jdk.jdeps jdk.jdwp.agent jdk.jdi jdk.jfr jdk.jlink jdk.jpackage jdk.jshell jdk.jsobject jdk.jstatd jdk.localedata jdk.management.jfr jdk.naming.dns jdk.naming.rmi jdk.net jdk.nio.mapmode jdk.random jdk.sctp jdk.security.auth jdk.security.jgss jdk.unsupported jdk.unsupported.desktop jdk.xml.dom"
OS_ARCH="x86_64"
OS_NAME="Linux"
SOURCE=".:git:04806bcb1d50"
BUILD_SOURCE="git:e6ba7dec3d07654074559310376a3ae89da5f4ac"
BUILD_SOURCE_REPO="https://github.com/adoptium/temurin-build.git"
SOURCE_REPO="https://github.com/adoptium/jdk21u.git"
FULL_VERSION="21.0.12+8-LTS"
SEMANTIC_VERSION="21.0.12+8"
BUILD_INFO="OS: Linux Version: 6.8.0-1062-azure"
JVM_VARIANT="Hotspot"
JVM_VERSION="21.0.12+8-LTS"
IMAGE_TYPE="JDK"

Environment Variables:
PATH=/usr/local/sbin:/usr/local/bin:/usr/sbin:/usr/bin:/sbin:/bin:/opt/android/sdk/cmdline-tools/latest/bin:/opt/android/sdk/platform-tools:/opt/gradle/gradle-9.3.1/bin:/usr/local/sbin:/usr/local/bin:/usr/sbin:/usr/bin:/sbin:/bin
LANG=en_US.UTF-8
LC_ALL=en_US.UTF-8

Active Locale:
LC_ALL=LC_CTYPE=en_US.UTF-8;LC_NUMERIC=C;LC_TIME=en_US.UTF-8;LC_COLLATE=en_US.UTF-8;LC_MONETARY=en_US.UTF-8;LC_MESSAGES=en_US.UTF-8;LC_PAPER=en_US.UTF-8;LC_NAME=en_US.UTF-8;LC_ADDRESS=en_US.UTF-8;LC_TELEPHONE=en_US.UTF-8;LC_MEASUREMENT=en_US.UTF-8;LC_IDENTIFICATION=en_US.UTF-8
LC_COLLATE=en_US.UTF-8
LC_CTYPE=en_US.UTF-8
LC_MESSAGES=en_US.UTF-8
LC_MONETARY=en_US.UTF-8
LC_NUMERIC=C
LC_TIME=en_US.UTF-8

Signal Handlers:
   SIGSEGV: crash_handler in libjvm.so, mask=11100100010111111101111111111110, flags=SA_RESTART|SA_SIGINFO, unblocked
    SIGBUS: crash_handler in libjvm.so, mask=11100100010111111101111111111110, flags=SA_RESTART|SA_SIGINFO, unblocked
    SIGFPE: crash_handler in libjvm.so, mask=11100100010111111101111111111110, flags=SA_RESTART|SA_SIGINFO, unblocked
   SIGPIPE: javaSignalHandler in libjvm.so, mask=11100100010111111101111111111110, flags=SA_RESTART|SA_SIGINFO, blocked
   SIGXFSZ: javaSignalHandler in libjvm.so, mask=11100100010111111101111111111110, flags=SA_RESTART|SA_SIGINFO, blocked
    SIGILL: crash_handler in libjvm.so, mask=11100100010111111101111111111110, flags=SA_RESTART|SA_SIGINFO, unblocked
   SIGUSR2: SR_handler in libjvm.so, mask=00000000000000000000000000000000, flags=SA_RESTART|SA_SIGINFO, blocked
    SIGHUP: UserHandler in libjvm.so, mask=11100100010111111101111111111110, flags=SA_RESTART|SA_SIGINFO, blocked
    SIGINT: UserHandler in libjvm.so, mask=11100100010111111101111111111110, flags=SA_RESTART|SA_SIGINFO, blocked
   SIGTERM: UserHandler in libjvm.so, mask=11100100010111111101111111111110, flags=SA_RESTART|SA_SIGINFO, blocked
   SIGQUIT: UserHandler in libjvm.so, mask=11100100010111111101111111111110, flags=SA_RESTART|SA_SIGINFO, blocked
   SIGTRAP: crash_handler in libjvm.so, mask=11100100010111111101111111111110, flags=SA_RESTART|SA_SIGINFO, unblocked


Periodic native trim disabled

---------------  S Y S T E M  ---------------

OS:
DISTRIB_ID=Ubuntu
DISTRIB_RELEASE=22.04
DISTRIB_CODENAME=jammy
DISTRIB_DESCRIPTION="Ubuntu 22.04.5 LTS"
uname: Linux 4.19.0-gvisor #1 SMP Sun Jan 10 15:06:54 PST 2016 x86_64
OS uptime: 0 days 0:23 hours
libc: glibc 2.36 NPTL 2.36 
rlimit (soft/hard): STACK 8192k/infinity , CORE 0k/infinity , NPROC 1048576/536870911 , NOFILE 25000/25000 , AS infinity/infinity , CPU infinity/infinity , DATA infinity/infinity , FSIZE infinity/infinity , MEMLOCK infinity/infinity
load average: 0.00 0.00 0.00

/proc/meminfo:
MemTotal:       12582912 kB
MemFree:         5684032 kB
MemAvailable:    5684032 kB
Buffers:               0 kB
Cached:          1962592 kB
SwapCache:             0 kB
Active:          6545368 kB
Inactive:         353500 kB
Active(anon):    6191868 kB
Inactive(anon):        0 kB
Active(file):     353500 kB
Inactive(file):   353500 kB
Unevictable:           0 kB
Mlocked:               0 kB
SwapTotal:             0 kB
SwapFree:              0 kB
Dirty:                 0 kB
Writeback:             0 kB
AnonPages:       6191868 kB
Mapped:           707000 kB
Shmem:           1255592 kB

/sys/kernel/mm/transparent_hugepage/enabled: <Not Available>
/sys/kernel/mm/transparent_hugepage/hpage_pmd_size: <Not Available>
/sys/kernel/mm/transparent_hugepage/defrag (defrag/compaction efforts parameter): <Not Available>

Process Memory:
Virtual Size: 4317504K (peak: -1K)
Resident Set Size: 500856K (peak: -1K)
C-Heap outstanding allocations: 99301K, retained: 57130K
glibc malloc tunables: (default)

/proc/sys/kernel/threads-max (system-wide limit on the number of threads): <Not Available>
/proc/sys/vm/max_map_count (maximum number of memory map areas a process may have): 2147483647
/proc/sys/vm/swappiness (control to define how aggressively the kernel swaps out anonymous memory): <Not Available>
/proc/sys/kernel/pid_max (system-wide limit on number of process identifiers): 65536

container information not found.
Steal ticks since vm start: 0
Steal ticks percentage since vm start:  0.000

CPU: total 4 (initial active 4) (128 cores per cpu, 1 threads per core) family 25 model 1 stepping 1 microcode 0x0, cx8, cmov, fxsr, mmx, 3dnowpref, sse, sse2, sse3, ssse3, sse4a, sse4.1, sse4.2, popcnt, lzcnt, tsc, avx, avx2, aes, erms, clmul, bmi1, bmi2, adx, sha, fma, vzeroupper, clflush, clflushopt, rdtscp, rdpid, fsrm, f16c, pku, ospke, cet_ss
CPU Model and flags from /proc/cpuinfo:
model name	: unknown
flags		: fpu vme de pse tsc msr pae mce cx8 apic sep mtrr pge mca cmov pat pse36 clflush mmx fxsr sse sse2 ht syscall nx mmxext fxsr_opt pdpe1gb rdtscp lm pni pclmulqdq monitor ssse3 fma cx16 pcid sse4_1 sse4_2 x2apic movbe popcnt aes xsave avx f16c rdrand lahf_lm cmp_legacy svm extapic cr8_legacy abm sse4a misalignsse 3dnowprefetch osvw ibs skinit wdt tce topoext perfctr_core perfctr_nb bpext perfctr_llc mwaitx fsgsbase bmi1 avx2 smep bmi2 erms invpcid cqm rdt_a rdseed adx smap clwb sha_ni xsaveopt xsavec xgetbv1 xsaves umip pku ospke vaes vpclmulqdq rdpid fsrm

Online cpus: 0-3
Offline cpus: <Not Available>
BIOS frequency limitation: <Not Available>
Frequency switch latency (ns): <Not Available>
Available cpu frequencies: <Not Available>
Current governor: <Not Available>
Core performance/turbo boost: <Not Available>

Memory: 4k page, physical 12582912k(5684032k free), swap 0k(0k free)
Page Sizes: 4k

vm_info: OpenJDK 64-Bit Server VM (21.0.12+8-LTS) for linux-amd64 JRE (21.0.12+8-LTS), built on 2026-07-21T00:00:00Z by "admin" with gcc 11.3.0

END.
