#
# A fatal error has been detected by the Java Runtime Environment:
#
#  SIGSEGV (0xb) at pc=0x00007fb6c5658735, pid=3090, tid=3149
#
# JRE version: OpenJDK Runtime Environment Temurin-21.0.12+8 (21.0.12+8) (build 21.0.12+8-LTS)
# Java VM: OpenJDK 64-Bit Server VM Temurin-21.0.12+8 (21.0.12+8-LTS, mixed mode, sharing, tiered, compressed oops, compressed class ptrs, g1 gc, linux-amd64)
# Problematic frame:
# C  [librobolectric-nativeruntime.so+0x458735]  sqlite3_column_count+0x5
#
# Core dump will be written. Default location: core.3090 (may not exist)
#
# If you would like to submit a bug report, please visit:
#   https://github.com/adoptium/adoptium-support/issues
# The crash happened outside the Java Virtual Machine in native code.
# See problematic frame for where to report the bug.
#

---------------  S U M M A R Y ------------

Command Line: -Djava.awt.headless=true -Djava.library.path=/usr/java/packages/lib:/usr/lib64:/lib64:/lib:/usr/lib:/app/applet/app/src/testDebug/jniLibs:/app/applet/app/src/test/jniLibs -Dorg.gradle.internal.worker.tmpdir=/app/applet/app/build/tmp/testDebugUnitTest/work --add-opens=java.base/java.io=ALL-UNNAMED -Xmx512m -Dfile.encoding=UTF-8 -Duser.country=US -Duser.language=en -Duser.variant -ea worker.org.gradle.process.internal.worker.GradleWorkerMain 'Gradle Test Executor 8'

Host: unknown, 4 cores, 12G, Ubuntu 22.04.5 LTS
Time: Tue Sep  8 20:44:08 2026 UTC elapsed time: 10.349971 seconds (0d 0h 0m 10s)

---------------  T H R E A D  ---------------

Current thread (0x00007fb6980056a0):  JavaThread "WM.task-11" daemon [_thread_in_native, id=3149, stack(0x00007fb6c6300000,0x00007fb6c6400000) (1024K)]

Stack: [0x00007fb6c6300000,0x00007fb6c6400000],  sp=0x00007fb6c63fc918,  free space=1010k
Native frames: (J=compiled Java code, j=interpreted, Vv=VM code, C=native code)
C  [librobolectric-nativeruntime.so+0x458735]  sqlite3_column_count+0x5
j  org.robolectric.shadows.ShadowNativeSQLiteConnection.lambda$nativeGetColumnCount$12(JJ)Ljava/lang/Integer;+2
j  org.robolectric.shadows.ShadowNativeSQLiteConnection$$Lambda+0x00007fb6cc83ce40.get()Ljava/lang/Object;+8
J 5264 c2 org.robolectric.util.PerfStatsCollector.measure(Ljava/lang/String;Lorg/robolectric/util/PerfStatsCollector$ThrowingSupplier;)Ljava/lang/Object; (44 bytes) @ 0x00007fb7305c52a4 [0x00007fb7305c51c0+0x00000000000000e4]
j  org.robolectric.shadows.ShadowNativeSQLiteConnection.nativeGetColumnCount(JJ)I+12
J 5224 c1 java.lang.invoke.LambdaForm$DMH+0x00007fb6cc695000.invokeStatic(Ljava/lang/Object;JJ)I java.base@21.0.12 (17 bytes) @ 0x00007fb728f2d2c4 [0x00007fb728f2cfe0+0x00000000000002e4]
J 7606 c2 java.lang.invoke.LambdaForm$MH+0x00007fb6cc699c00.guardWithCatch(Ljava/lang/Object;JJ)I java.base@21.0.12 (77 bytes) @ 0x00007fb7303fb3b8 [0x00007fb7303fb360+0x0000000000000058]
j  java.lang.invoke.LambdaForm$MH+0x00007fb6cc69c400.reinvoke(Ljava/lang/Object;JJ)I+22 java.base@21.0.12
J 5174 c1 java.lang.invoke.LambdaForm$MH+0x00007fb6cc69cc00.guard(Ljava/lang/Object;JJ)I java.base@21.0.12 (100 bytes) @ 0x00007fb728f15814 [0x00007fb728f15680+0x0000000000000194]
j  java.lang.invoke.LambdaForm$MH+0x00007fb6cc69c000.invoke(Ljava/lang/Object;JJ)I+52 java.base@21.0.12
j  java.lang.invoke.LambdaForm$MH+0x00007fb6cc69c400.reinvoke(Ljava/lang/Object;JJ)I+22 java.base@21.0.12
J 5174 c1 java.lang.invoke.LambdaForm$MH+0x00007fb6cc69cc00.guard(Ljava/lang/Object;JJ)I java.base@21.0.12 (100 bytes) @ 0x00007fb728f1587c [0x00007fb728f15680+0x00000000000001fc]
J 5173 c1 java.lang.invoke.LambdaForm$MH+0x00007fb6cc69d000.linkToCallSite(JJLjava/lang/Object;)I java.base@21.0.12 (21 bytes) @ 0x00007fb728f15274 [0x00007fb728f151c0+0x00000000000000b4]
j  android.database.sqlite.SQLiteConnection.nativeGetColumnCount(JJ)I+2
j  android.database.sqlite.SQLiteConnection.$$robo$$android_database_sqlite_SQLiteConnection$prepare(Ljava/lang/String;Landroid/database/sqlite/SQLiteStatementInfo;)V+66
J 7164 c2 java.lang.invoke.DirectMethodHandle$Holder.invokeSpecial(Ljava/lang/Object;Ljava/lang/Object;Ljava/lang/Object;Ljava/lang/Object;)V java.base@21.0.12 (18 bytes) @ 0x00007fb730361d74 [0x00007fb730361d20+0x0000000000000054]
J 4043 c1 java.lang.invoke.LambdaForm$MH+0x00007fb6cc21a400.guardWithCatch(Ljava/lang/Object;Ljava/lang/Object;Ljava/lang/Object;Ljava/lang/Object;)V java.base@21.0.12 (79 bytes) @ 0x00007fb728a39224 [0x00007fb728a38e20+0x0000000000000404]
J 6631 c1 java.lang.invoke.LambdaForm$MH+0x00007fb6cc21b400.reinvoke(Ljava/lang/Object;Ljava/lang/Object;Ljava/lang/Object;Ljava/lang/Object;)V java.base@21.0.12 (27 bytes) @ 0x00007fb729355dfc [0x00007fb729355a80+0x000000000000037c]
J 3523 c1 java.lang.invoke.LambdaForm$MH+0x00007fb6cc21b800.guard(Ljava/lang/Object;Ljava/lang/Object;Ljava/lang/Object;Ljava/lang/Object;)V java.base@21.0.12 (103 bytes) @ 0x00007fb728e8c72c [0x00007fb728e8bfc0+0x000000000000076c]
j  java.lang.invoke.LambdaForm$MH+0x00007fb6cc21b000.invoke(Ljava/lang/Object;Ljava/lang/Object;Ljava/lang/Object;Ljava/lang/Object;)V+53 java.base@21.0.12
J 6631 c1 java.lang.invoke.LambdaForm$MH+0x00007fb6cc21b400.reinvoke(Ljava/lang/Object;Ljava/lang/Object;Ljava/lang/Object;Ljava/lang/Object;)V java.base@21.0.12 (27 bytes) @ 0x00007fb729355dfc [0x00007fb729355a80+0x000000000000037c]
J 7568 c1 android.database.sqlite.SQLiteSession.$$robo$$android_database_sqlite_SQLiteSession$prepare(Ljava/lang/String;ILandroid/os/CancellationSignal;Landroid/database/sqlite/SQLiteStatementInfo;)V (56 bytes) @ 0x00007fb72963f3a4 [0x00007fb72963db80+0x0000000000001824]
J 6546 c1 android.database.sqlite.SQLiteSession.prepare(Ljava/lang/String;ILandroid/os/CancellationSignal;Landroid/database/sqlite/SQLiteStatementInfo;)V (12 bytes) @ 0x00007fb72931e264 [0x00007fb72931e0c0+0x00000000000001a4]
J 6117 c1 android.database.sqlite.SQLiteProgram.$$robo$$android_database_sqlite_SQLiteProgram$__constructor__(Landroid/database/sqlite/SQLiteDatabase;Ljava/lang/String;[Ljava/lang/Object;Landroid/os/CancellationSignal;)V (245 bytes) @ 0x00007fb729212af4 [0x00007fb72920e920+0x00000000000041d4]
J 6116 c1 android.database.sqlite.SQLiteProgram.<init>(Landroid/database/sqlite/SQLiteDatabase;Ljava/lang/String;[Ljava/lang/Object;Landroid/os/CancellationSignal;)V (20 bytes) @ 0x00007fb728ab6c0c [0x00007fb728ab4f00+0x0000000000001d0c]
J 7076 c1 android.database.sqlite.SQLiteQuery.<init>(Landroid/database/sqlite/SQLiteDatabase;Ljava/lang/String;Landroid/os/CancellationSignal;)V (22 bytes) @ 0x00007fb7289e2104 [0x00007fb7289e2040+0x00000000000000c4]
J 7075 c1 android.database.sqlite.SQLiteDirectCursorDriver.$$robo$$android_database_sqlite_SQLiteDirectCursorDriver$query(Landroid/database/sqlite/SQLiteDatabase$CursorFactory;[Ljava/lang/String;)Landroid/database/Cursor; (85 bytes) @ 0x00007fb7294eaf74 [0x00007fb7294eae60+0x0000000000000114]
J 7077 c1 android.database.sqlite.SQLiteDatabase.$$robo$$android_database_sqlite_SQLiteDatabase$rawQueryWithFactory(Landroid/database/sqlite/SQLiteDatabase$CursorFactory;Ljava/lang/String;[Ljava/lang/String;Ljava/lang/String;Landroid/os/CancellationSignal;)Landroid/database/Cursor; (57 bytes) @ 0x00007fb7294f97c4 [0x00007fb7294f7f00+0x00000000000018c4]
J 6861 c1 android.database.sqlite.SQLiteDatabase.rawQueryWithFactory(Landroid/database/sqlite/SQLiteDatabase$CursorFactory;Ljava/lang/String;[Ljava/lang/String;Ljava/lang/String;Landroid/os/CancellationSignal;)Landroid/database/Cursor; (14 bytes) @ 0x00007fb729403e84 [0x00007fb729402cc0+0x00000000000011c4]
J 6860 c1 android.database.sqlite.SQLiteDatabase.$$robo$$android_database_sqlite_SQLiteDatabase$rawQueryWithFactory(Landroid/database/sqlite/SQLiteDatabase$CursorFactory;Ljava/lang/String;[Ljava/lang/String;Ljava/lang/String;)Landroid/database/Cursor; (11 bytes) @ 0x00007fb72940275c [0x00007fb7294026c0+0x000000000000009c]
J 6975 c1 android.database.sqlite.SQLiteDatabase.rawQueryWithFactory(Landroid/database/sqlite/SQLiteDatabase$CursorFactory;Ljava/lang/String;[Ljava/lang/String;Ljava/lang/String;)Landroid/database/Cursor; (12 bytes) @ 0x00007fb72946800c [0x00007fb7294670a0+0x0000000000000f6c]
J 6706 c1 androidx.sqlite.db.framework.FrameworkSQLiteDatabase.query(Landroidx/sqlite/db/SupportSQLiteQuery;)Landroid/database/Cursor; (43 bytes) @ 0x00007fb72937a30c [0x00007fb729379820+0x0000000000000aec]
j  androidx.room.RoomDatabase.query(Landroidx/sqlite/db/SupportSQLiteQuery;Landroid/os/CancellationSignal;)Landroid/database/Cursor;+48
j  androidx.room.util.DBUtil__DBUtil_androidKt.query(Landroidx/room/RoomDatabase;Landroidx/sqlite/db/SupportSQLiteQuery;ZLandroid/os/CancellationSignal;)Landroid/database/Cursor;+15
j  androidx.room.util.DBUtil.query(Landroidx/room/RoomDatabase;Landroidx/sqlite/db/SupportSQLiteQuery;ZLandroid/os/CancellationSignal;)Landroid/database/Cursor;+4
j  androidx.work.impl.model.WorkSpecDao_Impl.getWorkSpecIdAndStatesForName(Ljava/lang/String;)Ljava/util/List;+49
j  androidx.work.impl.WorkerUpdater.enqueueUniquelyNamedPeriodic$lambda$4(Landroidx/work/impl/WorkManagerImpl;Ljava/lang/String;Landroidx/work/impl/OperationImpl;Lkotlin/jvm/functions/Function0;Landroidx/work/WorkRequest;)V+48
j  androidx.work.impl.WorkerUpdater$$Lambda+0x00007fb6cc6bd188.run()V+20
j  androidx.work.impl.utils.SerialExecutorImpl$Task.run()V+4
j  java.util.concurrent.ThreadPoolExecutor.runWorker(Ljava/util/concurrent/ThreadPoolExecutor$Worker;)V+92 java.base@21.0.12
j  java.util.concurrent.ThreadPoolExecutor$Worker.run()V+5 java.base@21.0.12
j  java.lang.Thread.runWith(Ljava/lang/Object;Ljava/lang/Runnable;)V+5 java.base@21.0.12
j  java.lang.Thread.run()V+19 java.base@21.0.12
v  ~StubRoutines::call_stub 0x00007fb72fd37cc6
V  [libjvm.so+0x91cbd5]  JavaCalls::call_helper(JavaValue*, methodHandle const&, JavaCallArguments*, JavaThread*)+0x2e5
V  [libjvm.so+0x91e552]  JavaCalls::call_virtual(JavaValue*, Handle, Klass*, Symbol*, Symbol*, JavaThread*)+0x1d2
V  [libjvm.so+0x9f3e0e]  thread_entry(JavaThread*, JavaThread*)+0x8e
V  [libjvm.so+0x9343f8]  JavaThread::thread_main_inner()+0x1d8
V  [libjvm.so+0xfa1c88]  Thread::call_run()+0xa8
V  [libjvm.so+0xd1385a]  thread_native_entry(Thread*)+0xda
Java frames: (J=compiled Java code, j=interpreted, Vv=VM code)
j  org.robolectric.nativeruntime.SQLiteConnectionNatives.nativeGetColumnCount(JJ)I+0
j  org.robolectric.shadows.ShadowNativeSQLiteConnection.lambda$nativeGetColumnCount$12(JJ)Ljava/lang/Integer;+2
j  org.robolectric.shadows.ShadowNativeSQLiteConnection$$Lambda+0x00007fb6cc83ce40.get()Ljava/lang/Object;+8
J 5264 c2 org.robolectric.util.PerfStatsCollector.measure(Ljava/lang/String;Lorg/robolectric/util/PerfStatsCollector$ThrowingSupplier;)Ljava/lang/Object; (44 bytes) @ 0x00007fb7305c52a4 [0x00007fb7305c51c0+0x00000000000000e4]
j  org.robolectric.shadows.ShadowNativeSQLiteConnection.nativeGetColumnCount(JJ)I+12
J 5224 c1 java.lang.invoke.LambdaForm$DMH+0x00007fb6cc695000.invokeStatic(Ljava/lang/Object;JJ)I java.base@21.0.12 (17 bytes) @ 0x00007fb728f2d2c4 [0x00007fb728f2cfe0+0x00000000000002e4]
J 7606 c2 java.lang.invoke.LambdaForm$MH+0x00007fb6cc699c00.guardWithCatch(Ljava/lang/Object;JJ)I java.base@21.0.12 (77 bytes) @ 0x00007fb7303fb3b8 [0x00007fb7303fb360+0x0000000000000058]
j  java.lang.invoke.LambdaForm$MH+0x00007fb6cc69c400.reinvoke(Ljava/lang/Object;JJ)I+22 java.base@21.0.12
J 5174 c1 java.lang.invoke.LambdaForm$MH+0x00007fb6cc69cc00.guard(Ljava/lang/Object;JJ)I java.base@21.0.12 (100 bytes) @ 0x00007fb728f15814 [0x00007fb728f15680+0x0000000000000194]
j  java.lang.invoke.LambdaForm$MH+0x00007fb6cc69c000.invoke(Ljava/lang/Object;JJ)I+52 java.base@21.0.12
j  java.lang.invoke.LambdaForm$MH+0x00007fb6cc69c400.reinvoke(Ljava/lang/Object;JJ)I+22 java.base@21.0.12
J 5174 c1 java.lang.invoke.LambdaForm$MH+0x00007fb6cc69cc00.guard(Ljava/lang/Object;JJ)I java.base@21.0.12 (100 bytes) @ 0x00007fb728f1587c [0x00007fb728f15680+0x00000000000001fc]
J 5173 c1 java.lang.invoke.LambdaForm$MH+0x00007fb6cc69d000.linkToCallSite(JJLjava/lang/Object;)I java.base@21.0.12 (21 bytes) @ 0x00007fb728f15274 [0x00007fb728f151c0+0x00000000000000b4]
j  android.database.sqlite.SQLiteConnection.nativeGetColumnCount(JJ)I+2
j  android.database.sqlite.SQLiteConnection.$$robo$$android_database_sqlite_SQLiteConnection$prepare(Ljava/lang/String;Landroid/database/sqlite/SQLiteStatementInfo;)V+66
J 7164 c2 java.lang.invoke.DirectMethodHandle$Holder.invokeSpecial(Ljava/lang/Object;Ljava/lang/Object;Ljava/lang/Object;Ljava/lang/Object;)V java.base@21.0.12 (18 bytes) @ 0x00007fb730361d74 [0x00007fb730361d20+0x0000000000000054]
J 4043 c1 java.lang.invoke.LambdaForm$MH+0x00007fb6cc21a400.guardWithCatch(Ljava/lang/Object;Ljava/lang/Object;Ljava/lang/Object;Ljava/lang/Object;)V java.base@21.0.12 (79 bytes) @ 0x00007fb728a39224 [0x00007fb728a38e20+0x0000000000000404]
J 6631 c1 java.lang.invoke.LambdaForm$MH+0x00007fb6cc21b400.reinvoke(Ljava/lang/Object;Ljava/lang/Object;Ljava/lang/Object;Ljava/lang/Object;)V java.base@21.0.12 (27 bytes) @ 0x00007fb729355dfc [0x00007fb729355a80+0x000000000000037c]
J 3523 c1 java.lang.invoke.LambdaForm$MH+0x00007fb6cc21b800.guard(Ljava/lang/Object;Ljava/lang/Object;Ljava/lang/Object;Ljava/lang/Object;)V java.base@21.0.12 (103 bytes) @ 0x00007fb728e8c72c [0x00007fb728e8bfc0+0x000000000000076c]
j  java.lang.invoke.LambdaForm$MH+0x00007fb6cc21b000.invoke(Ljava/lang/Object;Ljava/lang/Object;Ljava/lang/Object;Ljava/lang/Object;)V+53 java.base@21.0.12
J 6631 c1 java.lang.invoke.LambdaForm$MH+0x00007fb6cc21b400.reinvoke(Ljava/lang/Object;Ljava/lang/Object;Ljava/lang/Object;Ljava/lang/Object;)V java.base@21.0.12 (27 bytes) @ 0x00007fb729355dfc [0x00007fb729355a80+0x000000000000037c]
J 7568 c1 android.database.sqlite.SQLiteSession.$$robo$$android_database_sqlite_SQLiteSession$prepare(Ljava/lang/String;ILandroid/os/CancellationSignal;Landroid/database/sqlite/SQLiteStatementInfo;)V (56 bytes) @ 0x00007fb72963f3a4 [0x00007fb72963db80+0x0000000000001824]
J 6546 c1 android.database.sqlite.SQLiteSession.prepare(Ljava/lang/String;ILandroid/os/CancellationSignal;Landroid/database/sqlite/SQLiteStatementInfo;)V (12 bytes) @ 0x00007fb72931e264 [0x00007fb72931e0c0+0x00000000000001a4]
J 6117 c1 android.database.sqlite.SQLiteProgram.$$robo$$android_database_sqlite_SQLiteProgram$__constructor__(Landroid/database/sqlite/SQLiteDatabase;Ljava/lang/String;[Ljava/lang/Object;Landroid/os/CancellationSignal;)V (245 bytes) @ 0x00007fb729212af4 [0x00007fb72920e920+0x00000000000041d4]
J 6116 c1 android.database.sqlite.SQLiteProgram.<init>(Landroid/database/sqlite/SQLiteDatabase;Ljava/lang/String;[Ljava/lang/Object;Landroid/os/CancellationSignal;)V (20 bytes) @ 0x00007fb728ab6c0c [0x00007fb728ab4f00+0x0000000000001d0c]
J 7076 c1 android.database.sqlite.SQLiteQuery.<init>(Landroid/database/sqlite/SQLiteDatabase;Ljava/lang/String;Landroid/os/CancellationSignal;)V (22 bytes) @ 0x00007fb7289e2104 [0x00007fb7289e2040+0x00000000000000c4]
J 7075 c1 android.database.sqlite.SQLiteDirectCursorDriver.$$robo$$android_database_sqlite_SQLiteDirectCursorDriver$query(Landroid/database/sqlite/SQLiteDatabase$CursorFactory;[Ljava/lang/String;)Landroid/database/Cursor; (85 bytes) @ 0x00007fb7294eaf74 [0x00007fb7294eae60+0x0000000000000114]
J 7077 c1 android.database.sqlite.SQLiteDatabase.$$robo$$android_database_sqlite_SQLiteDatabase$rawQueryWithFactory(Landroid/database/sqlite/SQLiteDatabase$CursorFactory;Ljava/lang/String;[Ljava/lang/String;Ljava/lang/String;Landroid/os/CancellationSignal;)Landroid/database/Cursor; (57 bytes) @ 0x00007fb7294f97c4 [0x00007fb7294f7f00+0x00000000000018c4]
J 6861 c1 android.database.sqlite.SQLiteDatabase.rawQueryWithFactory(Landroid/database/sqlite/SQLiteDatabase$CursorFactory;Ljava/lang/String;[Ljava/lang/String;Ljava/lang/String;Landroid/os/CancellationSignal;)Landroid/database/Cursor; (14 bytes) @ 0x00007fb729403e84 [0x00007fb729402cc0+0x00000000000011c4]
J 6860 c1 android.database.sqlite.SQLiteDatabase.$$robo$$android_database_sqlite_SQLiteDatabase$rawQueryWithFactory(Landroid/database/sqlite/SQLiteDatabase$CursorFactory;Ljava/lang/String;[Ljava/lang/String;Ljava/lang/String;)Landroid/database/Cursor; (11 bytes) @ 0x00007fb72940275c [0x00007fb7294026c0+0x000000000000009c]
J 6975 c1 android.database.sqlite.SQLiteDatabase.rawQueryWithFactory(Landroid/database/sqlite/SQLiteDatabase$CursorFactory;Ljava/lang/String;[Ljava/lang/String;Ljava/lang/String;)Landroid/database/Cursor; (12 bytes) @ 0x00007fb72946800c [0x00007fb7294670a0+0x0000000000000f6c]
J 6706 c1 androidx.sqlite.db.framework.FrameworkSQLiteDatabase.query(Landroidx/sqlite/db/SupportSQLiteQuery;)Landroid/database/Cursor; (43 bytes) @ 0x00007fb72937a30c [0x00007fb729379820+0x0000000000000aec]
j  androidx.room.RoomDatabase.query(Landroidx/sqlite/db/SupportSQLiteQuery;Landroid/os/CancellationSignal;)Landroid/database/Cursor;+48
j  androidx.room.util.DBUtil__DBUtil_androidKt.query(Landroidx/room/RoomDatabase;Landroidx/sqlite/db/SupportSQLiteQuery;ZLandroid/os/CancellationSignal;)Landroid/database/Cursor;+15
j  androidx.room.util.DBUtil.query(Landroidx/room/RoomDatabase;Landroidx/sqlite/db/SupportSQLiteQuery;ZLandroid/os/CancellationSignal;)Landroid/database/Cursor;+4
j  androidx.work.impl.model.WorkSpecDao_Impl.getWorkSpecIdAndStatesForName(Ljava/lang/String;)Ljava/util/List;+49
j  androidx.work.impl.WorkerUpdater.enqueueUniquelyNamedPeriodic$lambda$4(Landroidx/work/impl/WorkManagerImpl;Ljava/lang/String;Landroidx/work/impl/OperationImpl;Lkotlin/jvm/functions/Function0;Landroidx/work/WorkRequest;)V+48
j  androidx.work.impl.WorkerUpdater$$Lambda+0x00007fb6cc6bd188.run()V+20
j  androidx.work.impl.utils.SerialExecutorImpl$Task.run()V+4
j  java.util.concurrent.ThreadPoolExecutor.runWorker(Ljava/util/concurrent/ThreadPoolExecutor$Worker;)V+92 java.base@21.0.12
j  java.util.concurrent.ThreadPoolExecutor$Worker.run()V+5 java.base@21.0.12
j  java.lang.Thread.runWith(Ljava/lang/Object;Ljava/lang/Runnable;)V+5 java.base@21.0.12
j  java.lang.Thread.run()V+19 java.base@21.0.12
v  ~StubRoutines::call_stub 0x00007fb72fd37cc6

siginfo: si_signo: 11 (SIGSEGV), si_code: 1 (SEGV_MAPERR), si_addr: 0x00000000000001f9

Registers:
RAX=0x00007fb6c563f2e0, RBX=0x00007fb6ca7244d8, RCX=0x0000000000000139, RDX=0x00000000000000ad
RSP=0x00007fb6c63fc918, RBP=0x00007fb6c63fc990, RSI=0x00007fb6c63fc9a0, RDI=0x0000000000000139
R8 =0x00000000921380d0, R9 =0x000000004846e864, R10=0x00007fb72fd43991, R11=0x00000000eb77b758
R12=0x0000000000000000, R13=0x00007fb6c9e69ff0, R14=0x00007fb6c63fc9c8, R15=0x00007fb6980056a0
RIP=0x00007fb6c5658735, EFLAGS=0x0000000000011206, CSGSFS=0x002b000000000033, ERR=0x0000000000000000
  TRAPNO=0x0000000000000000

XMM[0]=0x0000000000000000 0x0000000000000000
XMM[1]=0x0000000000000000 0x00000000e3dd6038
XMM[2]=0x0000000000000000 0x00000000eabf1018
XMM[3]=0x0000000000000000 0x00000000e0c8e438
XMM[4]=0x00007fb6c63fc898 0x00007f0000000000
XMM[5]=0x0000000000000000 0x00007fb6980056a0
XMM[6]=0x00007fb6980056a0 0x00007fb6cb704988
XMM[7]=0x0000000000000000 0x00007fb728e6b58c
XMM[8]=0x0000000000000000 0x8e8662f2fbd6b3fb
XMM[9]=0x0000000000000000 0xf01b11a22a03493c
XMM[10]=0x0000000000000000 0x0000000039e8379a
XMM[11]=0x0000000000000000 0xce2a08edf82d5229
XMM[12]=0x0000000000000000 0x000000002a03493c
XMM[13]=0x0000000000000000 0xfcd265c3fdcb5a62
XMM[14]=0x0000000000000000 0x0000000000f8f49f
XMM[15]=0x0000000000000000 0x0000000000000000
  MXCSR=0x00001fa2


Register to memory mapping:

RAX=0x00007fb6c563f2e0: <offset 0x000000000043f2e0> in /tmp/robolectric-nativeruntime6529723084697302542/librobolectric-nativeruntime.so at 0x00007fb6c5200000
RBX={method} {0x00007fb6ca7244d8} 'nativeGetColumnCount' '(JJ)I' in 'org/robolectric/nativeruntime/SQLiteConnectionNatives'
RCX=0x0000000000000139 is an unknown value
RDX=0x00000000000000ad is an unknown value
RSP=0x00007fb6c63fc918 is pointing into the stack for thread: 0x00007fb6980056a0
RBP=0x00007fb6c63fc990 is pointing into the stack for thread: 0x00007fb6980056a0
RSI=0x00007fb6c63fc9a0 is pointing into the stack for thread: 0x00007fb6980056a0
RDI=0x0000000000000139 is an unknown value
R8 =0x00000000921380d0 is an unknown value
R9 =0x000000004846e864 is an unknown value
R10=0x00007fb72fd43991 is at code_begin+1009 in an Interpreter codelet
native method entry point (kind = native)  [0x00007fb72fd435a0, 0x00007fb72fd44010]  2672 bytes
R11=0x00000000eb77b758 is an oop: java.lang.Class 
{0x00000000eb77b758} - klass: 'java/lang/Class'
 - ---- fields (total size 14 words):
 - private volatile transient 'classRedefinedCount' 'I' @12  0 (0x00000000)
 - injected 'klass' 'J' @16  140423091966656 (0x00007fb6cc83d2c0)
 - injected 'array_klass' 'J' @24  0 (0x0000000000000000)
 - injected 'oop_size' 'I' @32  14 (0x0000000e)
 - injected 'static_oop_field_count' 'I' @36  0 (0x00000000)
 - private volatile transient 'cachedConstructor' 'Ljava/lang/reflect/Constructor;' @40  null (0x00000000)
 - private transient 'name' 'Ljava/lang/String;' @44  "org.robolectric.nativeruntime.SQLiteConnectionNatives"{0x00000000eb7b6af8} (0xeb7b6af8)
 - private transient 'module' 'Ljava/lang/Module;' @48  a 'java/lang/Module'{0x00000000ffd10310} (0xffd10310)
 - private final 'classLoader' 'Ljava/lang/ClassLoader;' @52  a 'org/robolectric/internal/AndroidSandbox$SdkSandboxClassLoader'{0x00000000ffd1cdb8} (0xffd1cdb8)
 - private transient 'classData' 'Ljava/lang/Object;' @56  null (0x00000000)
 - private transient 'packageName' 'Ljava/lang/String;' @60  "org.robolectric.nativeruntime"{0x00000000eb703c68} (0xeb703c68)
 - private final 'componentType' 'Ljava/lang/Class;' @64  null (0x00000000)
 - private volatile transient 'reflectionData' 'Ljava/lang/ref/SoftReference;' @68  null (0x00000000)
 - private volatile transient 'genericInfo' 'Lsun/reflect/generics/repository/ClassRepository;' @72  null (0x00000000)
 - private volatile transient 'enumConstants' '[Ljava/lang/Object;' @76  null (0x00000000)
 - private volatile transient 'enumConstantDirectory' 'Ljava/util/Map;' @80  null (0x00000000)
 - private volatile transient 'annotationData' 'Ljava/lang/Class$AnnotationData;' @84  null (0x00000000)
 - private volatile transient 'annotationType' 'Lsun/reflect/annotation/AnnotationType;' @88  null (0x00000000)
 - transient 'classValueMap' 'Ljava/lang/ClassValue$ClassValueMap;' @92  null (0x00000000)
 - injected 'protection_domain' 'Ljava/lang/Object;' @96  a 'java/security/ProtectionDomain'{0x00000000ffd1ce30} (0xffd1ce30)
 - injected 'signers_name' 'Ljava/lang/Object;' @100  null (0x00000000)
 - injected 'source_file' 'Ljava/lang/Object;' @104  "SQLiteConnectionNatives.java"{0x00000000eb7b6b58} (0xeb7b6b58)
 - injected '<init_lock>' 'Ljava/lang/Object;' @108  null (0x00000000)
 - signature: Lorg/robolectric/nativeruntime/SQLiteConnectionNatives;
 - ---- static fields (0):
R12=0x0 is null
R13=0x00007fb6c9e69ff0 is pointing into metadata
R14=0x00007fb6c63fc9c8 is pointing into the stack for thread: 0x00007fb6980056a0
R15=0x00007fb6980056a0 is a thread

Top of Stack: (sp=0x00007fb6c63fc918)
0x00007fb6c63fc918:   00007fb72fd439c0 00007fb6980056a0   .9./.....V......
0x00007fb6c63fc928:   00007fb6c63fc9a8 00007fb6c63fc990   ..?.......?.....
0x00007fb6c63fc938:   00007fb7461ebfd3 00007fb746665418   ...F.....TfF....
0x00007fb6c63fc948:   00007fb6c63fc948 0000000000000000   H.?.............
0x00007fb6c63fc958:   0000000000000007 00007fb6caccbd80   ................
0x00007fb6c63fc968:   0000000000000000 00000000eb77b758   ........X.w.....
0x00007fb6c63fc978:   00007fb6ca7244d8 0000000000000000   .Dr.............
0x00007fb6c63fc988:   00007fb6c63fc9b0 00007fb6c63fca18   ..?.......?.....
0x00007fb6c63fc998:   00007fb72fd3f2a8 00000000eb77b758   .../....X.w.....
0x00007fb6c63fc9a8:   00007fb72fd40fd5 0000000000000139   .../....9.......
0x00007fb6c63fc9b8:   0000000000000000 00000000000000ad   ................
0x00007fb6c63fc9c8:   0000000000000000 00007fb6c63fc9d0   ..........?.....
0x00007fb6c63fc9d8:   00007fb6ca05852a 0000000000000005   *...............
0x00007fb6c63fc9e8:   00007fb6ca387390 0000000000000000   .s8.............
0x00007fb6c63fc9f8:   00000000e41c9528 00007fb6ca058558   (.......X.......
0x00007fb6c63fca08:   00007fb6c63fc9b0 00007fb6c63fca28   ..?.....(.?.....
0x00007fb6c63fca18:   00007fb6c63fca90 00007fb72fd3f2f2   ..?......../....
0x00007fb6c63fca28:   0000000000000139 0000000000000000   9...............
0x00007fb6c63fca38:   00000000000000ad 0000000000000000   ................
0x00007fb6c63fca48:   00007fb6c63fca48 00007fb6cac5eea0   H.?.............
0x00007fb6c63fca58:   0000000000000002 00007fb6c9e6af48   ........H.......
0x00007fb6c63fca68:   0000000000000000 00000000eb77c858   ........X.w.....
0x00007fb6c63fca78:   00007fb6ca3c4f90 00007fb6c63fca28   .O<.....(.?.....
0x00007fb6c63fca88:   00007fb6c63fcab0 00000000ff7d45a8   ..?......E}.....
0x00007fb6c63fca98:   00007fb7305c52a4 00000000eabf11c8   .R\0............
0x00007fb6c63fcaa8:   00007fb7305c52a4 00000000eabf11c8   .R\0............
0x00007fb6c63fcab8:   00000000eabf11e8 00007fb6c63fcb50   ........P.?.....
0x00007fb6c63fcac8:   00007fb72fd3f9d8 00000000eb77e3f0   .../......w.....
0x00007fb6c63fcad8:   0000000000000139 00007fb6c63fcb50   9.......P.?.....
0x00007fb6c63fcae8:   00007fb72fd3f2f2 00000000eabf11c8   .../............
0x00007fb6c63fcaf8:   00000000eb77d930 00000000ffd1cf28   0.w.....(.......
0x00007fb6c63fcb08:   00007fb6c63fcb08 00007fb6ca0569ec   ..?......i......

Instructions: (pc=0x00007fb6c5658735)
0x00007fb6c5658635:   7b 08 48 89 cd ff d0 48 89 e9 eb 63 49 89 cd 49
0x00007fb6c5658645:   8b 3c 24 48 85 ff 74 0c be 20 00 00 00 e8 d9 01
0x00007fb6c5658655:   01 00 eb 0a bf 20 00 00 00 e8 4d 46 ff ff 48 89
0x00007fb6c5658665:   c3 48 85 c0 4c 89 e9 74 4d 0f 57 c0 0f 11 43 10
0x00007fb6c5658675:   0f 11 03 41 8b 47 20 89 03 89 6b 04 49 8b 84 24
0x00007fb6c5658685:   20 01 00 00 48 89 43 18 49 89 9c 24 20 01 00 00
0x00007fb6c5658695:   41 83 7f 24 00 75 08 41 c7 47 24 ff ff ff ff 4c
0x00007fb6c56586a5:   89 73 08 48 89 4b 10 48 83 c4 08 5b 41 5c 41 5d
0x00007fb6c56586b5:   41 5e 41 5f 5d c3 48 85 c9 74 ec 4c 89 f7 48 83
0x00007fb6c56586c5:   c4 08 5b 41 5c 41 5d 41 5e 41 5f 5d ff e1 66 2e
0x00007fb6c56586d5:   0f 1f 84 00 00 00 00 00 0f 1f 00 41 56 53 50 49
0x00007fb6c56586e5:   89 f6 48 85 ff 74 0a 4c 89 f6 e8 3c 01 01 00 eb
0x00007fb6c56586f5:   08 4c 89 f7 e8 b2 45 ff ff 48 89 c3 48 85 c0 74
0x00007fb6c5658705:   0d 48 89 df 31 f6 4c 89 f2 e8 fd 4e 83 00 48 89
0x00007fb6c5658715:   d8 48 83 c4 08 5b 41 5e c3 66 90 48 8b 47 10 8b
0x00007fb6c5658725:   40 0c c3 0f 1f 84 00 00 00 00 00 48 85 ff 74 08
0x00007fb6c5658735:   0f b7 87 c0 00 00 00 c3 31 c0 c3 31 c0 48 85 ff
0x00007fb6c5658745:   74 11 48 83 bf a0 00 00 00 00 74 07 0f b7 87 c0
0x00007fb6c5658755:   00 00 00 c3 0f 1f 80 00 00 00 00 48 85 ff 74 79
0x00007fb6c5658765:   55 41 56 53 89 f5 48 89 fb 48 8b 07 48 8b 78 18
0x00007fb6c5658775:   48 85 ff 74 06 ff 15 70 23 89 00 48 8b bb a0 00
0x00007fb6c5658785:   00 00 48 85 ff 74 17 0f b7 83 c0 00 00 00 39 e8
0x00007fb6c5658795:   76 0c 48 63 c5 48 6b c0 38 48 01 c7 eb 1b 48 8b
0x00007fb6c56587a5:   3b c7 47 50 19 00 00 00 be 19 00 00 00 e8 39 3b
0x00007fb6c56587b5:   01 00 48 8d 3d 2a 56 d9 ff e8 fd 5b 83 00 49 89
0x00007fb6c56587c5:   c6 48 8b 3b 8b 43 38 3d 0a 0c 00 00 74 17 80 7f
0x00007fb6c56587d5:   61 00 75 11 23 47 54 eb 19 48 8d 3d 03 56 d9 ff
0x00007fb6c56587e5:   e9 d6 5b 83 00 e8 01 3e 02 00 48 8b 3b b8 07 00
0x00007fb6c56587f5:   00 00 89 43 38 48 8b 7f 18 48 85 ff 74 06 ff 15
0x00007fb6c5658805:   f7 22 89 00 4c 89 f0 5b 41 5e 5d c3 66 2e 0f 1f
0x00007fb6c5658815:   84 00 00 00 00 00 0f 1f 44 00 00 55 41 56 53 48
0x00007fb6c5658825:   89 fb 4c 8d 35 ba 55 d9 ff 48 85 ff 74 4e 89 f5


Stack slot to memory mapping:

stack at sp + 0 slots: 0x00007fb72fd439c0 is at code_begin+1056 in an Interpreter codelet
native method entry point (kind = native)  [0x00007fb72fd435a0, 0x00007fb72fd44010]  2672 bytes
stack at sp + 1 slots: 0x00007fb6980056a0 is a thread
stack at sp + 2 slots: 0x00007fb6c63fc9a8 is pointing into the stack for thread: 0x00007fb6980056a0
stack at sp + 3 slots: 0x00007fb6c63fc990 is pointing into the stack for thread: 0x00007fb6980056a0
stack at sp + 4 slots: 0x00007fb7461ebfd3: <offset 0x0000000000fd2fd3> in /usr/lib/jvm/temurin-21-jdk-amd64/lib/server/libjvm.so at 0x00007fb745219000
stack at sp + 5 slots: 0x00007fb746665418: <offset 0x000000000144c418> in /usr/lib/jvm/temurin-21-jdk-amd64/lib/server/libjvm.so at 0x00007fb745219000
stack at sp + 6 slots: 0x00007fb6c63fc948 is pointing into the stack for thread: 0x00007fb6980056a0
stack at sp + 7 slots: 0x0 is null


Compiled method (c2) 10393 5264   !   4       org.robolectric.util.PerfStatsCollector::measure (44 bytes)
 total in heap  [0x00007fb7305c5010,0x00007fb7305c5648] = 1592
 relocation     [0x00007fb7305c5168,0x00007fb7305c51b8] = 80
 main code      [0x00007fb7305c51c0,0x00007fb7305c53d8] = 536
 stub code      [0x00007fb7305c53d8,0x00007fb7305c5400] = 40
 oops           [0x00007fb7305c5400,0x00007fb7305c5408] = 8
 metadata       [0x00007fb7305c5408,0x00007fb7305c5448] = 64
 scopes data    [0x00007fb7305c5448,0x00007fb7305c5548] = 256
 scopes pcs     [0x00007fb7305c5548,0x00007fb7305c55d8] = 144
 dependencies   [0x00007fb7305c55d8,0x00007fb7305c55e8] = 16
 handler table  [0x00007fb7305c55e8,0x00007fb7305c5630] = 72
 nul chk table  [0x00007fb7305c5630,0x00007fb7305c5648] = 24

[Constant Pool (empty)]

[MachCode]
[Entry Point]
  # {method} {0x00007fb6c7666d50} 'measure' '(Ljava/lang/String;Lorg/robolectric/util/PerfStatsCollector$ThrowingSupplier;)Ljava/lang/Object;' in 'org/robolectric/util/PerfStatsCollector'
  # this:     rsi:rsi   = 'org/robolectric/util/PerfStatsCollector'
  # parm0:    rdx:rdx   = 'java/lang/String'
  # parm1:    rcx:rcx   = 'org/robolectric/util/PerfStatsCollector$ThrowingSupplier'
  #           [sp+0x40]  (sp of caller)
  0x00007fb7305c51c0: 448b 5608 | 49bb 0000 | 00cb b67f | 0000 4d03 | d349 3bc2 

  0x00007fb7305c51d4: ;   {runtime_call ic_miss_stub}
  0x00007fb7305c51d4: 0f85 a6fe | 7bff 6690 | 0f1f 4000 
[Verified Entry Point]
  0x00007fb7305c51e0: 8984 2400 | c0fe ff55 | 4883 ec30 | 4181 7f20 | 0c00 0000 | 0f85 d001 | 0000 4889 | 5424 0848 
  0x00007fb7305c5200: 8bee 4889 | 0c24 4d8b | 87b8 0100 | 004d 8bd0 | 4983 c220 | 4d3b 97c8 | 0100 000f | 83b0 0000 
  0x00007fb7305c5220: 004d 8997 | b801 0000 | 410f 1882 | 0001 0000 | 49c7 0001 

  0x00007fb7305c5234: ;   {metadata('org/robolectric/util/PerfStatsCollector$Event')}
  0x00007fb7305c5234: 0000 0041 | c740 0800 | 5010 014d | 8960 1045 | 8960 1c4c | 8bd5 418b | 6a10 4c8b | 5c24 0845 
  0x00007fb7305c5254: 8958 0c45 | 8950 184c | 8944 2408 

  0x00007fb7305c5260: ; implicit exception: dispatches to 0x00007fb7305c5324
  0x00007fb7305c5260: 448b 5508 

  0x00007fb7305c5264: ;   {metadata('org/robolectric/util/PerfStatsCollector$$Lambda+0x00007fb6cc1077f8')}
  0x00007fb7305c5264: 4181 faf8 | 7710 010f | 857f 0000 | 0049 ba10 | 7bf3 45b7 | 7f00 0041 

  0x00007fb7305c527c: ;   {other}
  0x00007fb7305c527c: ffd2 0f1f | 8400 0000 | 0000 4c8b | 5424 0849 | 8942 1048 | 8b34 2466 | 9048 b8b0 | 20c5 79b6 
  0x00007fb7305c529c: ;   {virtual_call}
  0x00007fb7305c529c: 7f00 00e8 

  0x00007fb7305c52a0: ; ImmutableOopMap {[8]=Oop }
                      ;*invokeinterface get {reexecute=0 rethrow=0 return_oop=1}
                      ; - org.robolectric.util.PerfStatsCollector::measure@10 (line 52)
  0x00007fb7305c52a0: dcd5 88ff 

  0x00007fb7305c52a4: ;   {other}
  0x00007fb7305c52a4: 0f1f 8400 | 9402 0000 | 4c8b 5424 | 0845 8b52 | 1841 0fb6 | 6a0c 85ed | 7546 4883 

  0x00007fb7305c52c0: ;   {poll_return}
  0x00007fb7305c52c0: c430 5d49 | 3ba7 5004 | 0000 0f87 | e400 0000 

  0x00007fb7305c52d0: ;   {metadata('org/robolectric/util/PerfStatsCollector$Event')}
  0x00007fb7305c52d0: c348 be00 | 5010 ccb6 

  0x00007fb7305c52d8: ;   {runtime_call _new_instance_Java}
  0x00007fb7305c52d8: 7f00 00e8 

  0x00007fb7305c52dc: ; ImmutableOopMap {rbp=Oop [0]=Oop [8]=Oop }
                      ;*new {reexecute=0 rethrow=0 return_oop=1}
                      ; - org.robolectric.util.PerfStatsCollector::startEvent@0 (line 44)
                      ; - org.robolectric.util.PerfStatsCollector::measure@4 (line 50)
  0x00007fb7305c52dc: a0c0 88ff 

  0x00007fb7305c52e0: ;   {other}
  0x00007fb7305c52e0: 0f1f 8400 | d002 0001 | 4c8b c0e9 | 57ff ffff | bede ffff 

  0x00007fb7305c52f4: ;   {runtime_call UncommonTrapBlob}
  0x00007fb7305c52f4: ff66 90e8 

  0x00007fb7305c52f8: ; ImmutableOopMap {rbp=NarrowOop [0]=Oop [8]=Oop }
                      ;*invokeinterface nanoTime {reexecute=0 rethrow=0 return_oop=0}
                      ; - org.robolectric.util.PerfStatsCollector$Event::<init>@19 (line 126)
                      ; - org.robolectric.util.PerfStatsCollector::startEvent@6 (line 44)
                      ; - org.robolectric.util.PerfStatsCollector::measure@4 (line 50)
  0x00007fb7305c52f8: 045c 7cff 

  0x00007fb7305c52fc: ;   {other}
  0x00007fb7305c52fc: 0f1f 8400 | ec02 0002 | be45 ffff | ff48 ff74 | 2408 488f | 0424 4889 

  0x00007fb7305c5314: ;   {runtime_call UncommonTrapBlob}
  0x00007fb7305c5314: 4424 08e8 

  0x00007fb7305c5318: ; ImmutableOopMap {[0]=Oop [8]=Oop }
                      ;*ifne {reexecute=1 rethrow=0 return_oop=0}
                      ; - (reexecute) org.robolectric.util.PerfStatsCollector$Event::finished@7 (line 134)
                      ; - org.robolectric.util.PerfStatsCollector::measure@20 (line 57)
  0x00007fb7305c5318: e45b 7cff 

  0x00007fb7305c531c: ;   {other}
  0x00007fb7305c531c: 0f1f 8400 | 0c03 0003 | bef6 ffff | ff48 8b2c 

  0x00007fb7305c532c: ;   {runtime_call UncommonTrapBlob}
  0x00007fb7305c532c: 2466 90e8 

  0x00007fb7305c5330: ; ImmutableOopMap {rbp=Oop }
                      ;*invokeinterface nanoTime {reexecute=0 rethrow=0 return_oop=0}
                      ; - org.robolectric.util.PerfStatsCollector$Event::<init>@19 (line 126)
                      ; - org.robolectric.util.PerfStatsCollector::startEvent@6 (line 44)
                      ; - org.robolectric.util.PerfStatsCollector::measure@4 (line 50)
  0x00007fb7305c5330: cc5b 7cff 

  0x00007fb7305c5334: ;   {other}
  0x00007fb7305c5334: 0f1f 8400 | 2403 0004 | bef6 ffff | ff48 8b6c | 2408 4889 

  0x00007fb7305c5348: ;   {runtime_call UncommonTrapBlob}
  0x00007fb7305c5348: 0424 90e8 

  0x00007fb7305c534c: ; ImmutableOopMap {rbp=Oop [0]=Oop }
                      ;*getfield enabled {reexecute=1 rethrow=0 return_oop=0}
                      ; - (reexecute) org.robolectric.util.PerfStatsCollector::access$300@1 (line 17)
                      ; - org.robolectric.util.PerfStatsCollector$Event::finished@4 (line 134)
                      ; - org.robolectric.util.PerfStatsCollector::measure@20 (line 57)
  0x00007fb7305c534c: b05b 7cff 

  0x00007fb7305c5350: ;   {other}
  0x00007fb7305c5350: 0f1f 8400 | 4003 0005 | 488b f0eb | 4648 8bf0 | eb41 488b | e844 8b50 

  0x00007fb7305c5368: ;   {metadata('java/lang/Exception')}
  0x00007fb7305c5368: 0849 bb20 | c000 cbb6 | 7f00 0049 | b800 0000 | cbb6 7f00 | 004d 03c2 | 4d8b 5040 | 4d3b d375 
  0x00007fb7305c5388: 2433 d248 | 8b74 2408 

  0x00007fb7305c5390: ;   {optimized virtual_call}
  0x00007fb7305c5390: 6666 90e8 

  0x00007fb7305c5394: ; ImmutableOopMap {rbp=Oop }
                      ;*invokevirtual finished {reexecute=0 rethrow=0 return_oop=0}
                      ; - org.robolectric.util.PerfStatsCollector::measure@38 (line 57)
  0x00007fb7305c5394: a8fa ffff 

  0x00007fb7305c5398: ;   {other}
  0x00007fb7305c5398: 0f1f 8400 | 8803 0006 | 488b f548 | 83c4 305d 

  0x00007fb7305c53a8: ;   {runtime_call _rethrow_Java}
  0x00007fb7305c53a8: e953 2a89 | ffba 0100 | 0000 ebd7 

  0x00007fb7305c53b4: ;   {internal_word}
  0x00007fb7305c53b4: 49ba c352 | 5c30 b77f | 0000 4d89 | 9768 0400 

  0x00007fb7305c53c4: ;   {runtime_call SafepointBlob}
  0x00007fb7305c53c4: 00e9 366c 

  0x00007fb7305c53c8: ;   {runtime_call StubRoutines (final stubs)}
  0x00007fb7305c53c8: 7cff e8b1 | 607a ffe9 | 26fe ffff | f4f4 f4f4 
[Stub Code]
  0x00007fb7305c53d8: ;   {no_reloc}
  0x00007fb7305c53d8: 48bb 0000 | 0000 0000 

  0x00007fb7305c53e0: ;   {runtime_call nmethod}
  0x00007fb7305c53e0: 0000 e9fb 

  0x00007fb7305c53e4: ;   {runtime_call ExceptionBlob}
  0x00007fb7305c53e4: ffff ffe9 | 9467 88ff 
[Deopt Handler Code]
  0x00007fb7305c53ec: e800 0000 | 0048 832c 

  0x00007fb7305c53f4: ;   {runtime_call DeoptimizationBlob}
  0x00007fb7305c53f4: 2405 e9a5 | 5e7c fff4 | f4f4 f4f4 
[/MachCode]


Compiled method (c1) 10396 5224       3       java.lang.invoke.LambdaForm$DMH/0x00007fb6cc695000::invokeStatic (17 bytes)
 total in heap  [0x00007fb728f2ce10,0x00007fb728f2d4b8] = 1704
 relocation     [0x00007fb728f2cf68,0x00007fb728f2cfc8] = 96
 main code      [0x00007fb728f2cfe0,0x00007fb728f2d370] = 912
 stub code      [0x00007fb728f2d370,0x00007fb728f2d3c0] = 80
 oops           [0x00007fb728f2d3c0,0x00007fb728f2d3c8] = 8
 metadata       [0x00007fb728f2d3c8,0x00007fb728f2d3d8] = 16
 scopes data    [0x00007fb728f2d3d8,0x00007fb728f2d430] = 88
 scopes pcs     [0x00007fb728f2d430,0x00007fb728f2d4a0] = 112
 dependencies   [0x00007fb728f2d4a0,0x00007fb728f2d4a8] = 8
 nul chk table  [0x00007fb728f2d4a8,0x00007fb728f2d4b8] = 16

[Constant Pool (empty)]

[MachCode]
[Verified Entry Point]
  # {method} {0x00007fb6ca1f0288} 'invokeStatic' '(Ljava/lang/Object;JJ)I' in 'java/lang/invoke/LambdaForm$DMH+0x00007fb6cc695000'
  # parm0:    rsi:rsi   = 'java/lang/Object'
  # parm1:    rdx:rdx   = long
  # parm2:    rcx:rcx   = long
  #           [sp+0x60]  (sp of caller)
  0x00007fb728f2cfe0: 8984 2400 | c0fe ff55 | 4883 ec50 | 4181 7f20 | 0c00 0000 

  0x00007fb728f2cff4: ;   {runtime_call StubRoutines (final stubs)}
  0x00007fb728f2cff4: 7405 e885 

  0x00007fb728f2cff8: ;   {metadata(method data for {method} {0x00007fb6ca1f0288} 'invokeStatic' '(Ljava/lang/Object;JJ)I' in 'java/lang/invoke/LambdaForm$DMH+0x00007fb6cc695000')}
  0x00007fb728f2cff8: e4e3 0648 | bfd0 041f | cab6 7f00 | 0048 8dbf | 4002 0000 | 4885 f675 | 0cf6 0701 | 754c f048 
  0x00007fb728f2d018: 830f 01eb | 458b 5e08 | 49ba 0000 | 00cb b67f | 0000 4903 | da4c 8bd3 | 4833 1f48 | f7c3 fcff 
  0x00007fb728f2d038: ffff 7426 | f6c3 0275 | 2148 f707 | feff ffff | 7415 498b | da48 331f | 48f7 c3fc | ffff ff74 
  0x00007fb728f2d058: 0948 830f | 02eb 0348 

  0x00007fb728f2d060: ;   {metadata(method data for {method} {0x00007fb6ca1f0288} 'invokeStatic' '(Ljava/lang/Object;JJ)I' in 'java/lang/invoke/LambdaForm$DMH+0x00007fb6cc695000')}
  0x00007fb728f2d060: 891f 48bf | d004 1fca | b67f 0000 | 8b9f f400 | 0000 83c3 | 0289 9ff4 | 0000 0081 | e3fe 0700 
  0x00007fb728f2d080: 0085 db0f | 8456 0200 

  0x00007fb728f2d088: ;   {metadata(method data for {method} {0x00007fb6ca1f0288} 'invokeStatic' '(Ljava/lang/Object;JJ)I' in 'java/lang/invoke/LambdaForm$DMH+0x00007fb6cc695000')}
  0x00007fb728f2d088: 0048 bfd0 | 041f cab6 | 7f00 0048 | 8dbf 4801 | 0000 4885 | f675 0ef6 | 4708 0175 | 52f0 4883 
  0x00007fb728f2d0a8: 4f08 01eb | 4a8b 5e08 | 49ba 0000 | 00cb b67f | 0000 4903 | da4c 8bd3 | 4833 5f08 | 48f7 c3fc 
  0x00007fb728f2d0c8: ffff ff74 | 2af6 c302 | 7525 48f7 | 4708 feff | ffff 7417 | 498b da48 | 335f 0848 | f7c3 fcff 
  0x00007fb728f2d0e8: ffff 740b | 4883 4f08 | 02eb 0448 

  0x00007fb728f2d0f4: ;   {metadata(method data for {method} {0x00007fb6ca1f0288} 'invokeStatic' '(Ljava/lang/Object;JJ)I' in 'java/lang/invoke/LambdaForm$DMH+0x00007fb6cc695000')}
  0x00007fb728f2d0f4: 895f 0848 | bfd0 041f | cab6 7f00 | 0048 8387 | 3801 0000 

  0x00007fb728f2d108: ;   {metadata(method data for {method} {0x00007fb6cb0a1a00} 'internalMemberName' '(Ljava/lang/Object;)Ljava/lang/Object;' in 'java/lang/invoke/DirectMethodHandle')}
  0x00007fb728f2d108: 0148 bf88 | 1a2d c7b6 | 7f00 008b | 9ff4 0000 | 0083 c302 | 899f f400 | 0000 81e3 | feff 1f00 
  0x00007fb728f2d128: 85db 0f84 | d001 0000 | 4885 f675 

  0x00007fb728f2d134: ;   {metadata(method data for {method} {0x00007fb6cb0a1a00} 'internalMemberName' '(Ljava/lang/Object;)Ljava/lang/Object;' in 'java/lang/invoke/DirectMethodHandle')}
  0x00007fb728f2d134: 1648 bb88 | 1a2d c7b6 | 7f00 0080 | 8b31 0100 | 0001 e9cd 

  0x00007fb728f2d148: ;   {metadata('java/lang/invoke/DirectMethodHandle')}
  0x00007fb728f2d148: 0000 0048 | b878 f109 | cbb6 7f00 | 008b 5e08 | 49ba 0000 | 00cb b67f | 0000 4903 | da48 3b43 
  0x00007fb728f2d168: 400f 858d 

  0x00007fb728f2d16c: ;   {metadata(method data for {method} {0x00007fb6cb0a1a00} 'internalMemberName' '(Ljava/lang/Object;)Ljava/lang/Object;' in 'java/lang/invoke/DirectMethodHandle')}
  0x00007fb728f2d16c: 0000 0048 | bb88 1a2d | c7b6 7f00 | 008b 4608 | 49ba 0000 | 00cb b67f | 0000 4903 | c248 3b83 
  0x00007fb728f2d18c: 4801 0000 | 750d 4883 | 8350 0100 | 0001 e979 | 0000 0048 | 3b83 5801 | 0000 750d | 4883 8360 
  0x00007fb728f2d1ac: 0100 0001 | e963 0000 | 0048 83bb | 4801 0000 | 0075 1748 | 8983 4801 | 0000 48c7 | 8350 0100 
  0x00007fb728f2d1cc: 0001 0000 | 00e9 4200 | 0000 4883 | bb58 0100 | 0000 7517 | 4889 8358 | 0100 0048 | c783 6001 
  0x00007fb728f2d1ec: 0000 0100 | 0000 e921 | 0000 00e9 | 1c00 0000 

  0x00007fb728f2d1fc: ;   {metadata(method data for {method} {0x00007fb6cb0a1a00} 'internalMemberName' '(Ljava/lang/Object;)Ljava/lang/Object;' in 'java/lang/invoke/DirectMethodHandle')}
  0x00007fb728f2d1fc: 48bb 881a | 2dc7 b67f | 0000 4883 | ab38 0100 | 0001 e90e | 0100 00e9 | 0000 0000 

  0x00007fb728f2d218: ; implicit exception: dispatches to 0x00007fb728f2d32a
                      ;   {metadata(method data for {method} {0x00007fb6ca1f0288} 'invokeStatic' '(Ljava/lang/Object;JJ)I' in 'java/lang/invoke/LambdaForm$DMH+0x00007fb6cc695000')}
  0x00007fb728f2d218: 8b7e 2048 | bed0 041f | cab6 7f00 | 0048 8db6 | 5801 0000 | 4885 ff75 | 0cf6 0601 | 7546 f048 
  0x00007fb728f2d238: 830e 01eb 

  0x00007fb728f2d23c: ;   {metadata('java/lang/invoke/MemberName')}
  0x00007fb728f2d23c: 3f48 bb98 | 1c09 cbb6 | 7f00 004c | 8bd3 4833 | 1e48 f7c3 | fcff ffff | 7426 f6c3 | 0275 2148 
  0x00007fb728f2d25c: f706 feff | ffff 7415 | 498b da48 | 331e 48f7 | c3fc ffff | ff74 0948 | 830e 02eb | 0348 891e 
  0x00007fb728f2d27c: ;   {metadata(method data for {method} {0x00007fb6ca1f0288} 'invokeStatic' '(Ljava/lang/Object;JJ)I' in 'java/lang/invoke/LambdaForm$DMH+0x00007fb6cc695000')}
  0x00007fb728f2d27c: 48be d004 | 1fca b67f | 0000 488d | b6b0 0100 | 0048 85ff | 750c f646 | 0801 7506 | f048 834e 
  0x00007fb728f2d29c: ;   {metadata(method data for {method} {0x00007fb6ca1f0288} 'invokeStatic' '(Ljava/lang/Object;JJ)I' in 'java/lang/invoke/LambdaForm$DMH+0x00007fb6cc695000')}
  0x00007fb728f2d29c: 0801 48be | d004 1fca | b67f 0000 | 4883 86a0 | 0100 0001 | 488b f248 | 8bd1 488b | cf66 0f1f 
  0x00007fb728f2d2bc: ;   {static_call}
  0x00007fb728f2d2bc: 4400 00e8 

  0x00007fb728f2d2c0: ; ImmutableOopMap {}
                      ;*invokestatic linkToStatic {reexecute=0 rethrow=0 return_oop=0}
                      ; - java.lang.invoke.LambdaForm$DMH/0x00007fb6cc695000::invokeStatic@13
  0x00007fb728f2d2c0: 3ca4 6507 

  0x00007fb728f2d2c4: ;   {other}
  0x00007fb728f2d2c4: 0f1f 8400 | b404 0000 | 4883 c450 

  0x00007fb728f2d2d0: ;   {poll_return}
  0x00007fb728f2d2d0: 5d49 3ba7 | 5004 0000 | 0f87 5100 

  0x00007fb728f2d2dc: ;   {metadata({method} {0x00007fb6ca1f0288} 'invokeStatic' '(Ljava/lang/Object;JJ)I' in 'java/lang/invoke/LambdaForm$DMH+0x00007fb6cc695000')}
  0x00007fb728f2d2dc: 0000 c349 | ba88 021f | cab6 7f00 | 004c 8954 | 2408 48c7 | 0424 ffff 

  0x00007fb728f2d2f4: ;   {runtime_call counter_overflow Runtime1 stub}
  0x00007fb728f2d2f4: ffff e885 

  0x00007fb728f2d2f8: ; ImmutableOopMap {rsi=Oop }
                      ;*synchronization entry
                      ; - java.lang.invoke.LambdaForm$DMH/0x00007fb6cc695000::invokeStatic@-1
  0x00007fb728f2d2f8: ebf1 06e9 | 89fd ffff 

  0x00007fb728f2d300: ;   {metadata({method} {0x00007fb6cb0a1a00} 'internalMemberName' '(Ljava/lang/Object;)Ljava/lang/Object;' in 'java/lang/invoke/DirectMethodHandle')}
  0x00007fb728f2d300: 49ba 001a | 0acb b67f | 0000 4c89 | 5424 0848 | c704 24ff 

  0x00007fb728f2d314: ;   {runtime_call counter_overflow Runtime1 stub}
  0x00007fb728f2d314: ffff ffe8 

  0x00007fb728f2d318: ; ImmutableOopMap {rsi=Oop }
                      ;*synchronization entry
                      ; - java.lang.invoke.DirectMethodHandle::internalMemberName@-1 (line 327)
                      ; - java.lang.invoke.LambdaForm$DMH/0x00007fb6cc695000::invokeStatic@1
  0x00007fb728f2d318: 64eb f106 | e90f feff | ff48 8934 

  0x00007fb728f2d324: ;   {runtime_call throw_class_cast_exception Runtime1 stub}
  0x00007fb728f2d324: 24e8 d6ba 

  0x00007fb728f2d328: ; ImmutableOopMap {}
                      ;*checkcast {reexecute=0 rethrow=0 return_oop=0}
                      ; - java.lang.invoke.DirectMethodHandle::internalMemberName@1 (line 327)
                      ; - java.lang.invoke.LambdaForm$DMH/0x00007fb6cc695000::invokeStatic@1
                      ;   {runtime_call throw_null_pointer_exception Runtime1 stub}
  0x00007fb728f2d328: f106 e8d1 

  0x00007fb728f2d32c: ; ImmutableOopMap {}
                      ;*getfield member {reexecute=1 rethrow=0 return_oop=0}
                      ; - (reexecute) java.lang.invoke.DirectMethodHandle::internalMemberName@4 (line 327)
                      ; - java.lang.invoke.LambdaForm$DMH/0x00007fb6cc695000::invokeStatic@1
                      ;   {internal_word}
  0x00007fb728f2d32c: 72f1 0649 | bad1 d2f2 | 28b7 7f00 | 004d 8997 | 6804 0000 

  0x00007fb728f2d340: ;   {runtime_call SafepointBlob}
  0x00007fb728f2d340: e9bb ece5 | 0649 8b87 | 0005 0000 | 49c7 8700 | 0500 0000 | 0000 0049 | c787 0805 | 0000 0000 
  0x00007fb728f2d360: 0000 4883 

  0x00007fb728f2d364: ;   {runtime_call unwind_exception Runtime1 stub}
  0x00007fb728f2d364: c450 5de9 | 9463 f106 | f4f4 f4f4 
[Stub Code]
  0x00007fb728f2d370: ;   {no_reloc}
  0x00007fb728f2d370: 48bb 0000 | 0000 0000 

  0x00007fb728f2d378: ;   {runtime_call nmethod}
  0x00007fb728f2d378: 0000 e9fb 

  0x00007fb728f2d37c: ;   {runtime_call handle_exception_from_callee Runtime1 stub}
  0x00007fb728f2d37c: ffff ffe8 | fcaf f106 

  0x00007fb728f2d384: ;   {external_word}
  0x00007fb728f2d384: 48bf 048b | 3546 b77f | 0000 4883 

  0x00007fb728f2d390: ;   {runtime_call MacroAssembler::debug64(char*, long, long*)}
  0x00007fb728f2d390: e4f0 e849 | 1aef 1cf4 
[Deopt Handler Code]
  0x00007fb728f2d398: ;   {section_word}
  0x00007fb728f2d398: 49ba 98d3 | f228 b77f | 0000 4152 

  0x00007fb728f2d3a4: ;   {runtime_call DeoptimizationBlob}
  0x00007fb728f2d3a4: e9f7 dee5 

  0x00007fb728f2d3a8: ;   {section_word}
  0x00007fb728f2d3a8: 0649 baa9 | d3f2 28b7 | 7f00 0041 

  0x00007fb728f2d3b4: ;   {runtime_call DeoptimizationBlob}
  0x00007fb728f2d3b4: 52e9 e6de | e506 f4f4 | f4f4 f4f4 
[/MachCode]


Compiled method (c2) 10400 7606   !   4       java.lang.invoke.LambdaForm$MH/0x00007fb6cc699c00::guardWithCatch (77 bytes)
 total in heap  [0x00007fb7303fb190,0x00007fb7303fb860] = 1744
 relocation     [0x00007fb7303fb2e8,0x00007fb7303fb350] = 104
 main code      [0x00007fb7303fb360,0x00007fb7303fb5b8] = 600
 stub code      [0x00007fb7303fb5b8,0x00007fb7303fb600] = 72
 oops           [0x00007fb7303fb600,0x00007fb7303fb608] = 8
 metadata       [0x00007fb7303fb608,0x00007fb7303fb630] = 40
 scopes data    [0x00007fb7303fb630,0x00007fb7303fb728] = 248
 scopes pcs     [0x00007fb7303fb728,0x00007fb7303fb7f8] = 208
 dependencies   [0x00007fb7303fb7f8,0x00007fb7303fb800] = 8
 handler table  [0x00007fb7303fb800,0x00007fb7303fb830] = 48
 nul chk table  [0x00007fb7303fb830,0x00007fb7303fb860] = 48

[Constant Pool (empty)]

[MachCode]
[Verified Entry Point]
  # {method} {0x00007fb6ca1f5788} 'guardWithCatch' '(Ljava/lang/Object;JJ)I' in 'java/lang/invoke/LambdaForm$MH+0x00007fb6cc699c00'
  # parm0:    rsi:rsi   = 'java/lang/Object'
  # parm1:    rdx:rdx   = long
  # parm2:    rcx:rcx   = long
  #           [sp+0x50]  (sp of caller)
  0x00007fb7303fb360: 8984 2400 | c0fe ff55 | 4883 ec40 | 4181 7f20 | 0c00 0000 | 0f85 3002 | 0000 4889 | 4c24 0848 
  0x00007fb7303fb380: 8914 2444 

  0x00007fb7303fb384: ;   {metadata('java/lang/invoke/BoundMethodHandle$Species_LLLLL')}
  0x00007fb7303fb384: 8b5e 0841 | 81fb 8818 | 2300 7543 | 448b 4620 | 448b 4e28 | 8b6e 2445 

  0x00007fb7303fb39c: ;   {metadata('java/lang/invoke/DirectMethodHandle')}
  0x00007fb7303fb39c: 8b58 0841 | 81fb 78f1 | 0900 754c | 4489 4c24 | 1049 8bf0 

  0x00007fb7303fb3b0: ;   {optimized virtual_call}
  0x00007fb7303fb3b0: 6666 90e8 

  0x00007fb7303fb3b4: ; ImmutableOopMap {rbp=NarrowOop [16]=NarrowOop }
                      ;*invokevirtual invokeBasic {reexecute=0 rethrow=0 return_oop=0}
                      ; - java.lang.invoke.LambdaForm$MH/0x00007fb6cc699c00::guardWithCatch@42
  0x00007fb7303fb3b4: 48cc 1800 

  0x00007fb7303fb3b8: ;   {other}
  0x00007fb7303fb3b8: 0f1f 8400 | 2802 0000 | 4883 c440 

  0x00007fb7303fb3c4: ;   {poll_return}
  0x00007fb7303fb3c4: 5d49 3ba7 | 5004 0000 | 0f87 c201 | 0000 c348 | 8bea 4889 | 0c24 4889 | 7424 08be | 66ff ffff 
  0x00007fb7303fb3e4: ;   {runtime_call UncommonTrapBlob}
  0x00007fb7303fb3e4: 6666 90e8 

  0x00007fb7303fb3e8: ; ImmutableOopMap {[8]=Oop }
                      ;*checkcast {reexecute=0 rethrow=0 return_oop=0}
                      ; - java.lang.invoke.LambdaForm$MH/0x00007fb6cc699c00::guardWithCatch@1
  0x00007fb7303fb3e8: 14fb 98ff 

  0x00007fb7303fb3ec: ;   {other}
  0x00007fb7303fb3ec: 0f1f 8400 | 5c02 0001 | bede ffff | ff44 894c | 2410 4489 

  0x00007fb7303fb400: ;   {runtime_call UncommonTrapBlob}
  0x00007fb7303fb400: 4424 14e8 

  0x00007fb7303fb404: ; ImmutableOopMap {rbp=NarrowOop [16]=NarrowOop [20]=NarrowOop }
                      ;*checkcast {reexecute=0 rethrow=0 return_oop=0}
                      ; - java.lang.invoke.LambdaForm$MH/0x00007fb6cc699c00::guardWithCatch@37
  0x00007fb7303fb404: f8fa 98ff 

  0x00007fb7303fb408: ;   {other}
  0x00007fb7303fb408: 0f1f 8400 | 7802 0002 | be5c ffff | ff48 8bea 

  0x00007fb7303fb418: ;   {runtime_call UncommonTrapBlob}
  0x00007fb7303fb418: 6666 90e8 

  0x00007fb7303fb41c: ; ImmutableOopMap {}
                      ;*checkcast {reexecute=0 rethrow=0 return_oop=0}
                      ; - java.lang.invoke.LambdaForm$MH/0x00007fb6cc699c00::guardWithCatch@1
  0x00007fb7303fb41c: e0fa 98ff 

  0x00007fb7303fb420: ;   {other}
  0x00007fb7303fb420: 0f1f 8400 | 9002 0003 | bef4 ffff | ff44 894c 

  0x00007fb7303fb430: ;   {runtime_call UncommonTrapBlob}
  0x00007fb7303fb430: 2410 90e8 

  0x00007fb7303fb434: ; ImmutableOopMap {rbp=NarrowOop [16]=NarrowOop }
                      ;*checkcast {reexecute=0 rethrow=0 return_oop=0}
                      ; - java.lang.invoke.LambdaForm$MH/0x00007fb6cc699c00::guardWithCatch@37
  0x00007fb7303fb434: c8fa 98ff 

  0x00007fb7303fb438: ;   {other}
  0x00007fb7303fb438: 0f1f 8400 | a802 0004 | 488b f0e9 | 9b00 0000 | 4c8b d844 

  0x00007fb7303fb44c: ;   {metadata('java/lang/Class')}
  0x00007fb7303fb44c: 8b45 0841 | 81f8 506b | 0000 0f85 | 9100 0000 | 488b 4510 

  0x00007fb7303fb460: ; implicit exception: dispatches to 0x00007fb7303fb558
  0x00007fb7303fb460: 448b 5014 | 4d8b cb45 | 8b5b 084d | 63c2 48be | 0000 00cb | b67f 0000 | 4903 f34e | 8b1c 0649 
  0x00007fb7303fb480: 3bc3 7535 | 448b 4424 | 1045 8b58 

  0x00007fb7303fb48c: ;   {metadata('java/lang/invoke/BoundMethodHandle$Species_LL')}
  0x00007fb7303fb48c: 0841 81fb | 30e9 2200 | 756e 498b | f049 8bd1 | 488b 0c24 | 4c8b 4424 

  0x00007fb7303fb4a4: ;   {optimized virtual_call}
  0x00007fb7303fb4a4: 0866 90e8 

  0x00007fb7303fb4a8: ; ImmutableOopMap {}
                      ;*invokevirtual invokeBasic {reexecute=0 rethrow=0 return_oop=0}
                      ; - java.lang.invoke.LambdaForm$MH/0x00007fb6cc699c00::guardWithCatch@69
  0x00007fb7303fb4a8: d49e 98ff 

  0x00007fb7303fb4ac: ;   {other}
  0x00007fb7303fb4ac: 0f1f 8400 | 1c03 0005 | e907 ffff | ff41 83fa | 2075 2148 | 3bf0 74c0 | 488b 7e28 | 8b0f 4883 
  0x00007fb7303fb4cc: c708 4885 | c0f2 48af | 0f85 0400 | 0000 4889 | 4620 74a4 | 498b f148 | 83c4 405d 

  0x00007fb7303fb4e8: ;   {runtime_call _rethrow_Java}
  0x00007fb7303fb4e8: e913 c9a5 | ffbe deff | ffff 4889 

  0x00007fb7303fb4f4: ;   {runtime_call UncommonTrapBlob}
  0x00007fb7303fb4f4: 4424 20e8 

  0x00007fb7303fb4f8: ; ImmutableOopMap {rbp=NarrowOop [16]=NarrowOop [32]=Oop }
                      ;*checkcast {reexecute=0 rethrow=0 return_oop=0}
                      ; - java.lang.invoke.LambdaForm$MH/0x00007fb6cc699c00::guardWithCatch@51
  0x00007fb7303fb4f8: 04fa 98ff 

  0x00007fb7303fb4fc: ;   {other}
  0x00007fb7303fb4fc: 0f1f 8400 | 6c03 0006 | bede ffff | ff48 8b2c | 244c 8b54 | 2408 4c89 | 1424 4c89 

  0x00007fb7303fb518: ;   {runtime_call UncommonTrapBlob}
  0x00007fb7303fb518: 4c24 08e8 

  0x00007fb7303fb51c: ; ImmutableOopMap {[8]=Oop [16]=NarrowOop }
                      ;*checkcast {reexecute=0 rethrow=0 return_oop=0}
                      ; - java.lang.invoke.LambdaForm$MH/0x00007fb6cc699c00::guardWithCatch@63
  0x00007fb7303fb51c: e0f9 98ff 

  0x00007fb7303fb520: ;   {other}
  0x00007fb7303fb520: 0f1f 8400 | 9003 0007 | bef4 ffff | ff48 8b2c | 244c 8b54 | 2408 4c89 | 1424 448b | 4424 1044 
  0x00007fb7303fb540: 8944 2408 | 4889 4424 

  0x00007fb7303fb548: ;   {runtime_call UncommonTrapBlob}
  0x00007fb7303fb548: 1866 90e8 

  0x00007fb7303fb54c: ; ImmutableOopMap {[8]=NarrowOop [24]=Oop }
                      ;*checkcast {reexecute=0 rethrow=0 return_oop=0}
                      ; - java.lang.invoke.LambdaForm$MH/0x00007fb6cc699c00::guardWithCatch@51
  0x00007fb7303fb54c: b0f9 98ff 

  0x00007fb7303fb550: ;   {other}
  0x00007fb7303fb550: 0f1f 8400 | c003 0008 | bef4 ffff | ff4c 895c 

  0x00007fb7303fb560: ;   {runtime_call UncommonTrapBlob}
  0x00007fb7303fb560: 2420 90e8 

  0x00007fb7303fb564: ; ImmutableOopMap {rbp=Oop [16]=NarrowOop [32]=Oop }
                      ;*invokevirtual isInstance {reexecute=0 rethrow=0 return_oop=0}
                      ; - java.lang.invoke.LambdaForm$MH/0x00007fb6cc699c00::guardWithCatch@55
  0x00007fb7303fb564: 98f9 98ff 

  0x00007fb7303fb568: ;   {other}
  0x00007fb7303fb568: 0f1f 8400 | d803 0009 | bef4 ffff | ff48 8b2c | 244c 8b54 | 2408 4c89 | 1424 4c89 

  0x00007fb7303fb584: ;   {runtime_call UncommonTrapBlob}
  0x00007fb7303fb584: 4c24 08e8 

  0x00007fb7303fb588: ; ImmutableOopMap {[8]=Oop }
                      ;*checkcast {reexecute=0 rethrow=0 return_oop=0}
                      ; - java.lang.invoke.LambdaForm$MH/0x00007fb6cc699c00::guardWithCatch@63
  0x00007fb7303fb588: 74f9 98ff 

  0x00007fb7303fb58c: ;   {other}
  0x00007fb7303fb58c: 0f1f 8400 | fc03 000a 

  0x00007fb7303fb594: ;   {internal_word}
  0x00007fb7303fb594: 49ba c5b3 | 3f30 b77f | 0000 4d89 | 9768 0400 

  0x00007fb7303fb5a4: ;   {runtime_call SafepointBlob}
  0x00007fb7303fb5a4: 00e9 560a 

  0x00007fb7303fb5a8: ;   {runtime_call StubRoutines (final stubs)}
  0x00007fb7303fb5a8: 99ff e8d1 | fe96 ffe9 | c6fd ffff | f4f4 f4f4 
[Stub Code]
  0x00007fb7303fb5b8: ;   {no_reloc}
  0x00007fb7303fb5b8: 48bb 0000 | 0000 0000 

  0x00007fb7303fb5c0: ;   {runtime_call nmethod}
  0x00007fb7303fb5c0: 0000 e9fb 

  0x00007fb7303fb5c4: ;   {static_stub}
  0x00007fb7303fb5c4: ffff ff48 | bb00 0000 | 0000 0000 

  0x00007fb7303fb5d0: ;   {runtime_call nmethod}
  0x00007fb7303fb5d0: 00e9 fbff 

  0x00007fb7303fb5d4: ;   {runtime_call ExceptionBlob}
  0x00007fb7303fb5d4: ffff e9a5 | 05a5 ffe8 | 0000 0000 | 4883 2c24 

  0x00007fb7303fb5e4: ;   {runtime_call DeoptimizationBlob}
  0x00007fb7303fb5e4: 05e9 b6fc | 98ff e800 | 0000 0048 | 832c 2405 

  0x00007fb7303fb5f4: ;   {runtime_call DeoptimizationBlob}
  0x00007fb7303fb5f4: e9a7 fc98 | fff4 f4f4 | f4f4 f4f4 
[/MachCode]


---------------  P R O C E S S  ---------------

Threads class SMR info:
_java_thread_list=0x00007fb6c00914c0, length=27, elements={
0x00007fb740032de0, 0x00007fb740151880, 0x00007fb740152df0, 0x00007fb740154580,
0x00007fb740155bc0, 0x00007fb740157160, 0x00007fb740158ca0, 0x00007fb74015a360,
0x00007fb7401d55d0, 0x00007fb7401d7d80, 0x00007fb7406e91c0, 0x00007fb7406ff1f0,
0x00007fb740708620, 0x00007fb740949fe0, 0x00007fb67996b4a0, 0x00007fb67996c910,
0x00007fb67c000ff0, 0x00007fb674000ff0, 0x00007fb674002220, 0x00007fb67c0b8220,
0x00007fb674196420, 0x00007fb6740d69c0, 0x00007fb67c0ae440, 0x00007fb6980056a0,
0x00007fb6a091de40, 0x00007fb6a0932570, 0x00007fb6a8005960
}

Java Threads: ( => current thread )
  0x00007fb740032de0 JavaThread "Test worker"                       [_thread_blocked, id=3092, stack(0x00007fb745034000,0x00007fb745134000) (1024K)]
  0x00007fb740151880 JavaThread "Reference Handler"          daemon [_thread_blocked, id=3100, stack(0x00007fb719813000,0x00007fb719913000) (1024K)]
  0x00007fb740152df0 JavaThread "Finalizer"                  daemon [_thread_blocked, id=3101, stack(0x00007fb719713000,0x00007fb719813000) (1024K)]
  0x00007fb740154580 JavaThread "Signal Dispatcher"          daemon [_thread_blocked, id=3102, stack(0x00007fb719613000,0x00007fb719713000) (1024K)]
  0x00007fb740155bc0 JavaThread "Service Thread"             daemon [_thread_blocked, id=3103, stack(0x00007fb719513000,0x00007fb719613000) (1024K)]
  0x00007fb740157160 JavaThread "Monitor Deflation Thread"   daemon [_thread_blocked, id=3104, stack(0x00007fb719413000,0x00007fb719513000) (1024K)]
  0x00007fb740158ca0 JavaThread "C2 CompilerThread0"         daemon [_thread_in_native, id=3105, stack(0x00007fb719313000,0x00007fb719413000) (1024K)]
  0x00007fb74015a360 JavaThread "C1 CompilerThread0"         daemon [_thread_blocked, id=3106, stack(0x00007fb719213000,0x00007fb719313000) (1024K)]
  0x00007fb7401d55d0 JavaThread "Notification Thread"        daemon [_thread_blocked, id=3107, stack(0x00007fb719043000,0x00007fb719143000) (1024K)]
  0x00007fb7401d7d80 JavaThread "Common-Cleaner"             daemon [_thread_blocked, id=3108, stack(0x00007fb718f43000,0x00007fb719043000) (1024K)]
  0x00007fb7406e91c0 JavaThread "/127.0.0.1:41255 to /127.0.0.1:40734 workers"        [_thread_blocked, id=3117, stack(0x00007fb718a15000,0x00007fb718b15000) (1024K)]
  0x00007fb7406ff1f0 JavaThread "/127.0.0.1:41255 to /127.0.0.1:40734 workers Thread 2"        [_thread_blocked, id=3118, stack(0x00007fb718905000,0x00007fb718a05000) (1024K)]
  0x00007fb740708620 JavaThread "/127.0.0.1:41255 to /127.0.0.1:40734 workers Thread 3"        [_thread_in_native, id=3119, stack(0x00007fb718805000,0x00007fb718905000) (1024K)]
  0x00007fb740949fe0 JavaThread "SDK 34 Main Thread"                [_thread_blocked, id=3120, stack(0x00007fb718705000,0x00007fb718805000) (1024K)]
  0x00007fb67996b4a0 JavaThread "DefaultDispatcher-worker-1" daemon [_thread_blocked, id=3122, stack(0x00007fb718100000,0x00007fb718200000) (1024K)]
  0x00007fb67996c910 JavaThread "DefaultDispatcher-worker-2 @coroutine#35" daemon [_thread_in_Java, id=3123, stack(0x00007fb718000000,0x00007fb718100000) (1024K)]
  0x00007fb67c000ff0 JavaThread "DefaultDispatcher-worker-3" daemon [_thread_blocked, id=3124, stack(0x00007fb6c6ce6000,0x00007fb6c6de6000) (1024K)]
  0x00007fb674000ff0 JavaThread "DefaultDispatcher-worker-4" daemon [_thread_blocked, id=3125, stack(0x00007fb6c6be6000,0x00007fb6c6ce6000) (1024K)]
  0x00007fb674002220 JavaThread "DefaultDispatcher-worker-5" daemon [_thread_blocked, id=3126, stack(0x00007fb6c6ae6000,0x00007fb6c6be6000) (1024K)]
  0x00007fb67c0b8220 JavaThread "arch_disk_io_0"             daemon [_thread_blocked, id=3127, stack(0x00007fb6c69e6000,0x00007fb6c6ae6000) (1024K)]
  0x00007fb674196420 JavaThread "arch_disk_io_1"             daemon [_thread_blocked, id=3134, stack(0x00007fb6c6200000,0x00007fb6c6300000) (1024K)]
  0x00007fb6740d69c0 JavaThread "arch_disk_io_2"             daemon [_thread_blocked, id=3137, stack(0x00007fb6c6100000,0x00007fb6c6200000) (1024K)]
  0x00007fb67c0ae440 JavaThread "arch_disk_io_3"             daemon [_thread_blocked, id=3140, stack(0x00007fb6c6000000,0x00007fb6c6100000) (1024K)]
=>0x00007fb6980056a0 JavaThread "WM.task-11"                 daemon [_thread_in_native, id=3149, stack(0x00007fb6c6300000,0x00007fb6c6400000) (1024K)]
  0x00007fb6a091de40 JavaThread "WM.task-12"                 daemon [_thread_blocked, id=3151, stack(0x00007fb6c68e6000,0x00007fb6c69e6000) (1024K)]
  0x00007fb6a0932570 JavaThread "C2 CompilerThread1"         daemon [_thread_blocked, id=3152, stack(0x00007fb718e18000,0x00007fb718f18000) (1024K)]
  0x00007fb6a8005960 JavaThread "WM.task-13"                 daemon [_thread_blocked, id=3154, stack(0x00007fb6c6400000,0x00007fb6c6500000) (1024K)]
Total: 27

Other Threads:
  0x00007fb7401484a0 VMThread "VM Thread"                           [id=3099, stack(0x00007fb719bfd000,0x00007fb719cfd000) (1024K)] _threads_hazard_ptr=0x00007fb6c00914c0
  0x00007fb740136970 WatcherThread "VM Periodic Task Thread"        [id=3098, stack(0x00007fb719cfe000,0x00007fb719dfe000) (1024K)]
  0x00007fb74005f3a0 WorkerThread "GC Thread#0"                     [id=3093, stack(0x00007fb728700000,0x00007fb728800000) (1024K)]
  0x00007fb6c00069a0 WorkerThread "GC Thread#1"                     [id=3110, stack(0x00007fb718d18000,0x00007fb718e18000) (1024K)]
  0x00007fb6c0007480 WorkerThread "GC Thread#2"                     [id=3111, stack(0x00007fb718c17000,0x00007fb718d17000) (1024K)]
  0x00007fb6c0007fa0 WorkerThread "GC Thread#3"                     [id=3112, stack(0x00007fb718b16000,0x00007fb718c16000) (1024K)]
  0x00007fb7400649a0 ConcurrentGCThread "G1 Main Marker"            [id=3094, stack(0x00007fb7285ff000,0x00007fb7286ff000) (1024K)]
  0x00007fb740065940 WorkerThread "G1 Conc#0"                       [id=3095, stack(0x00007fb7284fe000,0x00007fb7285fe000) (1024K)]
  0x00007fb740124fb0 ConcurrentGCThread "G1 Refine#0"               [id=3096, stack(0x00007fb719f00000,0x00007fb71a000000) (1024K)]
  0x00007fb740125f70 ConcurrentGCThread "G1 Service"                [id=3097, stack(0x00007fb719dff000,0x00007fb719eff000) (1024K)]
Total: 10

Threads with active compile tasks:
C2 CompilerThread0  10404 7396       4       java.util.Map::computeIfAbsent (45 bytes)
C1 CompilerThread0  10404 7621       3       android.content.res.AssetManager::retrieveAttributes (12 bytes)
C2 CompilerThread1  10404 7613   !   4       jdk.internal.loader.BuiltinClassLoader::loadClassOrNull (143 bytes)
Total: 3

VM state: not at safepoint (normal execution)

VM Mutex/Monitor currently owned by a thread:  ([mutex/lock_event])
[0x00007fb74678b3f8] MethodCompileQueue_lock - owner thread: 0x00007fb74015a360
[0x00007fb746789e78] Compile_lock - owner thread: 0x00007fb740949fe0

Heap address: 0x00000000e0000000, size: 512 MB, Compressed Oops mode: 32-bit

CDS archive(s) mapped at: [0x00007fb6cb000000-0x00007fb6cbc9c000-0x00007fb6cbc9c000), size 13221888, SharedBaseAddress: 0x00007fb6cb000000, ArchiveRelocationMode: 1.
Compressed class space mapped at: 0x00007fb6cc000000-0x00007fb70c000000, reserved size: 1073741824
Narrow klass base: 0x00007fb6cb000000, Narrow klass shift: 0, Narrow klass range: 0x100000000

GC Precious Log:
 CardTable entry size: 512
 Card Set container configuration: InlinePtr #cards 5 size 8 Array Of Cards #cards 12 size 40 Howl #buckets 4 coarsen threshold 1843 Howl Bitmap #cards 512 size 80 coarsen threshold 460 Card regions per heap region 1 cards per card region 2048
 CPUs: 4 total, 4 available
 Memory: 12288M
 Large Page Support: Disabled
 NUMA Support: Disabled
 Compressed Oops: Enabled (32-bit)
 Heap Region Size: 1M
 Heap Min Capacity: 8M
 Heap Initial Capacity: 192M
 Heap Max Capacity: 512M
 Pre-touch: Disabled
 Parallel Workers: 4
 Concurrent Workers: 1
 Concurrent Refinement Workers: 4
 Periodic GC: Disabled

Heap:
 garbage-first heap   total 215040K, used 132454K [0x00000000e0000000, 0x0000000100000000)
  region size 1024K, 24 young (24576K), 5 survivors (5120K)
 Metaspace       used 67728K, committed 71680K, reserved 1114112K
  class space    used 6617K, committed 8512K, reserved 1048576K

Heap Regions: E=young(eden), S=young(survivor), O=old, HS=humongous(starts), HC=humongous(continues), CS=collection set, F=free, TAMS=top-at-mark-start, PB=parsable bottom
|   0|0x00000000e0000000, 0x00000000e0100000, 0x00000000e0100000|100%|HS|  |TAMS 0x00000000e0000000| PB 0x00000000e0000000| Complete 
|   1|0x00000000e0100000, 0x00000000e0200000, 0x00000000e0200000|100%|HC|  |TAMS 0x00000000e0100000| PB 0x00000000e0100000| Complete 
|   2|0x00000000e0200000, 0x00000000e0300000, 0x00000000e0300000|100%|HS|  |TAMS 0x00000000e0200000| PB 0x00000000e0200000| Complete 
|   3|0x00000000e0300000, 0x00000000e0400000, 0x00000000e0400000|100%| O|  |TAMS 0x00000000e0300000| PB 0x00000000e0300000| Untracked 
|   4|0x00000000e0400000, 0x00000000e0500000, 0x00000000e0500000|100%|HS|  |TAMS 0x00000000e0400000| PB 0x00000000e0400000| Complete 
|   5|0x00000000e0500000, 0x00000000e0600000, 0x00000000e0600000|100%|HC|  |TAMS 0x00000000e0500000| PB 0x00000000e0500000| Complete 
|   6|0x00000000e0600000, 0x00000000e0700000, 0x00000000e0700000|100%| O|  |TAMS 0x00000000e0600000| PB 0x00000000e0600000| Untracked 
|   7|0x00000000e0700000, 0x00000000e0800000, 0x00000000e0800000|100%| O|  |TAMS 0x00000000e0700000| PB 0x00000000e0700000| Untracked 
|   8|0x00000000e0800000, 0x00000000e0900000, 0x00000000e0900000|100%| O|  |TAMS 0x00000000e0800000| PB 0x00000000e0800000| Untracked 
|   9|0x00000000e0900000, 0x00000000e0a00000, 0x00000000e0a00000|100%| O|  |TAMS 0x00000000e0900000| PB 0x00000000e0900000| Untracked 
|  10|0x00000000e0a00000, 0x00000000e0b00000, 0x00000000e0b00000|100%| O|  |TAMS 0x00000000e0a00000| PB 0x00000000e0a00000| Untracked 
|  11|0x00000000e0b00000, 0x00000000e0c00000, 0x00000000e0c00000|100%| O|  |TAMS 0x00000000e0b00000| PB 0x00000000e0b00000| Untracked 
|  12|0x00000000e0c00000, 0x00000000e0d00000, 0x00000000e0d00000|100%| O|  |TAMS 0x00000000e0c00000| PB 0x00000000e0c00000| Untracked 
|  13|0x00000000e0d00000, 0x00000000e0e00000, 0x00000000e0e00000|100%| O|  |TAMS 0x00000000e0d00000| PB 0x00000000e0d00000| Untracked 
|  14|0x00000000e0e00000, 0x00000000e0f00000, 0x00000000e0f00000|100%|HS|  |TAMS 0x00000000e0e00000| PB 0x00000000e0e00000| Complete 
|  15|0x00000000e0f00000, 0x00000000e1000000, 0x00000000e1000000|100%|HC|  |TAMS 0x00000000e0f00000| PB 0x00000000e0f00000| Complete 
|  16|0x00000000e1000000, 0x00000000e1100000, 0x00000000e1100000|100%|HC|  |TAMS 0x00000000e1000000| PB 0x00000000e1000000| Complete 
|  17|0x00000000e1100000, 0x00000000e1200000, 0x00000000e1200000|100%|HC|  |TAMS 0x00000000e1100000| PB 0x00000000e1100000| Complete 
|  18|0x00000000e1200000, 0x00000000e1300000, 0x00000000e1300000|100%|HC|  |TAMS 0x00000000e1200000| PB 0x00000000e1200000| Complete 
|  19|0x00000000e1300000, 0x00000000e1400000, 0x00000000e1400000|100%|HC|  |TAMS 0x00000000e1300000| PB 0x00000000e1300000| Complete 
|  20|0x00000000e1400000, 0x00000000e1500000, 0x00000000e1500000|100%|HC|  |TAMS 0x00000000e1400000| PB 0x00000000e1400000| Complete 
|  21|0x00000000e1500000, 0x00000000e1600000, 0x00000000e1600000|100%|HS|  |TAMS 0x00000000e1500000| PB 0x00000000e1500000| Complete 
|  22|0x00000000e1600000, 0x00000000e1700000, 0x00000000e1700000|100%| O|  |TAMS 0x00000000e1600000| PB 0x00000000e1600000| Untracked 
|  23|0x00000000e1700000, 0x00000000e1800000, 0x00000000e1800000|100%| O|  |TAMS 0x00000000e1700000| PB 0x00000000e1700000| Untracked 
|  24|0x00000000e1800000, 0x00000000e1900000, 0x00000000e1900000|100%|HS|  |TAMS 0x00000000e1800000| PB 0x00000000e1800000| Complete 
|  25|0x00000000e1900000, 0x00000000e1a00000, 0x00000000e1a00000|100%|HC|  |TAMS 0x00000000e1900000| PB 0x00000000e1900000| Complete 
|  26|0x00000000e1a00000, 0x00000000e1b00000, 0x00000000e1b00000|100%|HS|  |TAMS 0x00000000e1a00000| PB 0x00000000e1a00000| Complete 
|  27|0x00000000e1b00000, 0x00000000e1c00000, 0x00000000e1c00000|100%| O|  |TAMS 0x00000000e1b00000| PB 0x00000000e1b00000| Untracked 
|  28|0x00000000e1c00000, 0x00000000e1d00000, 0x00000000e1d00000|100%| O|  |TAMS 0x00000000e1c00000| PB 0x00000000e1c00000| Untracked 
|  29|0x00000000e1d00000, 0x00000000e1e00000, 0x00000000e1e00000|100%| O|  |TAMS 0x00000000e1d00000| PB 0x00000000e1d00000| Untracked 
|  30|0x00000000e1e00000, 0x00000000e1f00000, 0x00000000e1f00000|100%| O|  |TAMS 0x00000000e1e00000| PB 0x00000000e1e00000| Untracked 
|  31|0x00000000e1f00000, 0x00000000e2000000, 0x00000000e2000000|100%| O|  |TAMS 0x00000000e1f00000| PB 0x00000000e1f00000| Untracked 
|  32|0x00000000e2000000, 0x00000000e2100000, 0x00000000e2100000|100%| O|  |TAMS 0x00000000e2000000| PB 0x00000000e2000000| Untracked 
|  33|0x00000000e2100000, 0x00000000e2200000, 0x00000000e2200000|100%| O|Cm|TAMS 0x00000000e2100000| PB 0x00000000e2100000| Complete 
|  34|0x00000000e2200000, 0x00000000e2300000, 0x00000000e2300000|100%| O|Cm|TAMS 0x00000000e2200000| PB 0x00000000e2200000| Complete 
|  35|0x00000000e2300000, 0x00000000e2400000, 0x00000000e2400000|100%| O|  |TAMS 0x00000000e2300000| PB 0x00000000e2300000| Untracked 
|  36|0x00000000e2400000, 0x00000000e2500000, 0x00000000e2500000|100%| O|  |TAMS 0x00000000e2400000| PB 0x00000000e2400000| Untracked 
|  37|0x00000000e2500000, 0x00000000e2600000, 0x00000000e2600000|100%|HS|  |TAMS 0x00000000e2500000| PB 0x00000000e2500000| Complete 
|  38|0x00000000e2600000, 0x00000000e26a5cf8, 0x00000000e2700000| 64%| O|  |TAMS 0x00000000e2600000| PB 0x00000000e2600000| Untracked 
|  39|0x00000000e2700000, 0x00000000e2800000, 0x00000000e2800000|100%|HS|  |TAMS 0x00000000e2700000| PB 0x00000000e2700000| Complete 
|  40|0x00000000e2800000, 0x00000000e2900000, 0x00000000e2900000|100%|HC|  |TAMS 0x00000000e2800000| PB 0x00000000e2800000| Complete 
|  41|0x00000000e2900000, 0x00000000e2a00000, 0x00000000e2a00000|100%|HC|  |TAMS 0x00000000e2900000| PB 0x00000000e2900000| Complete 
|  42|0x00000000e2a00000, 0x00000000e2b00000, 0x00000000e2b00000|100%|HC|  |TAMS 0x00000000e2a00000| PB 0x00000000e2a00000| Complete 
|  43|0x00000000e2b00000, 0x00000000e2c00000, 0x00000000e2c00000|100%|HC|  |TAMS 0x00000000e2b00000| PB 0x00000000e2b00000| Complete 
|  44|0x00000000e2c00000, 0x00000000e2d00000, 0x00000000e2d00000|100%|HC|  |TAMS 0x00000000e2c00000| PB 0x00000000e2c00000| Complete 
|  45|0x00000000e2d00000, 0x00000000e2e00000, 0x00000000e2e00000|100%|HC|  |TAMS 0x00000000e2d00000| PB 0x00000000e2d00000| Complete 
|  46|0x00000000e2e00000, 0x00000000e2f00000, 0x00000000e2f00000|100%|HC|  |TAMS 0x00000000e2e00000| PB 0x00000000e2e00000| Complete 
|  47|0x00000000e2f00000, 0x00000000e3000000, 0x00000000e3000000|100%|HC|  |TAMS 0x00000000e2f00000| PB 0x00000000e2f00000| Complete 
|  48|0x00000000e3000000, 0x00000000e3100000, 0x00000000e3100000|100%|HC|  |TAMS 0x00000000e3000000| PB 0x00000000e3000000| Complete 
|  49|0x00000000e3100000, 0x00000000e3200000, 0x00000000e3200000|100%|HC|  |TAMS 0x00000000e3100000| PB 0x00000000e3100000| Complete 
|  50|0x00000000e3200000, 0x00000000e3300000, 0x00000000e3300000|100%|HC|  |TAMS 0x00000000e3200000| PB 0x00000000e3200000| Complete 
|  51|0x00000000e3300000, 0x00000000e3400000, 0x00000000e3400000|100%|HC|  |TAMS 0x00000000e3300000| PB 0x00000000e3300000| Complete 
|  52|0x00000000e3400000, 0x00000000e3500000, 0x00000000e3500000|100%|HC|  |TAMS 0x00000000e3400000| PB 0x00000000e3400000| Complete 
|  53|0x00000000e3500000, 0x00000000e3600000, 0x00000000e3600000|100%|HC|  |TAMS 0x00000000e3500000| PB 0x00000000e3500000| Complete 
|  54|0x00000000e3600000, 0x00000000e3700000, 0x00000000e3700000|100%|HC|  |TAMS 0x00000000e3600000| PB 0x00000000e3600000| Complete 
|  55|0x00000000e3700000, 0x00000000e3800000, 0x00000000e3800000|100%| O|  |TAMS 0x00000000e3700000| PB 0x00000000e3700000| Untracked 
|  56|0x00000000e3800000, 0x00000000e3800000, 0x00000000e3900000|  0%| F|  |TAMS 0x00000000e3800000| PB 0x00000000e3800000| Untracked 
|  57|0x00000000e3900000, 0x00000000e3a00000, 0x00000000e3a00000|100%| O|  |TAMS 0x00000000e3900000| PB 0x00000000e3900000| Untracked 
|  58|0x00000000e3a00000, 0x00000000e3b00000, 0x00000000e3b00000|100%| O|  |TAMS 0x00000000e3a00000| PB 0x00000000e3a00000| Untracked 
|  59|0x00000000e3b00000, 0x00000000e3c00000, 0x00000000e3c00000|100%| O|  |TAMS 0x00000000e3b00000| PB 0x00000000e3b00000| Untracked 
|  60|0x00000000e3c00000, 0x00000000e3d00000, 0x00000000e3d00000|100%| O|  |TAMS 0x00000000e3c00000| PB 0x00000000e3c00000| Untracked 
|  61|0x00000000e3d00000, 0x00000000e3e00000, 0x00000000e3e00000|100%| O|  |TAMS 0x00000000e3d00000| PB 0x00000000e3d00000| Untracked 
|  62|0x00000000e3e00000, 0x00000000e3f00000, 0x00000000e3f00000|100%|HS|  |TAMS 0x00000000e3e00000| PB 0x00000000e3e00000| Complete 
|  63|0x00000000e3f00000, 0x00000000e4000000, 0x00000000e4000000|100%|HC|  |TAMS 0x00000000e3f00000| PB 0x00000000e3f00000| Complete 
|  64|0x00000000e4000000, 0x00000000e4100000, 0x00000000e4100000|100%| O|  |TAMS 0x00000000e4000000| PB 0x00000000e4000000| Untracked 
|  65|0x00000000e4100000, 0x00000000e4200000, 0x00000000e4200000|100%| O|  |TAMS 0x00000000e4100000| PB 0x00000000e4100000| Untracked 
|  66|0x00000000e4200000, 0x00000000e4300000, 0x00000000e4300000|100%| O|  |TAMS 0x00000000e4200000| PB 0x00000000e4200000| Untracked 
|  67|0x00000000e4300000, 0x00000000e4400000, 0x00000000e4400000|100%| O|  |TAMS 0x00000000e4300000| PB 0x00000000e4300000| Untracked 
|  68|0x00000000e4400000, 0x00000000e4500000, 0x00000000e4500000|100%|HS|  |TAMS 0x00000000e4400000| PB 0x00000000e4400000| Complete 
|  69|0x00000000e4500000, 0x00000000e4600000, 0x00000000e4600000|100%|HC|  |TAMS 0x00000000e4500000| PB 0x00000000e4500000| Complete 
|  70|0x00000000e4600000, 0x00000000e4700000, 0x00000000e4700000|100%|HS|  |TAMS 0x00000000e4600000| PB 0x00000000e4600000| Complete 
|  71|0x00000000e4700000, 0x00000000e4800000, 0x00000000e4800000|100%|HC|  |TAMS 0x00000000e4700000| PB 0x00000000e4700000| Complete 
|  72|0x00000000e4800000, 0x00000000e4900000, 0x00000000e4900000|100%|HS|  |TAMS 0x00000000e4800000| PB 0x00000000e4800000| Complete 
|  73|0x00000000e4900000, 0x00000000e4a00000, 0x00000000e4a00000|100%|HC|  |TAMS 0x00000000e4900000| PB 0x00000000e4900000| Complete 
|  74|0x00000000e4a00000, 0x00000000e4b00000, 0x00000000e4b00000|100%|HC|  |TAMS 0x00000000e4a00000| PB 0x00000000e4a00000| Complete 
|  75|0x00000000e4b00000, 0x00000000e4c00000, 0x00000000e4c00000|100%|HS|  |TAMS 0x00000000e4b00000| PB 0x00000000e4b00000| Complete 
|  76|0x00000000e4c00000, 0x00000000e4d00000, 0x00000000e4d00000|100%|HC|  |TAMS 0x00000000e4c00000| PB 0x00000000e4c00000| Complete 
|  77|0x00000000e4d00000, 0x00000000e4e00000, 0x00000000e4e00000|100%|HC|  |TAMS 0x00000000e4d00000| PB 0x00000000e4d00000| Complete 
|  78|0x00000000e4e00000, 0x00000000e4f00000, 0x00000000e4f00000|100%|HC|  |TAMS 0x00000000e4e00000| PB 0x00000000e4e00000| Complete 
|  79|0x00000000e4f00000, 0x00000000e5000000, 0x00000000e5000000|100%|HC|  |TAMS 0x00000000e4f00000| PB 0x00000000e4f00000| Complete 
|  80|0x00000000e5000000, 0x00000000e5100000, 0x00000000e5100000|100%|HS|  |TAMS 0x00000000e5000000| PB 0x00000000e5000000| Complete 
|  81|0x00000000e5100000, 0x00000000e5200000, 0x00000000e5200000|100%|HC|  |TAMS 0x00000000e5100000| PB 0x00000000e5100000| Complete 
|  82|0x00000000e5200000, 0x00000000e5300000, 0x00000000e5300000|100%|HC|  |TAMS 0x00000000e5200000| PB 0x00000000e5200000| Complete 
|  83|0x00000000e5300000, 0x00000000e5300000, 0x00000000e5400000|  0%| F|  |TAMS 0x00000000e5300000| PB 0x00000000e5300000| Untracked 
|  84|0x00000000e5400000, 0x00000000e5400000, 0x00000000e5500000|  0%| F|  |TAMS 0x00000000e5400000| PB 0x00000000e5400000| Untracked 
|  85|0x00000000e5500000, 0x00000000e5500000, 0x00000000e5600000|  0%| F|  |TAMS 0x00000000e5500000| PB 0x00000000e5500000| Untracked 
|  86|0x00000000e5600000, 0x00000000e5600000, 0x00000000e5700000|  0%| F|  |TAMS 0x00000000e5600000| PB 0x00000000e5600000| Untracked 
|  87|0x00000000e5700000, 0x00000000e5700000, 0x00000000e5800000|  0%| F|  |TAMS 0x00000000e5700000| PB 0x00000000e5700000| Untracked 
|  88|0x00000000e5800000, 0x00000000e5800000, 0x00000000e5900000|  0%| F|  |TAMS 0x00000000e5800000| PB 0x00000000e5800000| Untracked 
|  89|0x00000000e5900000, 0x00000000e5900000, 0x00000000e5a00000|  0%| F|  |TAMS 0x00000000e5900000| PB 0x00000000e5900000| Untracked 
|  90|0x00000000e5a00000, 0x00000000e5a00000, 0x00000000e5b00000|  0%| F|  |TAMS 0x00000000e5a00000| PB 0x00000000e5a00000| Untracked 
|  91|0x00000000e5b00000, 0x00000000e5b00000, 0x00000000e5c00000|  0%| F|  |TAMS 0x00000000e5b00000| PB 0x00000000e5b00000| Untracked 
|  92|0x00000000e5c00000, 0x00000000e5d00000, 0x00000000e5d00000|100%|HS|  |TAMS 0x00000000e5c00000| PB 0x00000000e5c00000| Complete 
|  93|0x00000000e5d00000, 0x00000000e5e00000, 0x00000000e5e00000|100%|HC|  |TAMS 0x00000000e5d00000| PB 0x00000000e5d00000| Complete 
|  94|0x00000000e5e00000, 0x00000000e5e00000, 0x00000000e5f00000|  0%| F|  |TAMS 0x00000000e5e00000| PB 0x00000000e5e00000| Untracked 
|  95|0x00000000e5f00000, 0x00000000e5f00000, 0x00000000e6000000|  0%| F|  |TAMS 0x00000000e5f00000| PB 0x00000000e5f00000| Untracked 
|  96|0x00000000e6000000, 0x00000000e6000000, 0x00000000e6100000|  0%| F|  |TAMS 0x00000000e6000000| PB 0x00000000e6000000| Untracked 
|  97|0x00000000e6100000, 0x00000000e6100000, 0x00000000e6200000|  0%| F|  |TAMS 0x00000000e6100000| PB 0x00000000e6100000| Untracked 
|  98|0x00000000e6200000, 0x00000000e6200000, 0x00000000e6300000|  0%| F|  |TAMS 0x00000000e6200000| PB 0x00000000e6200000| Untracked 
|  99|0x00000000e6300000, 0x00000000e6300000, 0x00000000e6400000|  0%| F|  |TAMS 0x00000000e6300000| PB 0x00000000e6300000| Untracked 
| 100|0x00000000e6400000, 0x00000000e6400000, 0x00000000e6500000|  0%| F|  |TAMS 0x00000000e6400000| PB 0x00000000e6400000| Untracked 
| 101|0x00000000e6500000, 0x00000000e6500000, 0x00000000e6600000|  0%| F|  |TAMS 0x00000000e6500000| PB 0x00000000e6500000| Untracked 
| 102|0x00000000e6600000, 0x00000000e6600000, 0x00000000e6700000|  0%| F|  |TAMS 0x00000000e6600000| PB 0x00000000e6600000| Untracked 
| 103|0x00000000e6700000, 0x00000000e6700000, 0x00000000e6800000|  0%| F|  |TAMS 0x00000000e6700000| PB 0x00000000e6700000| Untracked 
| 104|0x00000000e6800000, 0x00000000e6800000, 0x00000000e6900000|  0%| F|  |TAMS 0x00000000e6800000| PB 0x00000000e6800000| Untracked 
| 105|0x00000000e6900000, 0x00000000e6900000, 0x00000000e6a00000|  0%| F|  |TAMS 0x00000000e6900000| PB 0x00000000e6900000| Untracked 
| 106|0x00000000e6a00000, 0x00000000e6a00000, 0x00000000e6b00000|  0%| F|  |TAMS 0x00000000e6a00000| PB 0x00000000e6a00000| Untracked 
| 107|0x00000000e6b00000, 0x00000000e6c00000, 0x00000000e6c00000|100%|HS|  |TAMS 0x00000000e6b00000| PB 0x00000000e6b00000| Complete 
| 108|0x00000000e6c00000, 0x00000000e6d00000, 0x00000000e6d00000|100%|HC|  |TAMS 0x00000000e6c00000| PB 0x00000000e6c00000| Complete 
| 109|0x00000000e6d00000, 0x00000000e6d00000, 0x00000000e6e00000|  0%| F|  |TAMS 0x00000000e6d00000| PB 0x00000000e6d00000| Untracked 
| 110|0x00000000e6e00000, 0x00000000e6e00000, 0x00000000e6f00000|  0%| F|  |TAMS 0x00000000e6e00000| PB 0x00000000e6e00000| Untracked 
| 111|0x00000000e6f00000, 0x00000000e6f00000, 0x00000000e7000000|  0%| F|  |TAMS 0x00000000e6f00000| PB 0x00000000e6f00000| Untracked 
| 112|0x00000000e7000000, 0x00000000e7000000, 0x00000000e7100000|  0%| F|  |TAMS 0x00000000e7000000| PB 0x00000000e7000000| Untracked 
| 113|0x00000000e7100000, 0x00000000e7100000, 0x00000000e7200000|  0%| F|  |TAMS 0x00000000e7100000| PB 0x00000000e7100000| Untracked 
| 114|0x00000000e7200000, 0x00000000e7200000, 0x00000000e7300000|  0%| F|  |TAMS 0x00000000e7200000| PB 0x00000000e7200000| Untracked 
| 115|0x00000000e7300000, 0x00000000e7300000, 0x00000000e7400000|  0%| F|  |TAMS 0x00000000e7300000| PB 0x00000000e7300000| Untracked 
| 116|0x00000000e7400000, 0x00000000e7400000, 0x00000000e7500000|  0%| F|  |TAMS 0x00000000e7400000| PB 0x00000000e7400000| Untracked 
| 117|0x00000000e7500000, 0x00000000e7500000, 0x00000000e7600000|  0%| F|  |TAMS 0x00000000e7500000| PB 0x00000000e7500000| Untracked 
| 118|0x00000000e7600000, 0x00000000e7600000, 0x00000000e7700000|  0%| F|  |TAMS 0x00000000e7600000| PB 0x00000000e7600000| Untracked 
| 119|0x00000000e7700000, 0x00000000e7700000, 0x00000000e7800000|  0%| F|  |TAMS 0x00000000e7700000| PB 0x00000000e7700000| Untracked 
| 120|0x00000000e7800000, 0x00000000e7800000, 0x00000000e7900000|  0%| F|  |TAMS 0x00000000e7800000| PB 0x00000000e7800000| Untracked 
| 121|0x00000000e7900000, 0x00000000e7900000, 0x00000000e7a00000|  0%| F|  |TAMS 0x00000000e7900000| PB 0x00000000e7900000| Untracked 
| 122|0x00000000e7a00000, 0x00000000e7a00000, 0x00000000e7b00000|  0%| F|  |TAMS 0x00000000e7a00000| PB 0x00000000e7a00000| Untracked 
| 123|0x00000000e7b00000, 0x00000000e7b00000, 0x00000000e7c00000|  0%| F|  |TAMS 0x00000000e7b00000| PB 0x00000000e7b00000| Untracked 
| 124|0x00000000e7c00000, 0x00000000e7c00000, 0x00000000e7d00000|  0%| F|  |TAMS 0x00000000e7c00000| PB 0x00000000e7c00000| Untracked 
| 125|0x00000000e7d00000, 0x00000000e7d00000, 0x00000000e7e00000|  0%| F|  |TAMS 0x00000000e7d00000| PB 0x00000000e7d00000| Untracked 
| 126|0x00000000e7e00000, 0x00000000e7e00000, 0x00000000e7f00000|  0%| F|  |TAMS 0x00000000e7e00000| PB 0x00000000e7e00000| Untracked 
| 127|0x00000000e7f00000, 0x00000000e7f00000, 0x00000000e8000000|  0%| F|  |TAMS 0x00000000e7f00000| PB 0x00000000e7f00000| Untracked 
| 128|0x00000000e8000000, 0x00000000e8000000, 0x00000000e8100000|  0%| F|  |TAMS 0x00000000e8000000| PB 0x00000000e8000000| Untracked 
| 129|0x00000000e8100000, 0x00000000e8100000, 0x00000000e8200000|  0%| F|  |TAMS 0x00000000e8100000| PB 0x00000000e8100000| Untracked 
| 130|0x00000000e8200000, 0x00000000e8200000, 0x00000000e8300000|  0%| F|  |TAMS 0x00000000e8200000| PB 0x00000000e8200000| Untracked 
| 131|0x00000000e8300000, 0x00000000e8300000, 0x00000000e8400000|  0%| F|  |TAMS 0x00000000e8300000| PB 0x00000000e8300000| Untracked 
| 132|0x00000000e8400000, 0x00000000e8400000, 0x00000000e8500000|  0%| F|  |TAMS 0x00000000e8400000| PB 0x00000000e8400000| Untracked 
| 133|0x00000000e8500000, 0x00000000e8500000, 0x00000000e8600000|  0%| F|  |TAMS 0x00000000e8500000| PB 0x00000000e8500000| Untracked 
| 134|0x00000000e8600000, 0x00000000e8600000, 0x00000000e8700000|  0%| F|  |TAMS 0x00000000e8600000| PB 0x00000000e8600000| Untracked 
| 135|0x00000000e8700000, 0x00000000e8700000, 0x00000000e8800000|  0%| F|  |TAMS 0x00000000e8700000| PB 0x00000000e8700000| Untracked 
| 136|0x00000000e8800000, 0x00000000e8800000, 0x00000000e8900000|  0%| F|  |TAMS 0x00000000e8800000| PB 0x00000000e8800000| Untracked 
| 137|0x00000000e8900000, 0x00000000e8900000, 0x00000000e8a00000|  0%| F|  |TAMS 0x00000000e8900000| PB 0x00000000e8900000| Untracked 
| 138|0x00000000e8a00000, 0x00000000e8a00000, 0x00000000e8b00000|  0%| F|  |TAMS 0x00000000e8a00000| PB 0x00000000e8a00000| Untracked 
| 139|0x00000000e8b00000, 0x00000000e8b00000, 0x00000000e8c00000|  0%| F|  |TAMS 0x00000000e8b00000| PB 0x00000000e8b00000| Untracked 
| 140|0x00000000e8c00000, 0x00000000e8c00000, 0x00000000e8d00000|  0%| F|  |TAMS 0x00000000e8c00000| PB 0x00000000e8c00000| Untracked 
| 141|0x00000000e8d00000, 0x00000000e8d00000, 0x00000000e8e00000|  0%| F|  |TAMS 0x00000000e8d00000| PB 0x00000000e8d00000| Untracked 
| 142|0x00000000e8e00000, 0x00000000e8e00000, 0x00000000e8f00000|  0%| F|  |TAMS 0x00000000e8e00000| PB 0x00000000e8e00000| Untracked 
| 143|0x00000000e8f00000, 0x00000000e8f00000, 0x00000000e9000000|  0%| F|  |TAMS 0x00000000e8f00000| PB 0x00000000e8f00000| Untracked 
| 144|0x00000000e9000000, 0x00000000e9000000, 0x00000000e9100000|  0%| F|  |TAMS 0x00000000e9000000| PB 0x00000000e9000000| Untracked 
| 145|0x00000000e9100000, 0x00000000e9100000, 0x00000000e9200000|  0%| F|  |TAMS 0x00000000e9100000| PB 0x00000000e9100000| Untracked 
| 146|0x00000000e9200000, 0x00000000e9200000, 0x00000000e9300000|  0%| F|  |TAMS 0x00000000e9200000| PB 0x00000000e9200000| Untracked 
| 147|0x00000000e9300000, 0x00000000e9300000, 0x00000000e9400000|  0%| F|  |TAMS 0x00000000e9300000| PB 0x00000000e9300000| Untracked 
| 148|0x00000000e9400000, 0x00000000e9400000, 0x00000000e9500000|  0%| F|  |TAMS 0x00000000e9400000| PB 0x00000000e9400000| Untracked 
| 149|0x00000000e9500000, 0x00000000e9500000, 0x00000000e9600000|  0%| F|  |TAMS 0x00000000e9500000| PB 0x00000000e9500000| Untracked 
| 150|0x00000000e9600000, 0x00000000e9600000, 0x00000000e9700000|  0%| F|  |TAMS 0x00000000e9600000| PB 0x00000000e9600000| Untracked 
| 151|0x00000000e9700000, 0x00000000e9700000, 0x00000000e9800000|  0%| F|  |TAMS 0x00000000e9700000| PB 0x00000000e9700000| Untracked 
| 152|0x00000000e9800000, 0x00000000e9800000, 0x00000000e9900000|  0%| F|  |TAMS 0x00000000e9800000| PB 0x00000000e9800000| Untracked 
| 153|0x00000000e9900000, 0x00000000e9900000, 0x00000000e9a00000|  0%| F|  |TAMS 0x00000000e9900000| PB 0x00000000e9900000| Untracked 
| 154|0x00000000e9a00000, 0x00000000e9a00000, 0x00000000e9b00000|  0%| F|  |TAMS 0x00000000e9a00000| PB 0x00000000e9a00000| Untracked 
| 155|0x00000000e9b00000, 0x00000000e9b00000, 0x00000000e9c00000|  0%| F|  |TAMS 0x00000000e9b00000| PB 0x00000000e9b00000| Untracked 
| 156|0x00000000e9c00000, 0x00000000e9c00000, 0x00000000e9d00000|  0%| F|  |TAMS 0x00000000e9c00000| PB 0x00000000e9c00000| Untracked 
| 157|0x00000000e9d00000, 0x00000000e9d00000, 0x00000000e9e00000|  0%| F|  |TAMS 0x00000000e9d00000| PB 0x00000000e9d00000| Untracked 
| 158|0x00000000e9e00000, 0x00000000e9e00000, 0x00000000e9f00000|  0%| F|  |TAMS 0x00000000e9e00000| PB 0x00000000e9e00000| Untracked 
| 159|0x00000000e9f00000, 0x00000000e9f00000, 0x00000000ea000000|  0%| F|  |TAMS 0x00000000e9f00000| PB 0x00000000e9f00000| Untracked 
| 160|0x00000000ea000000, 0x00000000ea000000, 0x00000000ea100000|  0%| F|  |TAMS 0x00000000ea000000| PB 0x00000000ea000000| Untracked 
| 161|0x00000000ea100000, 0x00000000ea100000, 0x00000000ea200000|  0%| F|  |TAMS 0x00000000ea100000| PB 0x00000000ea100000| Untracked 
| 162|0x00000000ea200000, 0x00000000ea200000, 0x00000000ea300000|  0%| F|  |TAMS 0x00000000ea200000| PB 0x00000000ea200000| Untracked 
| 163|0x00000000ea300000, 0x00000000ea300000, 0x00000000ea400000|  0%| F|  |TAMS 0x00000000ea300000| PB 0x00000000ea300000| Untracked 
| 164|0x00000000ea400000, 0x00000000ea400000, 0x00000000ea500000|  0%| F|  |TAMS 0x00000000ea400000| PB 0x00000000ea400000| Untracked 
| 165|0x00000000ea500000, 0x00000000ea580000, 0x00000000ea600000| 50%| E|  |TAMS 0x00000000ea500000| PB 0x00000000ea500000| Complete 
| 166|0x00000000ea600000, 0x00000000ea700000, 0x00000000ea700000|100%| E|CS|TAMS 0x00000000ea600000| PB 0x00000000ea600000| Complete 
| 167|0x00000000ea700000, 0x00000000ea800000, 0x00000000ea800000|100%| E|CS|TAMS 0x00000000ea700000| PB 0x00000000ea700000| Complete 
| 168|0x00000000ea800000, 0x00000000ea900000, 0x00000000ea900000|100%| E|CS|TAMS 0x00000000ea800000| PB 0x00000000ea800000| Complete 
| 169|0x00000000ea900000, 0x00000000eaa00000, 0x00000000eaa00000|100%| E|CS|TAMS 0x00000000ea900000| PB 0x00000000ea900000| Complete 
| 170|0x00000000eaa00000, 0x00000000eab00000, 0x00000000eab00000|100%| E|CS|TAMS 0x00000000eaa00000| PB 0x00000000eaa00000| Complete 
| 171|0x00000000eab00000, 0x00000000eac00000, 0x00000000eac00000|100%| E|CS|TAMS 0x00000000eab00000| PB 0x00000000eab00000| Complete 
| 172|0x00000000eac00000, 0x00000000ead00000, 0x00000000ead00000|100%| E|CS|TAMS 0x00000000eac00000| PB 0x00000000eac00000| Complete 
| 173|0x00000000ead00000, 0x00000000eae00000, 0x00000000eae00000|100%| E|CS|TAMS 0x00000000ead00000| PB 0x00000000ead00000| Complete 
| 174|0x00000000eae00000, 0x00000000eaf00000, 0x00000000eaf00000|100%| E|CS|TAMS 0x00000000eae00000| PB 0x00000000eae00000| Complete 
| 175|0x00000000eaf00000, 0x00000000eb000000, 0x00000000eb000000|100%| E|CS|TAMS 0x00000000eaf00000| PB 0x00000000eaf00000| Complete 
| 176|0x00000000eb000000, 0x00000000eb100000, 0x00000000eb100000|100%| E|CS|TAMS 0x00000000eb000000| PB 0x00000000eb000000| Complete 
| 177|0x00000000eb100000, 0x00000000eb200000, 0x00000000eb200000|100%| E|CS|TAMS 0x00000000eb100000| PB 0x00000000eb100000| Complete 
| 178|0x00000000eb200000, 0x00000000eb300000, 0x00000000eb300000|100%| E|CS|TAMS 0x00000000eb200000| PB 0x00000000eb200000| Complete 
| 179|0x00000000eb300000, 0x00000000eb400000, 0x00000000eb400000|100%| E|CS|TAMS 0x00000000eb300000| PB 0x00000000eb300000| Complete 
| 180|0x00000000eb400000, 0x00000000eb500000, 0x00000000eb500000|100%|HS|  |TAMS 0x00000000eb400000| PB 0x00000000eb400000| Complete 
| 181|0x00000000eb500000, 0x00000000eb600000, 0x00000000eb600000|100%|HC|  |TAMS 0x00000000eb500000| PB 0x00000000eb500000| Complete 
| 182|0x00000000eb600000, 0x00000000eb700000, 0x00000000eb700000|100%|HC|  |TAMS 0x00000000eb600000| PB 0x00000000eb600000| Complete 
| 183|0x00000000eb700000, 0x00000000eb800000, 0x00000000eb800000|100%| S|CS|TAMS 0x00000000eb700000| PB 0x00000000eb700000| Complete 
| 184|0x00000000eb800000, 0x00000000eb900000, 0x00000000eb900000|100%| S|CS|TAMS 0x00000000eb800000| PB 0x00000000eb800000| Complete 
| 185|0x00000000eb900000, 0x00000000eba00000, 0x00000000eba00000|100%| S|CS|TAMS 0x00000000eb900000| PB 0x00000000eb900000| Complete 
| 186|0x00000000eba00000, 0x00000000ebb00000, 0x00000000ebb00000|100%| S|CS|TAMS 0x00000000eba00000| PB 0x00000000eba00000| Complete 
| 187|0x00000000ebb00000, 0x00000000ebbb3b78, 0x00000000ebc00000| 70%| S|CS|TAMS 0x00000000ebb00000| PB 0x00000000ebb00000| Complete 
| 190|0x00000000ebe00000, 0x00000000ebf00000, 0x00000000ebf00000|100%| E|CS|TAMS 0x00000000ebe00000| PB 0x00000000ebe00000| Complete 
| 191|0x00000000ebf00000, 0x00000000ec000000, 0x00000000ec000000|100%| E|CS|TAMS 0x00000000ebf00000| PB 0x00000000ebf00000| Complete 
| 492|0x00000000fec00000, 0x00000000fed00000, 0x00000000fed00000|100%| O|  |TAMS 0x00000000fec00000| PB 0x00000000fec00000| Untracked 
| 493|0x00000000fed00000, 0x00000000fee00000, 0x00000000fee00000|100%| O|  |TAMS 0x00000000fed00000| PB 0x00000000fed00000| Untracked 
| 494|0x00000000fee00000, 0x00000000fef00000, 0x00000000fef00000|100%| O|  |TAMS 0x00000000fee00000| PB 0x00000000fee00000| Untracked 
| 495|0x00000000fef00000, 0x00000000ff000000, 0x00000000ff000000|100%| O|  |TAMS 0x00000000fef00000| PB 0x00000000fef00000| Untracked 
| 496|0x00000000ff000000, 0x00000000ff100000, 0x00000000ff100000|100%| O|  |TAMS 0x00000000ff000000| PB 0x00000000ff000000| Untracked 
| 497|0x00000000ff100000, 0x00000000ff200000, 0x00000000ff200000|100%| E|CS|TAMS 0x00000000ff100000| PB 0x00000000ff100000| Complete 
| 498|0x00000000ff200000, 0x00000000ff300000, 0x00000000ff300000|100%| O|Cm|TAMS 0x00000000ff200000| PB 0x00000000ff200000| Complete 
| 499|0x00000000ff300000, 0x00000000ff400000, 0x00000000ff400000|100%| O|  |TAMS 0x00000000ff300000| PB 0x00000000ff300000| Untracked 
| 500|0x00000000ff400000, 0x00000000ff500000, 0x00000000ff500000|100%| O|  |TAMS 0x00000000ff400000| PB 0x00000000ff400000| Untracked 
| 501|0x00000000ff500000, 0x00000000ff600000, 0x00000000ff600000|100%| O|  |TAMS 0x00000000ff500000| PB 0x00000000ff500000| Untracked 
| 502|0x00000000ff600000, 0x00000000ff700000, 0x00000000ff700000|100%| O|  |TAMS 0x00000000ff600000| PB 0x00000000ff600000| Untracked 
| 503|0x00000000ff700000, 0x00000000ff800000, 0x00000000ff800000|100%| O|  |TAMS 0x00000000ff700000| PB 0x00000000ff700000| Untracked 
| 504|0x00000000ff800000, 0x00000000ff900000, 0x00000000ff900000|100%| O|  |TAMS 0x00000000ff800000| PB 0x00000000ff800000| Untracked 
| 505|0x00000000ff900000, 0x00000000ffa00000, 0x00000000ffa00000|100%| O|  |TAMS 0x00000000ff900000| PB 0x00000000ff900000| Untracked 
| 506|0x00000000ffa00000, 0x00000000ffb00000, 0x00000000ffb00000|100%| O|  |TAMS 0x00000000ffa00000| PB 0x00000000ffa00000| Untracked 
| 507|0x00000000ffb00000, 0x00000000ffc00000, 0x00000000ffc00000|100%| O|  |TAMS 0x00000000ffb00000| PB 0x00000000ffb00000| Untracked 
| 508|0x00000000ffc00000, 0x00000000ffd00000, 0x00000000ffd00000|100%| O|  |TAMS 0x00000000ffc00000| PB 0x00000000ffc00000| Untracked 
| 509|0x00000000ffd00000, 0x00000000ffe00000, 0x00000000ffe00000|100%| O|  |TAMS 0x00000000ffd00000| PB 0x00000000ffd00000| Untracked 
| 510|0x00000000ffe00000, 0x00000000fff00000, 0x00000000fff00000|100%| O|  |TAMS 0x00000000ffe00000| PB 0x00000000ffe00000| Untracked 
| 511|0x00000000fff00000, 0x0000000100000000, 0x0000000100000000|100%| E|CS|TAMS 0x00000000fff00000| PB 0x00000000fff00000| Complete 

Card table byte_map: [0x00007fb744803000,0x00007fb744903000] _byte_map_base: 0x00007fb744103000

Marking Bits: (CMBitMap*) 0x00007fb74005fed0
 Bits: [0x00007fb744000000, 0x00007fb744800000)

Polling page: 0x00007fb7469ac000

Metaspace:

Usage:
  Non-class:     59.68 MB used.
      Class:      6.46 MB used.
       Both:     66.14 MB used.

Virtual space:
  Non-class space:       64.00 MB reserved,      61.69 MB ( 96%) committed,  1 nodes.
      Class space:        1.00 GB reserved,       8.31 MB ( <1%) committed,  1 nodes.
             Both:        1.06 GB reserved,      70.00 MB (  6%) committed. 

Chunk freelists:
   Non-Class:  2.13 MB
       Class:  7.93 MB
        Both:  10.06 MB

MaxMetaspaceSize: unlimited
CompressedClassSpaceSize: 1.00 GB
Initial GC threshold: 21.00 MB
Current GC threshold: 114.19 MB
CDS: on
 - commit_granule_bytes: 65536.
 - commit_granule_words: 8192.
 - virtual_space_node_default_size: 8388608.
 - enlarge_chunks_in_place: 1.
 - use_allocation_guard: 0.


Internal statistics:

num_allocs_failed_limit: 18.
num_arena_births: 7310.
num_arena_deaths: 856.
num_vsnodes_births: 2.
num_vsnodes_deaths: 0.
num_space_committed: 1117.
num_space_uncommitted: 0.
num_chunks_returned_to_freelist: 1169.
num_chunks_taken_from_freelist: 11148.
num_chunk_merges: 248.
num_chunk_splits: 6920.
num_chunks_enlarged: 3924.
num_inconsistent_stats: 0.

CodeHeap 'non-profiled nmethods': size=120032Kb used=4143Kb max_used=4143Kb free=115888Kb
 bounds [0x00007fb7302c8000, 0x00007fb7306e8000, 0x00007fb737800000]
CodeHeap 'profiled nmethods': size=120028Kb used=15079Kb max_used=15079Kb free=104948Kb
 bounds [0x00007fb728800000, 0x00007fb7296c0000, 0x00007fb72fd37000]
CodeHeap 'non-nmethods': size=5700Kb used=2547Kb max_used=2569Kb free=3152Kb
 bounds [0x00007fb72fd37000, 0x00007fb72ffc7000, 0x00007fb7302c8000]
CodeCache: size=245760Kb, used=21769Kb, max_used=21791Kb, free=223988Kb
 total_blobs=8114, nmethods=6678, adapters=1341, full_count=0
Compilation: enabled, stopped_count=0, restarted_count=0

Compilation events (20 events):
Event: 10.310 Thread 0x00007fb6a0932570 7608       4       jdk.internal.ref.PhantomCleanable::clean (16 bytes)
Event: 10.319 Thread 0x00007fb6a0932570 nmethod 7608 0x00007fb7303f7e10 code [0x00007fb7303f8040, 0x00007fb7303f8fb8]
Event: 10.319 Thread 0x00007fb6a0932570 7613   !   4       jdk.internal.loader.BuiltinClassLoader::loadClassOrNull (143 bytes)
Event: 10.321 Thread 0x00007fb74015a360 7614       3       android.content.pm.PackagePartitions$SystemPartition::getOverlayFolder (7 bytes)
Event: 10.323 Thread 0x00007fb74015a360 nmethod 7614 0x00007fb72969ba10 code [0x00007fb72969bd80, 0x00007fb72969d380]
Event: 10.323 Thread 0x00007fb74015a360 7615       3       android.content.pm.PackagePartitions$SystemPartition::$$robo$$android_content_pm_PackagePartitions_SystemPartition$getOverlayFolder (19 bytes)
Event: 10.324 Thread 0x00007fb74015a360 nmethod 7615 0x00007fb72969db10 code [0x00007fb72969dea0, 0x00007fb72969f500]
Event: 10.326 Thread 0x00007fb74015a360 7618       3       android.content.pm.PackageParser::parsePackageItemInfo (26 bytes)
Event: 10.328 Thread 0x00007fb74015a360 nmethod 7618 0x00007fb72969fd10 code [0x00007fb7296a00c0, 0x00007fb7296a2108]
Event: 10.328 Thread 0x00007fb74015a360 7620       3       android.content.res.TypedArray::$$robo$$android_content_res_TypedArray$resize (96 bytes)
Event: 10.339 Thread 0x00007fb74015a360 nmethod 7620 0x00007fb7296a2b90 code [0x00007fb7296a39a0, 0x00007fb7296adf58]
Event: 10.339 Thread 0x00007fb74015a360 7636       3       kotlinx.serialization.internal.TaggedDecoder::decodeBooleanElement (17 bytes)
Event: 10.340 Thread 0x00007fb74015a360 nmethod 7636 0x00007fb7296b0a90 code [0x00007fb7296b0ec0, 0x00007fb7296b2a78]
Event: 10.340 Thread 0x00007fb74015a360 7637   !   3       kotlinx.serialization.json.internal.AbstractJsonTreeDecoder::decodeTaggedBoolean (75 bytes)
Event: 10.341 Thread 0x00007fb74015a360 nmethod 7637 0x00007fb7296b3410 code [0x00007fb7296b3720, 0x00007fb7296b4588]
Event: 10.341 Thread 0x00007fb74015a360 7638       3       kotlinx.serialization.json.internal.StringOpsKt::toBooleanStrictOrNull (43 bytes)
Event: 10.342 Thread 0x00007fb74015a360 nmethod 7638 0x00007fb7296b4d10 code [0x00007fb7296b4fa0, 0x00007fb7296b58f0]
Event: 10.342 Thread 0x00007fb74015a360 7629       3       android.content.res.TypedArray::recycle (7 bytes)
Event: 10.343 Thread 0x00007fb74015a360 nmethod 7629 0x00007fb7296b5c90 code [0x00007fb7296b6000, 0x00007fb7296b73e0]
Event: 10.343 Thread 0x00007fb74015a360 7630       3       android.content.res.TypedArray::$$robo$$android_content_res_TypedArray$recycle (71 bytes)

GC Heap History (20 events):
Event: 4.668 GC heap before
{Heap before GC invocations=10 (full 0):
 garbage-first heap   total 150528K, used 115924K [0x00000000e0000000, 0x0000000100000000)
  region size 1024K, 45 young (46080K), 5 survivors (5120K)
 Metaspace       used 48804K, committed 51584K, reserved 1114112K
  class space    used 4753K, committed 5952K, reserved 1048576K
}
Event: 4.675 GC heap after
{Heap after GC invocations=11 (full 0):
 garbage-first heap   total 150528K, used 76618K [0x00000000e0000000, 0x0000000100000000)
  region size 1024K, 2 young (2048K), 2 survivors (2048K)
 Metaspace       used 48804K, committed 51584K, reserved 1114112K
  class space    used 4753K, committed 5952K, reserved 1048576K
}
Event: 4.688 GC heap before
{Heap before GC invocations=11 (full 0):
 garbage-first heap   total 150528K, used 77642K [0x00000000e0000000, 0x0000000100000000)
  region size 1024K, 4 young (4096K), 2 survivors (2048K)
 Metaspace       used 49039K, committed 51776K, reserved 1114112K
  class space    used 4769K, committed 5952K, reserved 1048576K
}
Event: 4.691 GC heap after
{Heap after GC invocations=12 (full 0):
 garbage-first heap   total 150528K, used 76531K [0x00000000e0000000, 0x0000000100000000)
  region size 1024K, 2 young (2048K), 2 survivors (2048K)
 Metaspace       used 49039K, committed 51776K, reserved 1114112K
  class space    used 4769K, committed 5952K, reserved 1048576K
}
Event: 5.133 GC heap before
{Heap before GC invocations=13 (full 0):
 garbage-first heap   total 155648K, used 140019K [0x00000000e0000000, 0x0000000100000000)
  region size 1024K, 48 young (49152K), 2 survivors (2048K)
 Metaspace       used 54896K, committed 58432K, reserved 1114112K
  class space    used 5553K, committed 7104K, reserved 1048576K
}
Event: 5.140 GC heap after
{Heap after GC invocations=14 (full 0):
 garbage-first heap   total 155648K, used 82672K [0x00000000e0000000, 0x0000000100000000)
  region size 1024K, 6 young (6144K), 6 survivors (6144K)
 Metaspace       used 54896K, committed 58432K, reserved 1114112K
  class space    used 5553K, committed 7104K, reserved 1048576K
}
Event: 6.019 GC heap before
{Heap before GC invocations=14 (full 0):
 garbage-first heap   total 155648K, used 130800K [0x00000000e0000000, 0x0000000100000000)
  region size 1024K, 54 young (55296K), 6 survivors (6144K)
 Metaspace       used 63046K, committed 67200K, reserved 1114112K
  class space    used 6378K, committed 8192K, reserved 1048576K
}
Event: 6.026 GC heap after
{Heap after GC invocations=15 (full 0):
 garbage-first heap   total 155648K, used 81425K [0x00000000e0000000, 0x0000000100000000)
  region size 1024K, 4 young (4096K), 4 survivors (4096K)
 Metaspace       used 63046K, committed 67200K, reserved 1114112K
  class space    used 6378K, committed 8192K, reserved 1048576K
}
Event: 6.233 GC heap before
{Heap before GC invocations=15 (full 0):
 garbage-first heap   total 155648K, used 100881K [0x00000000e0000000, 0x0000000100000000)
  region size 1024K, 24 young (24576K), 4 survivors (4096K)
 Metaspace       used 65808K, committed 70016K, reserved 1114112K
  class space    used 6592K, committed 8448K, reserved 1048576K
}
Event: 6.238 GC heap after
{Heap after GC invocations=16 (full 0):
 garbage-first heap   total 155648K, used 83240K [0x00000000e0000000, 0x0000000100000000)
  region size 1024K, 5 young (5120K), 5 survivors (5120K)
 Metaspace       used 65808K, committed 70016K, reserved 1114112K
  class space    used 6592K, committed 8448K, reserved 1048576K
}
Event: 6.686 GC heap before
{Heap before GC invocations=17 (full 0):
 garbage-first heap   total 167936K, used 166184K [0x00000000e0000000, 0x0000000100000000)
  region size 1024K, 39 young (39936K), 5 survivors (5120K)
 Metaspace       used 65724K, committed 70144K, reserved 1114112K
  class space    used 6486K, committed 8448K, reserved 1048576K
}
Event: 6.696 GC heap after
{Heap after GC invocations=18 (full 0):
 garbage-first heap   total 177152K, used 96461K [0x00000000e0000000, 0x0000000100000000)
  region size 1024K, 6 young (6144K), 6 survivors (6144K)
 Metaspace       used 65724K, committed 70144K, reserved 1114112K
  class space    used 6486K, committed 8448K, reserved 1048576K
}
Event: 7.105 GC heap before
{Heap before GC invocations=18 (full 0):
 garbage-first heap   total 188416K, used 186573K [0x00000000e0000000, 0x0000000100000000)
  region size 1024K, 47 young (48128K), 6 survivors (6144K)
 Metaspace       used 66025K, committed 70272K, reserved 1114112K
  class space    used 6511K, committed 8448K, reserved 1048576K
}
Event: 7.114 GC heap after
{Heap after GC invocations=19 (full 0):
 garbage-first heap   total 196608K, used 95761K [0x00000000e0000000, 0x0000000100000000)
  region size 1024K, 6 young (6144K), 6 survivors (6144K)
 Metaspace       used 66025K, committed 70272K, reserved 1114112K
  class space    used 6511K, committed 8448K, reserved 1048576K
}
Event: 7.225 GC heap before
{Heap before GC invocations=19 (full 0):
 garbage-first heap   total 196608K, used 107025K [0x00000000e0000000, 0x0000000100000000)
  region size 1024K, 15 young (15360K), 6 survivors (6144K)
 Metaspace       used 66087K, committed 70272K, reserved 1114112K
  class space    used 6513K, committed 8448K, reserved 1048576K
}
Event: 7.229 GC heap after
{Heap after GC invocations=20 (full 0):
 garbage-first heap   total 196608K, used 86679K [0x00000000e0000000, 0x0000000100000000)
  region size 1024K, 2 young (2048K), 2 survivors (2048K)
 Metaspace       used 66087K, committed 70272K, reserved 1114112K
  class space    used 6513K, committed 8448K, reserved 1048576K
}
Event: 7.230 GC heap before
{Heap before GC invocations=20 (full 0):
 garbage-first heap   total 196608K, used 91799K [0x00000000e0000000, 0x0000000100000000)
  region size 1024K, 3 young (3072K), 2 survivors (2048K)
 Metaspace       used 66088K, committed 70272K, reserved 1114112K
  class space    used 6513K, committed 8448K, reserved 1048576K
}
Event: 7.232 GC heap after
{Heap after GC invocations=21 (full 0):
 garbage-first heap   total 196608K, used 88462K [0x00000000e0000000, 0x0000000100000000)
  region size 1024K, 2 young (2048K), 2 survivors (2048K)
 Metaspace       used 66088K, committed 70272K, reserved 1114112K
  class space    used 6513K, committed 8448K, reserved 1048576K
}
Event: 10.152 GC heap before
{Heap before GC invocations=22 (full 0):
 garbage-first heap   total 209920K, used 209294K [0x00000000e0000000, 0x0000000100000000)
  region size 1024K, 64 young (65536K), 2 survivors (2048K)
 Metaspace       used 67687K, committed 71680K, reserved 1114112K
  class space    used 6616K, committed 8512K, reserved 1048576K
}
Event: 10.159 GC heap after
{Heap after GC invocations=23 (full 0):
 garbage-first heap   total 215040K, used 97638K [0x00000000e0000000, 0x0000000100000000)
  region size 1024K, 5 young (5120K), 5 survivors (5120K)
 Metaspace       used 67687K, committed 71680K, reserved 1114112K
  class space    used 6616K, committed 8512K, reserved 1048576K
}

Dll operation events (20 events):
Event: 0.046 Attempting to load shared library /usr/lib/jvm/temurin-21-jdk-amd64/lib/libjsvml.so
Event: 0.046 Loaded shared library /usr/lib/jvm/temurin-21-jdk-amd64/lib/libjsvml.so
Event: 0.096 Attempting to load shared library /usr/lib/jvm/temurin-21-jdk-amd64/lib/libnio.so
Event: 0.097 Loaded shared library /usr/lib/jvm/temurin-21-jdk-amd64/lib/libnio.so
Event: 0.100 Attempting to load shared library /usr/lib/jvm/temurin-21-jdk-amd64/lib/libzip.so
Event: 0.100 Loaded shared library /usr/lib/jvm/temurin-21-jdk-amd64/lib/libzip.so
Event: 0.174 Attempting to load shared library /usr/lib/jvm/temurin-21-jdk-amd64/lib/libjimage.so
Event: 0.174 Loaded shared library /usr/lib/jvm/temurin-21-jdk-amd64/lib/libjimage.so
Event: 0.227 Attempting to load shared library /usr/lib/jvm/temurin-21-jdk-amd64/lib/libnet.so
Event: 0.227 Loaded shared library /usr/lib/jvm/temurin-21-jdk-amd64/lib/libnet.so
Event: 0.567 Attempting to load shared library /usr/lib/jvm/temurin-21-jdk-amd64/lib/libextnet.so
Event: 0.567 Loaded shared library /usr/lib/jvm/temurin-21-jdk-amd64/lib/libextnet.so
Event: 0.645 Attempting to load shared library /usr/lib/jvm/temurin-21-jdk-amd64/lib/libverify.so
Event: 0.645 Loaded shared library /usr/lib/jvm/temurin-21-jdk-amd64/lib/libverify.so
Event: 1.597 Attempting to load shared library /tmp/libconscrypt_openjdk_jni-linux-x86_6417889002398410000.so
Event: 1.600 Loaded shared library /tmp/libconscrypt_openjdk_jni-linux-x86_6417889002398410000.so
Event: 5.009 Attempting to load shared library /tmp/14304604347957637840/libsqlite4java.so
Event: 5.010 Loaded shared library /tmp/14304604347957637840/libsqlite4java.so
Event: 9.933 Attempting to load shared library /tmp/robolectric-nativeruntime6529723084697302542/librobolectric-nativeruntime.so
Event: 9.938 Loaded shared library /tmp/robolectric-nativeruntime6529723084697302542/librobolectric-nativeruntime.so

Deoptimization events (20 events):
Event: 10.184 Thread 0x00007fb740949fe0 DEOPT PACKING pc=0x00007fb7295a886c sp=0x00007fb718801900
Event: 10.184 Thread 0x00007fb740949fe0 DEOPT UNPACKING pc=0x00007fb72fd8b72f sp=0x00007fb718800d68 mode 0
Event: 10.185 Thread 0x00007fb740949fe0 DEOPT PACKING pc=0x00007fb7295ce91c sp=0x00007fb718801700
Event: 10.185 Thread 0x00007fb740949fe0 DEOPT UNPACKING pc=0x00007fb72fd8b72f sp=0x00007fb718800b80 mode 0
Event: 10.185 Thread 0x00007fb740949fe0 DEOPT PACKING pc=0x00007fb72958c984 sp=0x00007fb718801be0
Event: 10.185 Thread 0x00007fb740949fe0 DEOPT UNPACKING pc=0x00007fb72fd8b72f sp=0x00007fb718800da8 mode 0
Event: 10.199 Thread 0x00007fb740949fe0 DEOPT PACKING pc=0x00007fb7295b84bc sp=0x00007fb718801700
Event: 10.199 Thread 0x00007fb740949fe0 DEOPT UNPACKING pc=0x00007fb72fd8b72f sp=0x00007fb718800b88 mode 0
Event: 10.199 Thread 0x00007fb740949fe0 DEOPT PACKING pc=0x00007fb7295ae0a4 sp=0x00007fb718801be0
Event: 10.199 Thread 0x00007fb740949fe0 DEOPT UNPACKING pc=0x00007fb72fd8b72f sp=0x00007fb718800da8 mode 0
Event: 10.255 Thread 0x00007fb740949fe0 Uncommon trap: trap_request=0xffffff66 fr.pc=0x00007fb73048dda8 relative=0x0000000000000148
Event: 10.255 Thread 0x00007fb740949fe0 Uncommon trap: reason=speculate_class_check action=maybe_recompile pc=0x00007fb73048dda8 method=java.lang.invoke.LambdaForm$MH/0x00007fb6cc1ad800.invoke(Ljava/lang/Object;Ljava/lang/Object;II)I @ 29 c2
Event: 10.255 Thread 0x00007fb740949fe0 DEOPT PACKING pc=0x00007fb73048dda8 sp=0x00007fb7188017f0
Event: 10.255 Thread 0x00007fb740949fe0 DEOPT UNPACKING pc=0x00007fb72fd8af99 sp=0x00007fb718801778 mode 2
Event: 10.302 Thread 0x00007fb740949fe0 Uncommon trap: trap_request=0xffffff66 fr.pc=0x00007fb73048dda8 relative=0x0000000000000148
Event: 10.302 Thread 0x00007fb740949fe0 Uncommon trap: reason=speculate_class_check action=maybe_recompile pc=0x00007fb73048dda8 method=java.lang.invoke.LambdaForm$MH/0x00007fb6cc1ad800.invoke(Ljava/lang/Object;Ljava/lang/Object;II)I @ 29 c2
Event: 10.302 Thread 0x00007fb740949fe0 DEOPT PACKING pc=0x00007fb73048dda8 sp=0x00007fb718802660
Event: 10.302 Thread 0x00007fb740949fe0 DEOPT UNPACKING pc=0x00007fb72fd8af99 sp=0x00007fb718802608 mode 2
Event: 10.338 Thread 0x00007fb6980056a0 DEOPT PACKING pc=0x00007fb72962feec sp=0x00007fb6c63fce70
Event: 10.338 Thread 0x00007fb6980056a0 DEOPT UNPACKING pc=0x00007fb72fd8b72f sp=0x00007fb6c63fc388 mode 0

Classes loaded (20 events):
Event: 7.570 Loading class java/nio/file/ClosedDirectoryStreamException
Event: 7.570 Loading class java/nio/file/ClosedDirectoryStreamException done
Event: 7.570 Loading class java/nio/file/DirectoryIteratorException
Event: 7.571 Loading class java/nio/file/DirectoryIteratorException done
Event: 7.571 Loading class java/nio/file/FileTreeWalker$DirectoryNode
Event: 7.571 Loading class java/nio/file/FileTreeWalker$DirectoryNode done
Event: 7.572 Loading class java/nio/file/FileTreeWalker$Event
Event: 7.572 Loading class java/nio/file/FileTreeWalker$Event done
Event: 7.572 Loading class java/nio/file/FileTreeWalker$EventType
Event: 7.572 Loading class java/nio/file/FileTreeWalker$EventType done
Event: 7.575 Loading class sun/nio/fs/BasicFileAttributesHolder
Event: 7.575 Loading class sun/nio/fs/BasicFileAttributesHolder done
Event: 9.942 Loading class java/awt/Shape
Event: 9.942 Loading class java/awt/Shape done
Event: 9.942 Loading class java/awt/image/Raster
Event: 9.942 Loading class java/awt/image/Raster done
Event: 9.942 Loading class java/awt/image/WritableRaster
Event: 9.942 Loading class java/awt/image/WritableRaster done
Event: 10.013 Loading class jdk/internal/loader/NativeLibraries$Unloader
Event: 10.013 Loading class jdk/internal/loader/NativeLibraries$Unloader done

Classes unloaded (20 events):
Event: 7.311 Thread 0x00007fb7401484a0 Unloading class 0x00007fb6cc710800 'java/lang/invoke/LambdaForm$MH+0x00007fb6cc710800'
Event: 7.311 Thread 0x00007fb7401484a0 Unloading class 0x00007fb6cc710000 'java/lang/invoke/LambdaForm$MH+0x00007fb6cc710000'
Event: 7.311 Thread 0x00007fb7401484a0 Unloading class 0x00007fb6cc710400 'java/lang/invoke/LambdaForm$MH+0x00007fb6cc710400'
Event: 7.311 Thread 0x00007fb7401484a0 Unloading class 0x00007fb6cc70f400 'java/lang/invoke/LambdaForm$MH+0x00007fb6cc70f400'
Event: 7.311 Thread 0x00007fb7401484a0 Unloading class 0x00007fb6cc70ec00 'java/lang/invoke/LambdaForm$MH+0x00007fb6cc70ec00'
Event: 7.311 Thread 0x00007fb7401484a0 Unloading class 0x00007fb6cc70e000 'java/lang/invoke/LambdaForm$DMH+0x00007fb6cc70e000'
Event: 7.311 Thread 0x00007fb7401484a0 Unloading class 0x00007fb6cc70d800 'java/lang/invoke/LambdaForm$MH+0x00007fb6cc70d800'
Event: 7.311 Thread 0x00007fb7401484a0 Unloading class 0x00007fb6cc70d000 'java/lang/invoke/LambdaForm$MH+0x00007fb6cc70d000'
Event: 7.311 Thread 0x00007fb7401484a0 Unloading class 0x00007fb6cc70c800 'java/lang/invoke/LambdaForm$MH+0x00007fb6cc70c800'
Event: 7.311 Thread 0x00007fb7401484a0 Unloading class 0x00007fb6cc70c000 'java/lang/invoke/LambdaForm$MH+0x00007fb6cc70c000'
Event: 7.311 Thread 0x00007fb7401484a0 Unloading class 0x00007fb6cc707000 'java/lang/invoke/LambdaForm$MH+0x00007fb6cc707000'
Event: 7.311 Thread 0x00007fb7401484a0 Unloading class 0x00007fb6cc707400 'java/lang/invoke/LambdaForm$MH+0x00007fb6cc707400'
Event: 7.311 Thread 0x00007fb7401484a0 Unloading class 0x00007fb6cc706800 'java/lang/invoke/LambdaForm$MH+0x00007fb6cc706800'
Event: 7.311 Thread 0x00007fb7401484a0 Unloading class 0x00007fb6cc706400 'java/lang/invoke/LambdaForm$MH+0x00007fb6cc706400'
Event: 7.311 Thread 0x00007fb7401484a0 Unloading class 0x00007fb6cc705800 'java/lang/invoke/LambdaForm$MH+0x00007fb6cc705800'
Event: 7.311 Thread 0x00007fb7401484a0 Unloading class 0x00007fb6cc705c00 'java/lang/invoke/LambdaForm$MH+0x00007fb6cc705c00'
Event: 7.311 Thread 0x00007fb7401484a0 Unloading class 0x00007fb6cc705000 'java/lang/invoke/LambdaForm$MH+0x00007fb6cc705000'
Event: 7.311 Thread 0x00007fb7401484a0 Unloading class 0x00007fb6cc704c00 'java/lang/invoke/LambdaForm$MH+0x00007fb6cc704c00'
Event: 7.311 Thread 0x00007fb7401484a0 Unloading class 0x00007fb6cc704800 'java/lang/invoke/LambdaForm$MH+0x00007fb6cc704800'
Event: 7.311 Thread 0x00007fb7401484a0 Unloading class 0x00007fb6cc704400 'java/lang/invoke/LambdaForm$MH+0x00007fb6cc704400'

Classes redefined (0 events):
No events

Internal exceptions (20 events):
Event: 7.524 Thread 0x00007fb740949fe0 Exception <a 'sun/nio/fs/UnixException'{0x00000000e911dbb0}> (0x00000000e911dbb0) 
thrown [src/hotspot/share/prims/jni.cpp, line 520]
Event: 7.530 Thread 0x00007fb740949fe0 Exception <a 'java/lang/NoSuchMethodError'{0x00000000e900bf90}: 'void java.lang.invoke.DelegatingMethodHandle$Holder.delegate(java.lang.Object, java.lang.Object, int, java.lang.Object, java.lang.Object, int, int, long, java.lang.Object, java.lang.Object)'> (0x00000000e900bf90) 
thrown [src/hotspot/share/interpreter/linkResolver.cpp, line 772]
Event: 7.536 Thread 0x00007fb68c00bb90 Exception <a 'java/lang/NoSuchMethodError'{0x00000000e8f00b48}: 'java.lang.Object java.lang.invoke.DirectMethodHandle$Holder.newInvokeSpecial(java.lang.Object, long, long)'> (0x00000000e8f00b48) 
thrown [src/hotspot/share/interpreter/linkResolver.cpp, line 772]
Event: 7.539 Thread 0x00007fb68c00bb90 Exception <a 'java/lang/UnsatisfiedLinkError'{0x00000000e8f0d2c8}: 'int org.robolectric.nativeruntime.SQLiteConnectionNatives.nativeGetColumnCount(long, long)'> (0x00000000e8f0d2c8) 
thrown [src/hotspot/share/prims/nativeLookup.cpp, line 415]
Event: 7.541 Thread 0x00007fb68c00bb90 Exception <a 'java/lang/UnsatisfiedLinkError'{0x00000000e8f13c60}: 'void org.robolectric.nativeruntime.SQLiteConnectionNatives.nativeResetStatementAndClearBindings(long, long)'> (0x00000000e8f13c60) 
thrown [src/hotspot/share/prims/nativeLookup.cpp, line 415]
Event: 7.548 Thread 0x00007fb674196420 Exception <a 'java/lang/NoSuchMethodError'{0x00000000e8a96ca8}: 'java.lang.Object java.lang.invoke.DirectMethodHandle$Holder.newInvokeSpecial(java.lang.Object, long, java.lang.Object)'> (0x00000000e8a96ca8) 
thrown [src/hotspot/share/interpreter/linkResolver.cpp, line 772]
Event: 7.549 Thread 0x00007fb674196420 Exception <a 'java/lang/NoSuchMethodError'{0x00000000e8a9a210}: 'java.lang.Object java.lang.invoke.Invokers$Holder.linkToTargetMethod(long, java.lang.Object, java.lang.Object)'> (0x00000000e8a9a210) 
thrown [src/hotspot/share/interpreter/linkResolver.cpp, line 772]
Event: 7.549 Thread 0x00007fb674196420 Exception <a 'java/lang/UnsatisfiedLinkError'{0x00000000e8a9d448}: 'long org.robolectric.nativeruntime.SQLiteConnectionNatives.nativePrepareStatement(long, java.lang.String)'> (0x00000000e8a9d448) 
thrown [src/hotspot/share/prims/nativeLookup.cpp, line 415]
Event: 9.988 Thread 0x00007fb740949fe0 Implicit null exception at 0x00007fb7306c8620 to 0x00007fb7306d3790
Event: 10.015 Thread 0x00007fb740949fe0 Exception <a 'java/lang/NoSuchMethodError'{0x00000000e776cbd0}: 'java.lang.Object java.lang.invoke.DirectMethodHandle$Holder.invokeStatic(java.lang.Object, java.lang.Object, int, java.lang.Object, int, int, int, int)'> (0x00000000e776cbd0) 
thrown [src/hotspot/share/interpreter/linkResolver.cpp, line 772]
Event: 10.015 Thread 0x00007fb740949fe0 Exception <a 'java/lang/NoSuchMethodError'{0x00000000e7773fe0}: 'java.lang.Object java.lang.invoke.DirectMethodHandle$Holder.newInvokeSpecial(java.lang.Object, java.lang.Object, int, java.lang.Object, int, int, int, int)'> (0x00000000e7773fe0) 
thrown [src/hotspot/share/interpreter/linkResolver.cpp, line 772]
Event: 10.025 Thread 0x00007fb740949fe0 Exception <a 'java/lang/NoSuchMethodError'{0x00000000e77ba6c0}: 'java.lang.Object java.lang.invoke.DirectMethodHandle$Holder.newInvokeSpecial(java.lang.Object, long, long, int)'> (0x00000000e77ba6c0) 
thrown [src/hotspot/share/interpreter/linkResolver.cpp, line 772]
Event: 10.025 Thread 0x00007fb740949fe0 Exception <a 'java/lang/NoSuchMethodError'{0x00000000e77bdea0}: 'java.lang.Object java.lang.invoke.Invokers$Holder.linkToTargetMethod(long, long, int, java.lang.Object)'> (0x00000000e77bdea0) 
thrown [src/hotspot/share/interpreter/linkResolver.cpp, line 772]
Event: 10.029 Thread 0x00007fb740949fe0 Exception <a 'java/lang/NoSuchMethodError'{0x00000000e77d2990}: 'java.lang.Object java.lang.invoke.DirectMethodHandle$Holder.newInvokeSpecial(java.lang.Object, long, long, int, java.lang.Object)'> (0x00000000e77d2990) 
thrown [src/hotspot/share/interpreter/linkResolver.cpp, line 772]
Event: 10.030 Thread 0x00007fb740949fe0 Exception <a 'java/lang/NoSuchMethodError'{0x00000000e77ddaf8}: 'int java.lang.invoke.DelegatingMethodHandle$Holder.delegate(java.lang.Object, java.lang.Object, int, int, int)'> (0x00000000e77ddaf8) 
thrown [src/hotspot/share/interpreter/linkResolver.cpp, line 772]
Event: 10.039 Thread 0x00007fb740949fe0 Exception <a 'java/lang/NoSuchMethodError'{0x00000000e760c6d8}: 'java.lang.Object java.lang.invoke.DirectMethodHandle$Holder.invokeStatic(java.lang.Object, long, long, long, int, int, int)'> (0x00000000e760c6d8) 
thrown [src/hotspot/share/interpreter/linkResolver.cpp, line 772]
Event: 10.039 Thread 0x00007fb740949fe0 Exception <a 'java/lang/NoSuchMethodError'{0x00000000e7612c90}: 'java.lang.Object java.lang.invoke.DirectMethodHandle$Holder.newInvokeSpecial(java.lang.Object, long, long, long, int, int, int)'> (0x00000000e7612c90) 
thrown [src/hotspot/share/interpreter/linkResolver.cpp, line 772]
Event: 10.059 Thread 0x00007fb740949fe0 Exception <a 'java/lang/NoSuchMethodError'{0x00000000e7641968}: 'long java.lang.invoke.DelegatingMethodHandle$Holder.delegate(java.lang.Object, long, java.lang.Object, int)'> (0x00000000e7641968) 
thrown [src/hotspot/share/interpreter/linkResolver.cpp, line 772]
Event: 10.130 Thread 0x00007fb740949fe0 Exception <a 'sun/nio/fs/UnixException'{0x00000000e71dfa78}> (0x00000000e71dfa78) 
thrown [src/hotspot/share/prims/jni.cpp, line 520]
Event: 10.332 Thread 0x00007fb740949fe0 Exception <a 'sun/nio/fs/UnixException'{0x00000000eacf1680}> (0x00000000eacf1680) 
thrown [src/hotspot/share/prims/jni.cpp, line 520]

ZGC Phase Switch (0 events):
No events

VM Operations (20 events):
Event: 10.181 Executing non-safepoint VM operation: HandshakeAllThreads (Deoptimize)
Event: 10.181 Executing non-safepoint VM operation: HandshakeAllThreads (Deoptimize) done
Event: 10.183 Executing non-safepoint VM operation: HandshakeAllThreads (Deoptimize)
Event: 10.183 Executing non-safepoint VM operation: HandshakeAllThreads (Deoptimize) done
Event: 10.184 Executing non-safepoint VM operation: HandshakeAllThreads (Deoptimize)
Event: 10.184 Executing non-safepoint VM operation: HandshakeAllThreads (Deoptimize) done
Event: 10.184 Executing non-safepoint VM operation: HandshakeAllThreads (Deoptimize)
Event: 10.184 Executing non-safepoint VM operation: HandshakeAllThreads (Deoptimize) done
Event: 10.185 Executing non-safepoint VM operation: HandshakeAllThreads (Deoptimize)
Event: 10.185 Executing non-safepoint VM operation: HandshakeAllThreads (Deoptimize) done
Event: 10.185 Executing non-safepoint VM operation: HandshakeAllThreads (Deoptimize)
Event: 10.185 Executing non-safepoint VM operation: HandshakeAllThreads (Deoptimize) done
Event: 10.199 Executing non-safepoint VM operation: HandshakeAllThreads (Deoptimize)
Event: 10.199 Executing non-safepoint VM operation: HandshakeAllThreads (Deoptimize) done
Event: 10.199 Executing non-safepoint VM operation: HandshakeAllThreads (Deoptimize)
Event: 10.199 Executing non-safepoint VM operation: HandshakeAllThreads (Deoptimize) done
Event: 10.337 Executing non-safepoint VM operation: HandshakeAllThreads (Deoptimize)
Event: 10.337 Executing non-safepoint VM operation: HandshakeAllThreads (Deoptimize) done
Event: 10.338 Executing non-safepoint VM operation: HandshakeAllThreads (Deoptimize)
Event: 10.338 Executing non-safepoint VM operation: HandshakeAllThreads (Deoptimize) done

Memory protections (20 events):
Event: 6.523 Protecting memory [0x00007fb6c6500000,0x00007fb6c6504000] with protection modes 0
Event: 6.532 Protecting memory [0x00007fb6c6400000,0x00007fb6c6404000] with protection modes 0
Event: 6.547 Protecting memory [0x00007fb6c6100000,0x00007fb6c6104000] with protection modes 0
Event: 6.670 Protecting memory [0x00007fb6c6400000,0x00007fb6c6404000] with protection modes 0
Event: 6.675 Protecting memory [0x00007fb6c6300000,0x00007fb6c6304000] with protection modes 0
Event: 6.702 Protecting memory [0x00007fb6c6000000,0x00007fb6c6004000] with protection modes 0
Event: 6.834 Protecting memory [0x00007fb6c6300000,0x00007fb6c6304000] with protection modes 0
Event: 6.838 Protecting memory [0x00007fb6c68e6000,0x00007fb6c68ea000] with protection modes 0
Event: 6.960 Protecting memory [0x00007fb6c68e6000,0x00007fb6c68ea000] with protection modes 0
Event: 6.965 Protecting memory [0x00007fb6c6500000,0x00007fb6c6504000] with protection modes 0
Event: 7.084 Protecting memory [0x00007fb6c6500000,0x00007fb6c6504000] with protection modes 0
Event: 7.086 Protecting memory [0x00007fb6c5f00000,0x00007fb6c5f04000] with protection modes 0
Event: 7.221 Protecting memory [0x00007fb6c5f00000,0x00007fb6c5f04000] with protection modes 0
Event: 7.224 Protecting memory [0x00007fb6c6300000,0x00007fb6c6304000] with protection modes 0
Event: 7.403 Protecting memory [0x00007fb6c6300000,0x00007fb6c6304000] with protection modes 0
Event: 7.407 Protecting memory [0x00007fb6c68e6000,0x00007fb6c68ea000] with protection modes 0
Event: 7.543 Protecting memory [0x00007fb6c68e6000,0x00007fb6c68ea000] with protection modes 0
Event: 10.026 Protecting memory [0x00007fb718e18000,0x00007fb718e1c000] with protection modes 0
Event: 10.138 Protecting memory [0x00007fb6c6500000,0x00007fb6c6504000] with protection modes 0
Event: 10.160 Protecting memory [0x00007fb6c6400000,0x00007fb6c6404000] with protection modes 0

Nmethod flushes (20 events):
Event: 7.319 Thread 0x00007fb7401484a0 flushing  nmethod 0x00007fb728cfb710
Event: 7.319 Thread 0x00007fb7401484a0 flushing  nmethod 0x00007fb728cfc110
Event: 7.319 Thread 0x00007fb7401484a0 flushing  nmethod 0x00007fb728e0d010
Event: 7.319 Thread 0x00007fb7401484a0 flushing  nmethod 0x00007fb728e44110
Event: 7.319 Thread 0x00007fb7401484a0 flushing  nmethod 0x00007fb728e45b90
Event: 7.319 Thread 0x00007fb7401484a0 flushing  nmethod 0x00007fb728ee1210
Event: 7.319 Thread 0x00007fb7401484a0 flushing  nmethod 0x00007fb728ee9210
Event: 7.319 Thread 0x00007fb7401484a0 flushing  nmethod 0x00007fb728ee9810
Event: 7.319 Thread 0x00007fb7401484a0 flushing  nmethod 0x00007fb728ee9e90
Event: 7.319 Thread 0x00007fb7401484a0 flushing  nmethod 0x00007fb728eeae10
Event: 7.319 Thread 0x00007fb7401484a0 flushing  nmethod 0x00007fb728eec990
Event: 7.319 Thread 0x00007fb7401484a0 flushing  nmethod 0x00007fb728eef090
Event: 7.319 Thread 0x00007fb7401484a0 flushing  nmethod 0x00007fb728f16f90
Event: 7.319 Thread 0x00007fb7401484a0 flushing  nmethod 0x00007fb728f17310
Event: 7.319 Thread 0x00007fb7401484a0 flushing  nmethod 0x00007fb728f18190
Event: 7.319 Thread 0x00007fb7401484a0 flushing  nmethod 0x00007fb728f18710
Event: 7.319 Thread 0x00007fb7401484a0 flushing  nmethod 0x00007fb728f1a110
Event: 7.319 Thread 0x00007fb7401484a0 flushing  nmethod 0x00007fb728f1a490
Event: 7.319 Thread 0x00007fb7401484a0 flushing  nmethod 0x00007fb728f1a890
Event: 7.319 Thread 0x00007fb7401484a0 flushing  nmethod 0x00007fb728fbe010

Events (20 events):
Event: 7.083 Thread 0x00007fb668003b30 Thread added: 0x00007fb68c00bb90
Event: 7.086 Thread 0x00007fb668003b30 Thread exited: 0x00007fb668003b30
Event: 7.086 Thread 0x00007fb740949fe0 Thread added: 0x00007fb679c14050
Event: 7.180 Thread 0x00007fb679c14050 Thread exited: 0x00007fb679c14050
Event: 7.221 Thread 0x00007fb6741c1fa0 Thread added: 0x00007fb690039410
Event: 7.223 Thread 0x00007fb6741c1fa0 Thread exited: 0x00007fb6741c1fa0
Event: 7.224 Thread 0x00007fb740949fe0 Thread added: 0x00007fb679df43f0
Event: 7.360 Thread 0x00007fb679df43f0 Thread exited: 0x00007fb679df43f0
Event: 7.403 Thread 0x00007fb679c13940 Thread added: 0x00007fb6980056a0
Event: 7.406 Thread 0x00007fb679c13940 Thread exited: 0x00007fb679c13940
Event: 7.407 Thread 0x00007fb740949fe0 Thread added: 0x00007fb679c13940
Event: 7.491 Thread 0x00007fb679c13940 Thread exited: 0x00007fb679c13940
Event: 7.543 Thread 0x00007fb68c00bb90 Thread added: 0x00007fb6a091de40
Event: 7.544 Thread 0x00007fb68c00bb90 Thread exited: 0x00007fb68c00bb90
Event: 8.293 Thread 0x00007fb6a0733a30 Thread exited: 0x00007fb6a0733a30
Event: 10.026 Thread 0x00007fb74015a360 Thread added: 0x00007fb6a0932570
Event: 10.138 Thread 0x00007fb740949fe0 Thread added: 0x00007fb67a1dfea0
Event: 10.160 Thread 0x00007fb690039410 Thread added: 0x00007fb6a8005960
Event: 10.164 Thread 0x00007fb690039410 Thread exited: 0x00007fb690039410
Event: 10.304 Thread 0x00007fb67a1dfea0 Thread exited: 0x00007fb67a1dfea0


Dynamic libraries:
e0000000-ebc00000 rw-p 00000000 00:00 0 
ebc00000-ebe00000 ---p 00000000 00:00 0 
ebe00000-ec000000 rw-p 00000000 00:00 0 
ec000000-fec00000 ---p 00000000 00:00 0 
fec00000-ffe00000 rw-p 00000000 00:00 0 
ffe00000-fff0d000 rw-p 00cdb000 00:1f 978                                /usr/lib/jvm/temurin-21-jdk-amd64/lib/server/classes.jsa
fff0d000-100000000 rw-p 00000000 00:00 0 
55a219979000-55a21997a000 r-xp 00000000 00:1f 958                        /usr/lib/jvm/temurin-21-jdk-amd64/bin/java
55a21997b000-55a21997c000 r--p 00001000 00:1f 958                        /usr/lib/jvm/temurin-21-jdk-amd64/bin/java
55a21997c000-55a21997d000 rw-p 00002000 00:1f 958                        /usr/lib/jvm/temurin-21-jdk-amd64/bin/java
55a21997d000-55a219b65000 rw-p 00000000 00:00 0                          [heap]
7fa88faba000-7fa8902ba000 rw-p 00000000 00:00 0                          [stack]
7fb660000000-7fb660190000 rw-p 00000000 00:00 0 
7fb660190000-7fb664000000 ---p 00000000 00:00 0 
7fb66676d000-7fb668000000 r--p 00000000 00:19 3113                       /tmp/robolectric-nativeruntime6529723084697302542/icu/icudt68l.dat
7fb668000000-7fb668021000 rw-p 00000000 00:00 0 
7fb668021000-7fb66c000000 ---p 00000000 00:00 0 
7fb66c000000-7fb66c181000 rw-p 00000000 00:00 0 
7fb66c181000-7fb670000000 ---p 00000000 00:00 0 
7fb670000000-7fb67013c000 rw-p 00000000 00:00 0 
7fb67013c000-7fb674000000 ---p 00000000 00:00 0 
7fb674000000-7fb674221000 rw-p 00000000 00:00 0 
7fb674221000-7fb678000000 ---p 00000000 00:00 0 
7fb678000000-7fb67a25a000 rw-p 00000000 00:00 0 
7fb67a25a000-7fb67c000000 ---p 00000000 00:00 0 
7fb67c000000-7fb67c0ca000 rw-p 00000000 00:00 0 
7fb67c0ca000-7fb680000000 ---p 00000000 00:00 0 
7fb680000000-7fb680021000 rw-p 00000000 00:00 0 
7fb680021000-7fb684000000 ---p 00000000 00:00 0 
7fb684000000-7fb68407b000 rw-p 00000000 00:00 0 
7fb68407b000-7fb688000000 ---p 00000000 00:00 0 
7fb688000000-7fb688086000 rw-p 00000000 00:00 0 
7fb688086000-7fb68c000000 ---p 00000000 00:00 0 
7fb68c000000-7fb68c021000 rw-p 00000000 00:00 0 
7fb68c021000-7fb690000000 ---p 00000000 00:00 0 
7fb690000000-7fb69003c000 rw-p 00000000 00:00 0 
7fb69003c000-7fb694000000 ---p 00000000 00:00 0 
7fb694000000-7fb694030000 rw-p 00000000 00:00 0 
7fb694030000-7fb698000000 ---p 00000000 00:00 0 
7fb698000000-7fb698021000 rw-p 00000000 00:00 0 
7fb698021000-7fb69c000000 ---p 00000000 00:00 0 
7fb69c000000-7fb69d773000 rw-p 00000000 00:00 0 
7fb69d773000-7fb6a0000000 ---p 00000000 00:00 0 
7fb6a0000000-7fb6a0a84000 rw-p 00000000 00:00 0 
7fb6a0a84000-7fb6a4000000 ---p 00000000 00:00 0 
7fb6a4000000-7fb6a405f000 rw-p 00000000 00:00 0 
7fb6a405f000-7fb6a8000000 ---p 00000000 00:00 0 
7fb6a8000000-7fb6a8021000 rw-p 00000000 00:00 0 
7fb6a8021000-7fb6ac000000 ---p 00000000 00:00 0 
7fb6ac000000-7fb6adf83000 rw-p 00000000 00:00 0 
7fb6adf83000-7fb6b0000000 ---p 00000000 00:00 0 
7fb6b0000000-7fb6b07dc000 rw-p 00000000 00:00 0 
7fb6b07dc000-7fb6b4000000 ---p 00000000 00:00 0 
7fb6b4000000-7fb6b4078000 rw-p 00000000 00:00 0 
7fb6b4078000-7fb6b8000000 ---p 00000000 00:00 0 
7fb6b8000000-7fb6b8021000 rw-p 00000000 00:00 0 
7fb6b8021000-7fb6bc000000 ---p 00000000 00:00 0 
7fb6bc000000-7fb6bc062000 rw-p 00000000 00:00 0 
7fb6bc062000-7fb6c0000000 ---p 00000000 00:00 0 
7fb6c0000000-7fb6c00d6000 rw-p 00000000 00:00 0 
7fb6c00d6000-7fb6c4000000 ---p 00000000 00:00 0 
7fb6c5200000-7fb6c563a000 r--p 00000000 00:19 3114                       /tmp/robolectric-nativeruntime6529723084697302542/librobolectric-nativeruntime.so
7fb6c563a000-7fb6c5ea4000 r-xp 00439000 00:19 3114                       /tmp/robolectric-nativeruntime6529723084697302542/librobolectric-nativeruntime.so
7fb6c5ea4000-7fb6c5eea000 r--p 00ca2000 00:19 3114                       /tmp/robolectric-nativeruntime6529723084697302542/librobolectric-nativeruntime.so
7fb6c5eea000-7fb6c5ef6000 rw-p 00ce7000 00:19 3114                       /tmp/robolectric-nativeruntime6529723084697302542/librobolectric-nativeruntime.so
7fb6c5ef6000-7fb6c5f00000 rw-p 00000000 00:00 0 
7fb6c5f00000-7fb6c5f04000 ---p 00000000 00:00 0 
7fb6c5f04000-7fb6c6000000 rw-p 00000000 00:00 0 
7fb6c6000000-7fb6c6004000 ---p 00000000 00:00 0 
7fb6c6004000-7fb6c6100000 rw-p 00000000 00:00 0 
7fb6c6100000-7fb6c6104000 ---p 00000000 00:00 0 
7fb6c6104000-7fb6c6200000 rw-p 00000000 00:00 0 
7fb6c6200000-7fb6c6204000 ---p 00000000 00:00 0 
7fb6c6204000-7fb6c6300000 rw-p 00000000 00:00 0 
7fb6c6300000-7fb6c6304000 ---p 00000000 00:00 0 
7fb6c6304000-7fb6c6400000 rw-p 00000000 00:00 0 
7fb6c6400000-7fb6c6404000 ---p 00000000 00:00 0 
7fb6c6404000-7fb6c6500000 rw-p 00000000 00:00 0 
7fb6c6500000-7fb6c6504000 ---p 00000000 00:00 0 
7fb6c6504000-7fb6c6600000 rw-p 00000000 00:00 0 
7fb6c6600000-7fb6c66c4000 r-xp 00000000 00:19 2724                       /tmp/14304604347957637840/libsqlite4java.so
7fb6c66c4000-7fb6c68c4000 ---p 000c4000 00:19 2724                       /tmp/14304604347957637840/libsqlite4java.so
7fb6c68c4000-7fb6c68c6000 r--p 000c4000 00:19 2724                       /tmp/14304604347957637840/libsqlite4java.so
7fb6c68c6000-7fb6c68c9000 rw-p 000c6000 00:19 2724                       /tmp/14304604347957637840/libsqlite4java.so
7fb6c68e6000-7fb6c68ea000 ---p 00000000 00:00 0 
7fb6c68ea000-7fb6c69e6000 rw-p 00000000 00:00 0 
7fb6c69e6000-7fb6c69ea000 ---p 00000000 00:00 0 
7fb6c69ea000-7fb6c6ae6000 rw-p 00000000 00:00 0 
7fb6c6ae6000-7fb6c6aea000 ---p 00000000 00:00 0 
7fb6c6aea000-7fb6c6be6000 rw-p 00000000 00:00 0 
7fb6c6be6000-7fb6c6bea000 ---p 00000000 00:00 0 
7fb6c6bea000-7fb6c6ce6000 rw-p 00000000 00:00 0 
7fb6c6ce6000-7fb6c6cea000 ---p 00000000 00:00 0 
7fb6c6cea000-7fb6c6de6000 rw-p 00000000 00:00 0 
7fb6c6de6000-7fb6c6e7f000 r--p 00000000 00:1f 1922745                    /usr/lib/x86_64-linux-gnu/libstdc++.so.6.0.30
7fb6c6e7f000-7fb6c6f80000 r-xp 00099000 00:1f 1922745                    /usr/lib/x86_64-linux-gnu/libstdc++.so.6.0.30
7fb6c6f80000-7fb6c6ffa000 r--p 0019a000 00:1f 1922745                    /usr/lib/x86_64-linux-gnu/libstdc++.so.6.0.30
7fb6c6ffa000-7fb6c6ffd000 rw-p 00214000 00:1f 1922745                    /usr/lib/x86_64-linux-gnu/libstdc++.so.6.0.30
7fb6c6ffd000-7fb6c9fd0000 rw-p 00000000 00:00 0 
7fb6c9fd0000-7fb6ca000000 ---p 00000000 00:00 0 
7fb6ca000000-7fb6cade0000 rw-p 00000000 00:00 0 
7fb6cade0000-7fb6cb000000 ---p 00000000 00:00 0 
7fb6cb000000-7fb6cbc9c000 rw-p 00001000 00:1f 978                        /usr/lib/jvm/temurin-21-jdk-amd64/lib/server/classes.jsa
7fb6cbc9c000-7fb6cc000000 ---p 00000000 00:00 0 
7fb6cc000000-7fb6cc850000 rw-p 00000000 00:00 0 
7fb6cc850000-7fb70c000000 ---p 00000000 00:00 0 
7fb70c000000-7fb70c021000 rw-p 00000000 00:00 0 
7fb70c021000-7fb710000000 ---p 00000000 00:00 0 
7fb710000000-7fb710021000 rw-p 00000000 00:00 0 
7fb710021000-7fb714000000 ---p 00000000 00:00 0 
7fb714000000-7fb714021000 rw-p 00000000 00:00 0 
7fb714021000-7fb718004000 ---p 00000000 00:00 0 
7fb718004000-7fb718100000 rw-p 00000000 00:00 0 
7fb718100000-7fb718104000 ---p 00000000 00:00 0 
7fb718104000-7fb718200000 rw-p 00000000 00:00 0 
7fb718200000-7fb718444000 r-xp 00000000 00:19 2709                       /tmp/libconscrypt_openjdk_jni-linux-x86_6417889002398410000.so (deleted)
7fb718444000-7fb718643000 ---p 00244000 00:19 2709                       /tmp/libconscrypt_openjdk_jni-linux-x86_6417889002398410000.so (deleted)
7fb718643000-7fb718654000 r--p 00243000 00:19 2709                       /tmp/libconscrypt_openjdk_jni-linux-x86_6417889002398410000.so (deleted)
7fb718654000-7fb718657000 rw-p 00254000 00:19 2709                       /tmp/libconscrypt_openjdk_jni-linux-x86_6417889002398410000.so (deleted)
7fb718657000-7fb718658000 rw-p 00000000 00:00 0 
7fb7186de000-7fb7186e5000 r--s 00000000 00:1f 36                         /usr/lib/x86_64-linux-gnu/gconv/gconv-modules.cache
7fb7186e5000-7fb7186e8000 r--p 00000000 00:1f 137                        /usr/lib/x86_64-linux-gnu/libgcc_s.so.1
7fb7186e8000-7fb7186ff000 r-xp 00003000 00:1f 137                        /usr/lib/x86_64-linux-gnu/libgcc_s.so.1
7fb7186ff000-7fb718703000 r--p 0001a000 00:1f 137                        /usr/lib/x86_64-linux-gnu/libgcc_s.so.1
7fb718703000-7fb718704000 r--p 0001d000 00:1f 137                        /usr/lib/x86_64-linux-gnu/libgcc_s.so.1
7fb718704000-7fb718705000 rw-p 0001e000 00:1f 137                        /usr/lib/x86_64-linux-gnu/libgcc_s.so.1
7fb718705000-7fb718709000 ---p 00000000 00:00 0 
7fb718709000-7fb718805000 rw-p 00000000 00:00 0 
7fb718805000-7fb718809000 ---p 00000000 00:00 0 
7fb718809000-7fb718905000 rw-p 00000000 00:00 0 
7fb718905000-7fb718909000 ---p 00000000 00:00 0 
7fb718909000-7fb718a05000 rw-p 00000000 00:00 0 
7fb718a05000-7fb718a12000 r-xp 00000000 00:1f 1643                       /usr/lib/jvm/temurin-21-jdk-amd64/lib/libverify.so
7fb718a12000-7fb718a14000 r--p 0000c000 00:1f 1643                       /usr/lib/jvm/temurin-21-jdk-amd64/lib/libverify.so
7fb718a14000-7fb718a15000 rw-p 0000e000 00:1f 1643                       /usr/lib/jvm/temurin-21-jdk-amd64/lib/libverify.so
7fb718a15000-7fb718a19000 ---p 00000000 00:00 0 
7fb718a19000-7fb718b15000 rw-p 00000000 00:00 0 
7fb718b15000-7fb718b16000 ---p 00000000 00:00 0 
7fb718b16000-7fb718c16000 rw-p 00000000 00:00 0 
7fb718c16000-7fb718c17000 ---p 00000000 00:00 0 
7fb718c17000-7fb718d17000 rw-p 00000000 00:00 0 
7fb718d17000-7fb718d18000 ---p 00000000 00:00 0 
7fb718d18000-7fb718e18000 rw-p 00000000 00:00 0 
7fb718e18000-7fb718e1c000 ---p 00000000 00:00 0 
7fb718e1c000-7fb718f18000 rw-p 00000000 00:00 0 
7fb718f18000-7fb718f33000 r-xp 00000000 00:1f 980                        /usr/lib/jvm/temurin-21-jdk-amd64/lib/libzip.so
7fb718f33000-7fb718f34000 r--p 0001a000 00:1f 980                        /usr/lib/jvm/temurin-21-jdk-amd64/lib/libzip.so
7fb718f34000-7fb718f35000 rw-p 0001b000 00:1f 980                        /usr/lib/jvm/temurin-21-jdk-amd64/lib/libzip.so
7fb718f35000-7fb718f41000 r-xp 00000000 00:1f 982                        /usr/lib/jvm/temurin-21-jdk-amd64/lib/libnet.so
7fb718f41000-7fb718f42000 r--p 0000b000 00:1f 982                        /usr/lib/jvm/temurin-21-jdk-amd64/lib/libnet.so
7fb718f42000-7fb718f43000 rw-p 0000c000 00:1f 982                        /usr/lib/jvm/temurin-21-jdk-amd64/lib/libnet.so
7fb718f43000-7fb718f47000 ---p 00000000 00:00 0 
7fb718f47000-7fb719043000 rw-p 00000000 00:00 0 
7fb719043000-7fb719047000 ---p 00000000 00:00 0 
7fb719047000-7fb719143000 rw-p 00000000 00:00 0 
7fb719143000-7fb719211000 r-xp 00000000 00:1f 979                        /usr/lib/jvm/temurin-21-jdk-amd64/lib/libjsvml.so
7fb719211000-7fb719212000 r--p 000cd000 00:1f 979                        /usr/lib/jvm/temurin-21-jdk-amd64/lib/libjsvml.so
7fb719212000-7fb719213000 rw-p 000ce000 00:1f 979                        /usr/lib/jvm/temurin-21-jdk-amd64/lib/libjsvml.so
7fb719213000-7fb719217000 ---p 00000000 00:00 0 
7fb719217000-7fb719313000 rw-p 00000000 00:00 0 
7fb719313000-7fb719317000 ---p 00000000 00:00 0 
7fb719317000-7fb719413000 rw-p 00000000 00:00 0 
7fb719413000-7fb719417000 ---p 00000000 00:00 0 
7fb719417000-7fb719513000 rw-p 00000000 00:00 0 
7fb719513000-7fb719517000 ---p 00000000 00:00 0 
7fb719517000-7fb719613000 rw-p 00000000 00:00 0 
7fb719613000-7fb719617000 ---p 00000000 00:00 0 
7fb719617000-7fb719713000 rw-p 00000000 00:00 0 
7fb719713000-7fb719717000 ---p 00000000 00:00 0 
7fb719717000-7fb719813000 rw-p 00000000 00:00 0 
7fb719813000-7fb719817000 ---p 00000000 00:00 0 
7fb719817000-7fb719913000 rw-p 00000000 00:00 0 
7fb719913000-7fb719bfc000 r--p 00000000 00:1f 34                         /usr/lib/locale/locale-archive
7fb719bfc000-7fb719bfd000 ---p 00000000 00:00 0 
7fb719bfd000-7fb719cfd000 rw-p 00000000 00:00 0 
7fb719cfd000-7fb719cfe000 ---p 00000000 00:00 0 
7fb719cfe000-7fb719dfe000 rw-p 00000000 00:00 0 
7fb719dfe000-7fb719dff000 ---p 00000000 00:00 0 
7fb719dff000-7fb719eff000 rw-p 00000000 00:00 0 
7fb719eff000-7fb719f00000 ---p 00000000 00:00 0 
7fb719f00000-7fb71a000000 rw-p 00000000 00:00 0 
7fb71a000000-7fb71c021000 rw-p 00000000 00:00 0 
7fb71c021000-7fb720000000 ---p 00000000 00:00 0 
7fb720000000-7fb720030000 rw-p 00000000 00:00 0 
7fb720030000-7fb724000000 ---p 00000000 00:00 0 
7fb724000000-7fb724052000 rw-p 00000000 00:00 0 
7fb724052000-7fb728000000 ---p 00000000 00:00 0 
7fb728003000-7fb728005000 r-xp 00000000 00:1f 1637                       /usr/lib/jvm/temurin-21-jdk-amd64/lib/libextnet.so
7fb728005000-7fb728006000 r--p 00001000 00:1f 1637                       /usr/lib/jvm/temurin-21-jdk-amd64/lib/libextnet.so
7fb728006000-7fb728007000 rw-p 00002000 00:1f 1637                       /usr/lib/jvm/temurin-21-jdk-amd64/lib/libextnet.so
7fb728007000-7fb72801b000 r-xp 00000000 00:1f 981                        /usr/lib/jvm/temurin-21-jdk-amd64/lib/libnio.so
7fb72801b000-7fb72801c000 r--p 00013000 00:1f 981                        /usr/lib/jvm/temurin-21-jdk-amd64/lib/libnio.so
7fb72801c000-7fb72801d000 rw-p 00014000 00:1f 981                        /usr/lib/jvm/temurin-21-jdk-amd64/lib/libnio.so
7fb72801d000-7fb7284fd000 rw-p 00000000 00:00 0 
7fb7284fd000-7fb7284fe000 ---p 00000000 00:00 0 
7fb7284fe000-7fb7285fe000 rw-p 00000000 00:00 0 
7fb7285fe000-7fb7285ff000 ---p 00000000 00:00 0 
7fb7285ff000-7fb7286ff000 rw-p 00000000 00:00 0 
7fb7286ff000-7fb728700000 ---p 00000000 00:00 0 
7fb728700000-7fb728800000 rw-p 00000000 00:00 0 
7fb728800000-7fb7296c0000 rwxp 00000000 00:00 0 
7fb7296c0000-7fb72fd37000 ---p 00000000 00:00 0 
7fb72fd37000-7fb72ffc7000 rwxp 00000000 00:00 0 
7fb72ffc7000-7fb7302c8000 ---p 00000000 00:00 0 
7fb7302c8000-7fb7306e8000 rwxp 00000000 00:00 0 
7fb7306e8000-7fb737800000 ---p 00000000 00:00 0 
7fb737803000-7fb737856000 rw-p 00000000 00:00 0 
7fb737856000-7fb740000000 r--s 00000000 00:1f 973                        /usr/lib/jvm/temurin-21-jdk-amd64/lib/modules
7fb740000000-7fb740a03000 rw-p 00000000 00:00 0 
7fb740a03000-7fb744000000 ---p 00000000 00:00 0 
7fb744000000-7fb7442f0000 rw-p 00000000 00:00 0 
7fb7442f0000-7fb7442f8000 ---p 00000000 00:00 0 
7fb7442f8000-7fb744300000 rw-p 00000000 00:00 0 
7fb744300000-7fb7447b0000 ---p 00000000 00:00 0 
7fb7447b0000-7fb744800000 rw-p 00000000 00:00 0 
7fb744803000-7fb744861000 rw-p 00000000 00:00 0 
7fb744861000-7fb744862000 ---p 00000000 00:00 0 
7fb744862000-7fb744863000 rw-p 00000000 00:00 0 
7fb744863000-7fb7448f9000 ---p 00000000 00:00 0 
7fb7448f9000-7fb744961000 rw-p 00000000 00:00 0 
7fb744961000-7fb744962000 ---p 00000000 00:00 0 
7fb744962000-7fb744963000 rw-p 00000000 00:00 0 
7fb744963000-7fb7449f9000 ---p 00000000 00:00 0 
7fb7449f9000-7fb744e10000 rw-p 00000000 00:00 0 
7fb744e10000-7fb744ef2000 ---p 00000000 00:00 0 
7fb744ef2000-7fb744f10000 rw-p 00000000 00:00 0 
7fb744f10000-7fb744fdd000 ---p 00000000 00:00 0 
7fb744fdd000-7fb744fe3000 rw-p 00000000 00:00 0 
7fb744fe3000-7fb744fe9000 ---p 00000000 00:00 0 
7fb744fe9000-7fb74500a000 r-xp 00000000 00:1f 968                        /usr/lib/jvm/temurin-21-jdk-amd64/lib/libjava.so
7fb74500a000-7fb74500b000 r--p 00020000 00:1f 968                        /usr/lib/jvm/temurin-21-jdk-amd64/lib/libjava.so
7fb74500b000-7fb74500c000 rw-p 00021000 00:1f 968                        /usr/lib/jvm/temurin-21-jdk-amd64/lib/libjava.so
7fb74500c000-7fb74500d000 rw-p 00000000 00:00 0 
7fb74500d000-7fb745015000 rw-s 00000000 00:19 2706                       /tmp/hsperfdata_root/3090
7fb745015000-7fb745030000 r-xp 00000000 00:1f 974                        /usr/lib/jvm/temurin-21-jdk-amd64/lib/libjimage.so
7fb745030000-7fb745031000 ---p 0001b000 00:1f 974                        /usr/lib/jvm/temurin-21-jdk-amd64/lib/libjimage.so
7fb745031000-7fb745033000 r--p 0001b000 00:1f 974                        /usr/lib/jvm/temurin-21-jdk-amd64/lib/libjimage.so
7fb745033000-7fb745034000 rw-p 0001d000 00:1f 974                        /usr/lib/jvm/temurin-21-jdk-amd64/lib/libjimage.so
7fb745034000-7fb745038000 ---p 00000000 00:00 0 
7fb745038000-7fb745134000 rw-p 00000000 00:00 0 
7fb745134000-7fb745144000 r--p 00000000 00:1f 136                        /usr/lib/x86_64-linux-gnu/libm.so.6
7fb745144000-7fb7451b8000 r-xp 00010000 00:1f 136                        /usr/lib/x86_64-linux-gnu/libm.so.6
7fb7451b8000-7fb745212000 r--p 00084000 00:1f 136                        /usr/lib/x86_64-linux-gnu/libm.so.6
7fb745212000-7fb745213000 r--p 000dd000 00:1f 136                        /usr/lib/x86_64-linux-gnu/libm.so.6
7fb745213000-7fb745214000 rw-p 000de000 00:1f 136                        /usr/lib/x86_64-linux-gnu/libm.so.6
7fb745214000-7fb745215000 r--p 00000000 00:1f 972                        /usr/lib/x86_64-linux-gnu/librt.so.1
7fb745215000-7fb745216000 r-xp 00001000 00:1f 972                        /usr/lib/x86_64-linux-gnu/librt.so.1
7fb745216000-7fb745217000 r--p 00002000 00:1f 972                        /usr/lib/x86_64-linux-gnu/librt.so.1
7fb745217000-7fb745218000 r--p 00002000 00:1f 972                        /usr/lib/x86_64-linux-gnu/librt.so.1
7fb745218000-7fb745219000 rw-p 00003000 00:1f 972                        /usr/lib/x86_64-linux-gnu/librt.so.1
7fb745219000-7fb746653000 r-xp 00000000 00:1f 971                        /usr/lib/jvm/temurin-21-jdk-amd64/lib/server/libjvm.so
7fb746653000-7fb746728000 r--p 01439000 00:1f 971                        /usr/lib/jvm/temurin-21-jdk-amd64/lib/server/libjvm.so
7fb746728000-7fb746758000 rw-p 0150e000 00:1f 971                        /usr/lib/jvm/temurin-21-jdk-amd64/lib/server/libjvm.so
7fb746758000-7fb7467c0000 rw-p 00000000 00:00 0 
7fb7467c0000-7fb7467e6000 r--p 00000000 00:1f 28                         /usr/lib/x86_64-linux-gnu/libc.so.6
7fb7467e6000-7fb74693c000 r-xp 00026000 00:1f 28                         /usr/lib/x86_64-linux-gnu/libc.so.6
7fb74693c000-7fb746993000 r--p 0017c000 00:1f 28                         /usr/lib/x86_64-linux-gnu/libc.so.6
7fb746993000-7fb746995000 rw-p 001d3000 00:1f 28                         /usr/lib/x86_64-linux-gnu/libc.so.6
7fb746995000-7fb7469a2000 rw-p 00000000 00:00 0 
7fb7469a2000-7fb7469a3000 r--p 00000000 00:1f 965                        /usr/lib/x86_64-linux-gnu/libdl.so.2
7fb7469a3000-7fb7469a4000 r-xp 00001000 00:1f 965                        /usr/lib/x86_64-linux-gnu/libdl.so.2
7fb7469a4000-7fb7469a5000 r--p 00002000 00:1f 965                        /usr/lib/x86_64-linux-gnu/libdl.so.2
7fb7469a5000-7fb7469a6000 r--p 00002000 00:1f 965                        /usr/lib/x86_64-linux-gnu/libdl.so.2
7fb7469a6000-7fb7469a7000 rw-p 00003000 00:1f 965                        /usr/lib/x86_64-linux-gnu/libdl.so.2
7fb7469a7000-7fb7469a8000 r--p 00000000 00:1f 964                        /usr/lib/x86_64-linux-gnu/libpthread.so.0
7fb7469a8000-7fb7469a9000 r-xp 00001000 00:1f 964                        /usr/lib/x86_64-linux-gnu/libpthread.so.0
7fb7469a9000-7fb7469aa000 r--p 00002000 00:1f 964                        /usr/lib/x86_64-linux-gnu/libpthread.so.0
7fb7469aa000-7fb7469ab000 r--p 00002000 00:1f 964                        /usr/lib/x86_64-linux-gnu/libpthread.so.0
7fb7469ab000-7fb7469ac000 rw-p 00003000 00:1f 964                        /usr/lib/x86_64-linux-gnu/libpthread.so.0
7fb7469ac000-7fb7469ad000 ---p 00000000 00:00 0 
7fb7469ad000-7fb7469ae000 r--p 00000000 00:00 0 
7fb7469ae000-7fb7469af000 ---p 00000000 00:00 0 
7fb7469af000-7fb7469c8000 r-xp 00000000 00:1f 963                        /usr/lib/jvm/temurin-21-jdk-amd64/lib/libjli.so
7fb7469c8000-7fb7469c9000 r--p 00018000 00:1f 963                        /usr/lib/jvm/temurin-21-jdk-amd64/lib/libjli.so
7fb7469c9000-7fb7469ca000 rw-p 00019000 00:1f 963                        /usr/lib/jvm/temurin-21-jdk-amd64/lib/libjli.so
7fb7469ca000-7fb7469cc000 rw-p 00000000 00:00 0 
7fb7469cc000-7fb7469cd000 r--p 00000000 00:00 0                          [vvar]
7fb7469cd000-7fb7469cf000 r-xp 00000000 00:00 0 
7fb7469cf000-7fb7469d0000 r--p 00000000 00:1f 26                         /usr/lib/x86_64-linux-gnu/ld-linux-x86-64.so.2
7fb7469d0000-7fb7469f6000 r-xp 00001000 00:1f 26                         /usr/lib/x86_64-linux-gnu/ld-linux-x86-64.so.2
7fb7469f6000-7fb746a02000 r--p 00027000 00:1f 26                         /usr/lib/x86_64-linux-gnu/ld-linux-x86-64.so.2
7fb746a02000-7fb746a04000 rw-p 00033000 00:1f 26                         /usr/lib/x86_64-linux-gnu/ld-linux-x86-64.so.2
ffffffffff600000-ffffffffff601000 r-xp 00000000 00:00 0                  [vsyscall]
Total number of mappings: 283

JVMTI agents: none


VM Arguments:
jvm_args: -Djava.awt.headless=true -Djava.library.path=/usr/java/packages/lib:/usr/lib64:/lib64:/lib:/usr/lib:/app/applet/app/src/testDebug/jniLibs:/app/applet/app/src/test/jniLibs -Dorg.gradle.internal.worker.tmpdir=/app/applet/app/build/tmp/testDebugUnitTest/work --add-opens=java.base/java.io=ALL-UNNAMED -Xmx512m -Dfile.encoding=UTF-8 -Duser.country=US -Duser.language=en -Duser.variant -ea 
java_command: worker.org.gradle.process.internal.worker.GradleWorkerMain 'Gradle Test Executor 8'
java_class_path (initial): /opt/gradle/.gradle/caches/9.3.1/workerMain/gradle-worker.jar:/app/applet/app/build/intermediates/unit_test_config_directory/debugUnitTest/generateDebugUnitTestConfig/out:/app/applet/app/build/intermediates/built_in_kotlinc/debugUnitTest/compileDebugUnitTestKotlin/classes:/app/applet/app/build/intermediates/java_res/debugUnitTest/processDebugUnitTestJavaRes/out:/app/applet/app/build/intermediates/runtime_app_classes_jar/debug/bundleDebugClassesToRuntimeJar/classes.jar:/opt/gradle/.gradle/caches/9.3.1/transforms/7298fd6f35a95198603091ae626ebe06/transformed/navigation-common-2.8.9-runtime.jar:/opt/gradle/.gradle/caches/9.3.1/transforms/2db9023c3bbe3e3284582a8e3ae415eb/transformed/navigation-runtime-2.8.9-runtime.jar:/opt/gradle/.gradle/caches/9.3.1/transforms/467dc25c1aecf1abb915788ebc0e092f/transformed/navigation-common-ktx-2.8.9-runtime.jar:/opt/gradle/.gradle/caches/9.3.1/transforms/e25b602a751e85b3ba2c5efb50cc9c80/transformed/navigation-runtime-ktx-2.8.9-runtime.jar:/opt/gradle/.gradle/caches/9.3.1/transforms/c16c501cef790e804c9a24bebb0d6a0d/transformed/navigation-compose-2.8.9-runtime.jar:/opt/gradle/.gradle/caches/9.3.1/transforms/4d0fac7f1d417d7ea6fe1b0df2553f24/transformed/ui-test-junit4-release-runtime.jar:/opt/gradle/.gradle/caches/9.3.1/transforms/b44ebeb961dcbff503caf1b9b213203f/transformed/activity-1.10.1-runtime.jar:/opt/gradle/.gradle/caches/9.3.1/transforms/78575ff6774a2494fae9347a4390643c/transformed/activity-ktx-1.10.1-runtime.jar:/opt/gradle/.gradle/caches/9.3.1/transforms/32abdae2a09bb98a59b3499dd25ba083/transformed/material3-release-runtime.jar:/opt/gradle/.gradle/caches/9.3.1/transforms/02156647f000cf7fde5d2ab11dd59568/transformed/material-release-runtime.jar:/opt/gradle/.gradle/caches/9.3.1/transforms/b55c0306f09a01acfa1d593b8a064dbd/transformed/material-ripple-runtime.jar:/opt/gradle/.gradle/caches/9.3.1/transforms/671f2685cf1e5a947ce9a322e435364a/transformed/foundation-release-runtime.jar:/opt/gradle/.gradle/caches/9.3.1/transforms/d2e53db4b0a5ef36b399348e36e49cee/transformed/foundation-layout-release-runtime.jar:/opt/gradle/.gradle/caches/9.3.1/transforms/0bf7486ef5e45396d1efe1eae7e32c4c/transformed/animation-core-release-runtime.jar:/opt/gradle/.gradle/caches/9.3.1/transforms/3c7682ba52a865425b08fbb3b701c9d1/transformed/animation-runtime.jar:/opt/gradle/.gradle/caches/9.3.1/transforms/6e84d87f0437c6feb5a3d24f8b533418/transformed/ui-tooling-data-runtime.jar:/opt/gradle/.gradle/caches/9.3.1/transforms/e7d1d18570e66672cec45afa31b81401/transformed/ui-test-release-runtime.jar:/opt/gradle/.gradle/caches/9.3.1/transforms/de8e7d037baadda08199fa9d4eb6c0c5/transformed/ui-unit-release-runtime.jar:/opt/gradle/.gradle/caches/9.3.1/transforms/f4b0973e2cfeb29397f4a64a089941fa/transformed/ui-geometry-runtime.jar:/opt/gradle/.gradle/caches/9.3.1/transforms/24532feb46bee6b8fcf59d6533cf06bc/transformed/ui-util-release-runtime.jar:/opt/gradle/.gradle/caches/9.3.1/transforms/002fb431764c328d2aa99537e25a9496/transformed/ui-text-release-runtime.jar:/opt/gradle/.gradle/caches/9.3.1/transforms/596ebadcf58c49aa1a582f6b61d2a9a8/transformed/ui-tooling-preview-runtime.jar:/opt/gradle/.gradle/caches/9.3.1/transforms/f32f6feda98d3e2aa942a06d08899c1b/transformed/ui-graphics-release-runtime.jar:/opt/gradle/.gradle/caches/9.3.1/transforms/e4586474e02e9810650f9932d5a7bd56/transformed/ui-tooling-release-runtime.jar:/opt/gradle/.gradle/caches/9.3.1/transforms/80b0d86055237b08313a21c7fbbffc2a/transformed/activity-compose-1.10.1-runtime.jar:/opt/gradle/.gradle/caches/9.3.1/transforms/389e778263e4862dd6468184ec2bad0e/transformed/work-runtime-ktx-2.9.1-runtime.jar:/opt/gradle/.gradle/caches/9.3.1/transforms/16a5768e7ad7b8e5bfeb870d9c6490cb/transformed/work-runtime-2.9.1-runtime.jar:/opt/gradle/.gradle/caches/9.3.1/transforms/8f868998026a9bd8a19601a9004f846c/transformed/customview-poolingcontainer-1.0.0-runtime.jar:/opt/gradle/.gradle/caches/9.3.1/transforms/0bb8b0ae779fc702f64ff71a68fbce8f/transformed/core-ktx-1.18.0-runtime.jar:/opt/gradle/.gradle/caches/9.3.1/transforms/3a1812f9143c30c7c46c261fbc2a367f/transformed/autofill-1.0.0-runtime.jar:/opt/gradle/.gradle/caches/9.3.1/transforms/f8d726a3b50af54369348c2aee523304/transformed/graphics-path-1.0.1-runtime.jar:/opt/gradle/.gradle/caches/9.3.1/transforms/8f9df5d3597abbe7089dbe4722a2173c/transformed/emoji2-1.4.0-runtime.jar:/opt/gradle/.gradle/caches/9.3.1/transforms/5b9b1894b927e44b418a663cdd0375bf/transformed/core-1.18.0-runtime.jar:/opt/gradle/.gradle/caches/9.3.1/transforms/96721d9e8180a4055d887bd2ab1a2cbb/transformed/junit-1.3.0-runtime.jar:/opt/gradle/.gradle/caches/9.3.1/transforms/3fe306e184e5854f19b7004e2463131c/transformed/espresso-core-3.5.0-runtime.jar:/opt/gradle/.gradle/caches/9.3.1/transforms/cb96a0d62c63d0af328e5ac24b9bea3a/transformed/core-1.7.0-runtime.jar:/opt/gradle/.gradle/caches/9.3.1/transforms/9f79cae7cd1cf1b137dd55ce890b2b6e/transformed/savedstate-ktx-1.2.1-runtime.jar:/opt/gradle/.gradle/caches/9.3.1/transforms/4fca0e42575a1631a9859f703f78bcad/transformed/savedstate-1.2.1-runtime.jar:/opt/gradle/.gradle/caches/9.3.1/transforms/f2f8f98d255e78bb9fa269f3d58f32f1/transformed/lifecycle-process-2.8.7-runtime.jar:/opt/gradle/.gradle/caches/9.3.1/transforms/886236e6b07cff776197313084b482bd/transformed/lifecycle-livedata-core-ktx-2.8.7-runtime.jar:/opt/gradle/.gradle/caches/9.3.1/transforms/0769a4df05547301c163f0f5d551e71c/transformed/lifecycle-livedata-core-2.8.7-runtime.jar:/opt/gradle/.gradle/caches/9.3.1/transforms/44a226b432cf8279367daf25e75c3bf0/transformed/lifecycle-viewmodel-release-runtime.jar:/opt/gradle/.gradle/caches/modules-2/files-2.1/androidx.lifecycle/lifecycle-common-jvm/2.8.7/7174a594afb73a9ad9ac9074ce78b94af3cc52a7/lifecycle-common-jvm-2.8.7.jar:/opt/gradle/.gradle/caches/9.3.1/transforms/551d9488a1e1c875b3b2be74e0cb6cbd/transformed/lifecycle-runtime-release-runtime.jar:/opt/gradle/.gradle/caches/modules-2/files-2.1/androidx.lifecycle/lifecycle-common-java8/2.8.7/2ad14aed781c4a73ed4dbb421966d408a0a06686/lifecycle-common-java8-2.8.7.jar:/opt/gradle/.gradle/caches/9.3.1/transforms/c6fee3e8b9dbf972233ccd5ccb27fc1a/transformed/lifecycle-service-2.8.7-runtime.jar:/opt/gradle/.gradle/caches/9.3.1/transforms/77ec520704229b08721fa4fd0a24eead/transformed/lifecycle-livedata-2.8.7-runtime.jar:/opt/gradle/.gradle/caches/9.3.1/transforms/08fd051ce338ab1f0eb58398e909b3c6/transformed/lifecycle-viewmodel-savedstate-2.8.7-runtime.jar:/opt/gradle/.gradle/caches/9.3.1/transforms/1b37be39024cdccb0a24e6c5e6a26a5b/transformed/lifecycle-viewmodel-ktx-2.8.7-runtime.jar:/opt/gradle/.gradle/caches/9.3.1/transforms/fff13446c9707e0278dd26bfa319e228/transformed/lifecycle-runtime-ktx-release-runtime.jar:/opt/gradle/.gradle/caches/9.3.1/transforms/4b70b06406bf7d1c8aace7b5c77cc4f7/transformed/lifecycle-runtime-compose-release-runtime.jar:/opt/gradle/.gradle/caches/9.3.1/transforms/38ec8ffcd707fd107de5ced1ea1abb87/transformed/lifecycle-viewmodel-compose-release-runtime.jar:/opt/gradle/.gradle/caches/9.3.1/transforms/3584fb3c5d1e7d63eb1a945eb3490f25/transformed/material-icons-extended-release-runtime.jar:/opt/gradle/.gradle/caches/9.3.1/transforms/994a7459f6a46a5feca6298c24d13fa2/transformed/material-icons-core-release-runtime.jar:/opt/gradle/.gradle/caches/9.3.1/transforms/05aea88f1e59422fa55216105aae4784/transformed/ui-release-runtime.jar:/opt/gradle/.gradle/caches/9.3.1/transforms/e9a478afb0862bbb83580bffe750fbb8/transformed/ui-test-manifest-1.8.0-runtime.jar:/opt/gradle/.gradle/caches/modules-2/files-2.1/androidx.room/room-migration-jvm/2.7.0/6ea2d9759a174cf3633c585129395617c10541f6/room-migration-jvm-2.7.0.jar:/opt/gradle/.gradle/caches/modules-2/files-2.1/androidx.room/room-common-jvm/2.7.0/46a9845444d0b849131baeb85bfe4051828261ad/room-common-jvm-2.7.0.jar:/opt/gradle/.gradle/caches/9.3.1/transforms/e19960190434e84ac831b0a2f2477883/transformed/room-runtime-release-runtime.jar:/opt/gradle/.gradle/caches/9.3.1/transforms/2257d94a8ad0f172dda982132e93fef2/transformed/room-ktx-2.7.0-runtime.jar:/opt/gradle/.gradle/caches/9.3.1/transforms/7ada992e1ec8101c657b69d64a76c1e6/transformed/room-testing-release-runtime.jar:/opt/gradle/.gradle/caches/9.3.1/transforms/10348b4517273ff871e866ba595893d0/transformed/runner-1.5.0-runtime.jar:/opt/gradle/.gradle/caches/modules-2/files-2.1/junit/junit/4.13.2/8ac9e16d933b6fb43bc7f576336b8f4d7eb5ba12/junit-4.13.2.jar:/opt/gradle/.gradle/caches/9.3.1/transforms/a0cd144f360676a42b8011948be7e381/transformed/runtime-saveable-release-runtime.jar:/opt/gradle/.gradle/caches/9.3.1/transforms/83cc16af696752d4b45c87be0d7dc31d/transformed/runtime-release-runtime.jar:/opt/gradle/.gradle/caches/modules-2/files-2.1/org.jetbrains.kotlinx/kotlinx-coroutines-android/1.10.2/c8705d275d81f19e8afaf3ff9b5bf7a4b6b6c19b/kotlinx-coroutines-android-1.10.2.jar:/opt/gradle/.gradle/caches/modules-2/files-2.1/org.jetbrains.kotlinx/kotlinx-coroutines-test-jvm/1.10.2/deb87732ba15dc455f08af4b120fca0d96d6cb5f/kotlinx-coroutines-test-jvm-1.10.2.jar:/opt/gradle/.gradle/caches/modules-2/files-2.1/androidx.datastore/datastore-preferences-external-protobuf/1.1.7/ddd0a2d64e3c928359c993d1291e535d5d7fc9a3/datastore-preferences-external-protobuf-1.1.7.jar:/opt/gradle/.gradle/caches/modules-2/files-2.1/androidx.datastore/datastore-core-okio-jvm/1.1.7/ce08f132812044a9778547b299fd812e34dbd602/datastore-core-okio-jvm-1.1.7.jar:/opt/gradle/.gradle/caches/9.3.1/transforms/dc7e2cf3569042083d51f34bbd74786a/transformed/datastore-core-release-runtime.jar:/opt/gradle/.gradle/caches/modules-2/files-2.1/androidx.datastore/datastore-preferences-proto/1.1.7/6d7430ed8d2b5f2b8675dad8d196ba5dd710921b/datastore-preferences-proto-1.1.7.jar:/opt/gradle/.gradle/caches/9.3.1/transforms/bd09e0969940ee6d750f3888aa73be29/transformed/datastore-preferences-core-release-runtime.jar:/opt/gradle/.gradle/caches/9.3.1/transforms/14a6bd9e8a3cbdd098f7a7ff8cdc3620/transformed/datastore-release-runtime.jar:/opt/gradle/.gradle/caches/9.3.1/transforms/ce7c1eb1df705fc58562eb0a4406269f/transformed/datastore-preferences-release-runtime.jar:/opt/gradle/.gradle/caches/9.3.1/transforms/6e925e0e6add42c4fd556ea0333ec52e/transformed/profileinstaller-1.4.0-runtime.jar:/opt/gradle/.gradle/caches/modules-2/files-2.1/androidx.concurrent/concurrent-futures/1.2.0/6a1dfd69226e148898410721f4b14315343d1429/concurrent-futures-1.2.0.jar:/opt/gradle/.gradle/caches/modules-2/files-2.1/androidx.concurrent/concurrent-futures-ktx/1.2.0/13b49fdb58c74bdfb12eb131b5e22d6d09683e30/concurrent-futures-ktx-1.2.0.jar:/opt/gradle/.gradle/caches/modules-2/files-2.1/org.jetbrains.kotlinx/kotlinx-coroutines-core-jvm/1.10.2/4a9f78ef49483748e2c129f3d124b8fa249dafbf/kotlinx-coroutines-core-jvm-1.10.2.jar:/opt/gradle/.gradle/caches/modules-2/files-2.1/org.robolectric/robolectric/4.16.1/23d7214ddb0d3e430533cd94ae8df0deef81321c/robolectric-4.16.1.jar:/opt/gradle/.gradle/caches/9.3.1/transforms/b8cd95d843001e810cb682b92c47b0c4/transformed/core-splashscreen-1.0.1-runtime.jar:/opt/gradle/.gradle/caches/9.3.1/transforms/1a7690f0ec4d4acdc2e2102f6ea06fe7/transformed/storage-1.6.0-runtime.jar:/opt/gradle/.gradle/caches/modules-2/files-2.1/org.robolectric/shadows-framework/4.16.1/8de8daee97c18b7cb305df2155e09352c3f4784b/shadows-framework-4.16.1.jar:/opt/gradle/.gradle/caches/9.3.1/transforms/cf2f9582894a69b9536bf1a6c35b3c3c/transformed/monitor-1.8.0-runtime.jar:/opt/gradle/.gradle/caches/9.3.1/transforms/e18ff0c925bae4b59e6203490e498b8a/transformed/annotation-1.0.1-runtime.jar:/opt/gradle/.gradle/caches/9.3.1/transforms/7a34cafd3b318fca134e2d846926246a/transformed/annotation-experimental-1.4.1-runtime.jar:/opt/gradle/.gradle/caches/9.3.1/transforms/291b38d60ad9776225222a6be1b72112/transformed/core-viewtree-1.0.0-runtime.jar:/opt/gradle/.gradle/caches/9.3.1/transforms/7c698be184d5c5eaaea66ae7fb3a8334/transformed/sqlite-framework-release-runtime.jar:/opt/gradle/.gradle/caches/9.3.1/transforms/f415373077e6dd590bdd2ccd73f7f900/transformed/sqlite-release-runtime.jar:/opt/gradle/.gradle/caches/9.3.1/transforms/faf03027ccf3c95bb0c43a363c4423b7/transformed/versionedparcelable-1.1.1-runtime.jar:/opt/gradle/.gradle/caches/modules-2/files-2.1/androidx.collection/collection-ktx/1.5.0/27c78a926a16a1bf792b2285cf2834e8caae4a07/collection-ktx-1.5.0.jar:/opt/gradle/.gradle/caches/modules-2/files-2.1/androidx.collection/collection-jvm/1.5.0/7ba2c69414d46ebc2dd76598bdd0a75c54281a57/collection-jvm-1.5.0.jar:/opt/gradle/.gradle/caches/9.3.1/transforms/34b22bc95126e636933487e2542980cf/transformed/core-runtime-2.2.0-runtime.jar:/opt/gradle/.gradle/caches/modules-2/files-2.1/androidx.arch.core/core-common/2.2.0/5e1b8b81dfd5f52c56a8d53b18ca759c19a301f3/core-common-2.2.0.jar:/opt/gradle/.gradle/caches/9.3.1/transforms/9883f613c185b22751f66da553486d7f/transformed/startup-runtime-1.1.1-runtime.jar:/opt/gradle/.gradle/caches/9.3.1/transforms/b497117c4ea7fb9624b0e0af9ab597ca/transformed/tracing-1.2.0-runtime.jar:/opt/gradle/.gradle/caches/9.3.1/transforms/708737e11fc895f4168080ad16d55f8d/transformed/interpolator-1.0.0-runtime.jar:/opt/gradle/.gradle/caches/modules-2/files-2.1/androidx.annotation/annotation-jvm/1.9.1/b17951747e38bf3986a24431b9ba0d039958aa5f/annotation-jvm-1.9.1.jar:/opt/gradle/.gradle/caches/modules-2/files-2.1/org.jetbrains.kotlinx/kotlinx-serialization-core-jvm/1.6.3/6b6c17d0312ba7192893adea9d52959941d0119b/kotlinx-serialization-core-jvm-1.6.3.jar:/opt/gradle/.gradle/caches/modules-2/files-2.1/org.jetbrains.kotlinx/kotlinx-serialization-json-jvm/1.6.3/2241746853abf04073e3ab0dcd9e6729d363b313/kotlinx-serialization-json-jvm-1.6.3.jar:/opt/gradle/.gradle/caches/modules-2/files-2.1/org.jetbrains.kotlin/kotlin-parcelize-runtime/1.9.22/de4a21d6560cadd035c69ba3af3ad1afecc95299/kotlin-parcelize-runtime-1.9.22.jar:/opt/gradle/.gradle/caches/modules-2/files-2.1/com.squareup.okio/okio-jvm/3.4.0/4e8bd78a52ab935ce383d0092646922154295e54/okio-jvm-3.4.0.jar:/opt/gradle/.gradle/caches/modules-2/files-2.1/org.jetbrains.kotlin/kotlin-stdlib-jdk8/1.8.0/ed04f49e186a116753ad70d34f0ac2925d1d8020/kotlin-stdlib-jdk8-1.8.0.jar:/opt/gradle/.gradle/caches/modules-2/files-2.1/org.jetbrains.kotlin/kotlin-android-extensions-runtime/1.9.22/ee3bc0c3b55cb516ac92d6a093e1b939166b86a2/kotlin-android-extensions-runtime-1.9.22.jar:/opt/gradle/.gradle/caches/modules-2/files-2.1/org.jetbrains.kotlin/kotlin-stdlib-jdk7/1.8.0/3c91271347f678c239607abb676d4032a7898427/kotlin-stdlib-jdk7-1.8.0.jar:/opt/gradle/.gradle/caches/modules-2/files-2.1/org.jetbrains.kotlin/kotlin-stdlib/2.2.10/30de6faa127a4a012db8e71bf1b9c0a99b1402b2/kotlin-stdlib-2.2.10.jar:/opt/gradle/.gradle/caches/modules-2/files-2.1/com.google.code.gson/gson/2.10.1/b3add478d4382b78ea20b1671390a858002feb6c/gson-2.10.1.jar:/opt/gradle/.gradle/caches/modules-2/files-2.1/org.robolectric/junit/4.16.1/bf78ceb93a1ce6540d17c96667c718f6eb6b02a8/junit-4.16.1.jar:/opt/gradle/.gradle/caches/modules-2/files-2.1/org.robolectric/resources/4.16.1/63f17dcabdc665a4c6526065a6988ad91ce94a2e/resources-4.16.1.jar:/opt/gradle/.gradle/caches/modules-2/files-2.1/org.robolectric/sandbox/4.16.1/f07a594df898ddeff90f8ad1afbd2dc87d4adf57/sandbox-4.16.1.jar:/opt/gradle/.gradle/caches/modules-2/files-2.1/org.robolectric/utils-reflector/4.16.1/6981e76db63d2871ea686af2ebf93f8ec25377c/utils-reflector-4.16.1.jar:/opt/gradle/.gradle/caches/modules-2/files-2.1/org.robolectric/plugins-maven-dependency-resolver/4.16.1/35dcd628ea6a41f75583c7f4a0e3319b8568a03/plugins-maven-dependency-resolver-4.16.1.jar:/opt/gradle/.gradle/caches/modules-2/files-2.1/org.robolectric/nativeruntime/4.16.1/b3f40e562aec27ed2db7390ff4e34b57fab4bd32/nativeruntime-4.16.1.jar:/opt/gradle/.gradle/caches/modules-2/files-2.1/org.robolectric/shadowapi/4.16.1/67bd325ef7690b7afc58412bb8d412e0dec544dc/shadowapi-4.16.1.jar:/opt/gradle/.gradle/caches/modules-2/files-2.1/org.robolectric/utils/4.16.1/a1161904b408aae53d895b4cd5d0238cc1f0583c/utils-4.16.1.jar:/opt/gradle/.gradle/caches/modules-2/files-2.1/org.robolectric/pluginapi/4.16.1/c19231c5af0a4db96cf0f137f80ec7b598e1d4bc/pluginapi-4.16.1.jar:/opt/gradle/.gradle/caches/modules-2/files-2.1/com.google.errorprone/error_prone_annotation/2.41.0/e83c3036b7cd2eb35f713c73a743d85fecc487bf/error_prone_annotation-2.41.0.jar:/opt/gradle/.gradle/caches/modules-2/files-2.1/com.google.guava/guava/33.4.8-jre/cb7510a733595f02fe633ffff62d40cfc3056e9/guava-33.4.8-android.jar:/opt/gradle/.gradle/caches/modules-2/files-2.1/com.google.guava/listenablefuture/9999.0-empty-to-avoid-conflict-with-guava/b421526c5f297295adef1c886e5246c39d4ac629/listenablefuture-9999.0-empty-to-avoid-conflict-with-guava.jar:/opt/gradle/.gradle/caches/modules-2/files-2.1/org.hamcrest/hamcrest-integration/1.3/5de0c73fef18917cd85d0ab70bb23818685e4dfd/hamcrest-integration-1.3.jar:/opt/gradle/.gradle/caches/modules-2/files-2.1/org.hamcrest/hamcrest-library/1.3/4785a3c21320980282f9f33d0d1264a69040538f/hamcrest-library-1.3.jar:/opt/gradle/.gradle/caches/modules-2/files-2.1/org.hamcrest/hamcrest-core/1.3/42a25dc3219429f0e5d060061f71acb49bf010a0/hamcrest-core-1.3.jar:/opt/gradle/.gradle/caches/modules-2/files-2.1/org.conscrypt/conscrypt-openjdk-uber/2.5.2/d858f142ea189c62771c505a6548d8606ac098fe/conscrypt-openjdk-uber-2.5.2.jar:/opt/gradle/.gradle/caches/modules-2/files-2.1/org.yaml/snakeyaml/2.4/e0666b825b796f85521f02360e77f4c92c5a7a07/snakeyaml-2.4.jar:/opt/gradle/.gradle/caches/9.3.1/transforms/e552d817aa411be6a47a75e5eae4ab0f/transformed/espresso-idling-resource-3.7.0-runtime.jar:/opt/gradle/.gradle/caches/modules-2/files-2.1/com.google.testparameterinjector/test-parameter-injector/1.18/5da02ca88c55bab58071a33e3f5fb6cfcf5df270/test-parameter-injector-1.18.jar:/opt/gradle/.gradle/caches/modules-2/files-2.1/org.robolectric/annotations/4.16.1/59e6be87a183b4bd397d5f2088531b0cdb8b1155/annotations-4.16.1.jar:/opt/gradle/.gradle/caches/modules-2/files-2.1/javax.inject/javax.inject/1/6975da39a7040257bd51d21a231b76c915872d38/javax.inject-1.jar:/opt/gradle/.gradle/caches/modules-2/files-2.1/javax.annotation/javax.annotation-api/1.3.2/934c04d3cfef185a8008e7bf34331b79730a9d43/javax.annotation-api-1.3.2.jar:/opt/gradle/.gradle/caches/modules-2/files-2.1/org.bouncycastle/bcprov-jdk18on/1.81/d17c094daef57dbd80af71687a475aa6df7cbe54/bcprov-jdk18on-1.81.jar:/opt/gradle/.gradle/caches/modules-2/files-2.1/org.jetbrains/annotations/23.0.0/8cc20c07506ec18e0834947b84a864bfc094484e/annotations-23.0.0.jar:/opt/gradle/.gradle/caches/modules-2/files-2.1/com.google.auto.value/auto-value-annotations/1.11.0/f0d047931d07cfbc6fa4079854f181ff62891d6f/auto-value-annotations-1.11.0.jar:/opt/gradle/.gradle/caches/modules-2/files-2.1/org.ow2.asm/asm-commons/9.8/36e4d212970388e5bd2c5180292012502df461bb/asm-commons-9.8.jar:/opt/gradle/.gradle/caches/modules-2/files-2.1/org.ow2.asm/asm-tree/9.8/18419ca5b77a2f81097c741e7872e6ab8d2f40d/asm-tree-9.8.jar:/opt/gradle/.gradle/caches/modules-2/files-2.1/org.ow2.asm/asm/9.8/dc19ecb3f7889b7860697215cae99c0f9b6f6b4b/asm-9.8.jar:/opt/gradle/.gradle/caches/modules-2/files-2.1/com.almworks.sqlite4java/sqlite4java/1.0.392/d6234e08ff4e1607ff5321da2579571f05ff778d/sqlite4java-1.0.392.jar:/opt/gradle/.gradle/caches/modules-2/files-2.1/com.ibm.icu/icu4j/77.1/38693cf0b1d7362a8b726af74dc06026a7c23809/icu4j-77.1.jar:/opt/gradle/.gradle/caches/modules-2/files-2.1/org.jspecify/jspecify/1.0.0/7425a601c1c7ec76645a78d22b8c6a627edee507/jspecify-1.0.0.jar:/opt/gradle/.gradle/caches/modules-2/files-2.1/com.google.guava/failureaccess/1.0.3/aeaffd00d57023a2c947393ed251f0354f0985fc/failureaccess-1.0.3.jar:/opt/gradle/.gradle/caches/modules-2/files-2.1/com.google.errorprone/error_prone_annotations/2.36.0/227d4d4957ccc3dc5761bd897e3a0ee587e750a7/error_prone_annotations-2.36.0.jar:/opt/gradle/.gradle/caches/modules-2/files-2.1/com.google.j2objc/j2objc-annotations/3.0.0/7399e65dd7e9ff3404f4535b2f017093bdb134c7/j2objc-annotations-3.0.0.jar:/opt/gradle/.gradle/caches/modules-2/files-2.1/org.robolectric/nativeruntime-dist-compat/1.0.18/a966cdb1df961a0df69acec8f98bb10d3ebf5f66/nativeruntime-dist-compat-1.0.18.jar:/opt/gradle/.gradle/caches/modules-2/files-2.1/com.squareup/javawriter/2.1.1/67ff45d9ae02e583d0f9b3432a5ebbe05c30c966/javawriter-2.1.1.jar:/opt/gradle/.gradle/caches/modules-2/files-2.1/com.google.code.findbugs/jsr305/2.0.2/516c03b21d50a644d538de0f0369c620989cd8f0/jsr305-2.0.2.jar:/app/applet/app/build/intermediates/java_res/debug/processDebugJavaRes/out:/opt/gradle/.gradle/caches/9.3.1/transforms/71ff749a2b64a04842073419ff4cbb06/transformed/navigation-common-2.8.9/jars/classes.jar:/opt/gradle/.gradle/caches/9.3.1/transforms/87a074cc4ba52401c71a401f43e8b34d/transformed/navigation-runtime-2.8.9/jars/classes.jar:/opt/gradle/.gradle/caches/9.3.1/transforms/cb3321def43239e5011285b33703cfb4/transformed/navigation-common-ktx-2.8.9/jars/classes.jar:/opt/gradle/.gradle/caches/9.3.1/transforms/69d918c59f924178a4f26a39181644b9/transformed/navigation-runtime-ktx-2.8.9/jars/classes.jar:/opt/gradle/.gradle/caches/9.3.1/transforms/a1e2f2832c4cf27499a65c1826a890a7/transformed/navigation-compose-2.8.9/jars/classes.jar:/opt/gradle/.gradle/caches/9.3.1/transforms/03880d2ce080d398510a95d57e01fad3/transformed/ui-test-junit4-release/jars/classes.jar:/opt/gradle/.gradle/caches/9.3.1/transforms/ddbc95e4e7a0959342d51e398632d327/transformed/activity-1.10.1/jars/classes.jar:/opt/gradle/.gradle/caches/9.3.1/transforms/d1714fce2f082650a6696920fd3caa91/transformed/activity-ktx-1.10.1/jars/classes.jar:/opt/gradle/.gradle/caches/9.3.1/transforms/e72ded074d8688b6c2661e805d946815/transformed/material3-release/jars/classes.jar:/opt/gradle/.gradle/caches/9.3.1/transforms/3589f07397b43467554d66ca9c945e5b/transformed/material-release/jars/classes.jar:/opt/gradle/.gradle/caches/9.3.1/transforms/d32d6c305375e36292da752cce890cb2/transformed/material-ripple/jars/classes.jar:/opt/gradle/.gradle/caches/9.3.1/transforms/3c119bc55c6e0fce5186121ecb0eba25/transformed/foundation-release/jars/classes.jar:/opt/gradle/.gradle/caches/9.3.1/transforms/2808e201b31ca15d0877e296198f6c96/transformed/foundation-layout-release/jars/classes.jar:/opt/gradle/.gradle/caches/9.3.1/transforms/0bacdd0ec00387375c7e5254dba8a258/transformed/animation-core-release/jars/classes.jar:/opt/gradle/.gradle/caches/9.3.1/transforms/0475eaf2995264ed5d4994507f9945be/transformed/animation/jars/classes.jar:/opt/gradle/.gradle/caches/9.3.1/transforms/1a450dfc1eda5560f92d8c04f1053348/transformed/ui-tooling-data/jars/classes.jar:/opt/gradle/.gradle/caches/9.3.1/transforms/ec3b63b344f3638a88d8817c7430dbe5/transformed/ui-test-release/jars/classes.jar:/opt/gradle/.gradle/caches/9.3.1/transforms/cd07fead45f50b3e00390df0c665689b/transformed/ui-unit-release/jars/classes.jar:/opt/gradle/.gradle/caches/9.3.1/transforms/74d75eaf3d205f08c9538b3323583d8c/transformed/ui-geometry/jars/classes.jar:/opt/gradle/.gradle/caches/9.3.1/transforms/e4a4ca94c5e6ad8dec96df5ec4bb9ae1/transformed/ui-util-release/jars/classes.jar:/opt/gradle/.gradle/caches/9.3.1/transforms/4ed0d413dacc9285d591ed6a595ffb3d/transformed/ui-text-release/jars/classes.jar:/opt/gradle/.gradle/caches/9.3.1/transforms/d3d162c0f3d9fdd2163e36e0d3d2d3a0/transformed/ui-tooling-preview/jars/classes.jar:/opt/gradle/.gradle/caches/9.3.1/transforms/1d9c33377f55fac1d2c860ee32050c5e/transformed/ui-graphics-release/jars/classes.jar:/opt/gradle/.gradle/caches/9.3.1/transforms/1bccbb604237aea6439acd6ac64f9974/transformed/ui-tooling-release/jars/classes.jar:/opt/gradle/.gradle/caches/9.3.1/transforms/326dc125eece3ab501ed6dc1843c95ea/transformed/activity-compose-1.10.1/jars/classes.jar:/opt/gradle/.gradle/caches/9.3.1/transforms/289c71becd429ca7184d8b9487fd62c0/transformed/work-runtime-ktx-2.9.1/jars/classes.jar:/opt/gradle/.gradle/caches/9.3.1/transforms/7bd15220579f6fcc9e77fe2006e6315e/transformed/work-runtime-2.9.1/jars/classes.jar:/opt/gradle/.gradle/caches/9.3.1/transforms/6a4ec91945314e5eb81ac0042d2b839f/transformed/customview-poolingcontainer-1.0.0/jars/classes.jar:/opt/gradle/.gradle/caches/9.3.1/transforms/a43909252a3af89520556ad2f2f34f80/transformed/core-ktx-1.18.0/jars/classes.jar:/opt/gradle/.gradle/caches/9.3.1/transforms/2975ad87d8b15ba608b213da5b85766d/transformed/autofill-1.0.0/jars/classes.jar:/opt/gradle/.gradle/caches/9.3.1/transforms/bbc7d8244b90058a029de9aa58bcf6dc/transformed/graphics-path-1.0.1/jars/classes.jar:/opt/gradle/.gradle/caches/9.3.1/transforms/ee095149f9b7e62f319056a2b3ab5d8f/transformed/emoji2-1.4.0/jars/classes.jar:/opt/gradle/.gradle/caches/9.3.1/transforms/ee095149f9b7e62f319056a2b3ab5d8f/transformed/emoji2-1.4.0/jars/libs/repackaged.jar:/opt/gradle/.gradle/caches/9.3.1/transforms/f7e16338296c22a062a66d37291d7e60/transformed/core-1.18.0/jars/classes.jar:/opt/gradle/.gradle/caches/9.3.1/transforms/7a16f680cf913ec018cf110d925e49ab/transformed/junit-1.3.0/jars/classes.jar:/opt/gradle/.gradle/caches/9.3.1/transforms/26f2ae3f2380ef2267be60e658d38883/transformed/espresso-core-3.5.0/jars/classes.jar:/opt/gradle/.gradle/caches/9.3.1/transforms/8bb98aa0f1482c3560d4ec8e95d5d6ba/transformed/core-1.7.0/jars/classes.jar:/opt/gradle/.gradle/caches/9.3.1/transforms/810be5318efc6188636258d952da6fc2/transformed/savedstate-ktx-1.2.1/jars/classes.jar:/opt/gradle/.gradle/caches/9.3.1/transforms/bf1bc3c5a3f38b239c994270df7d8795/transformed/savedstate-1.2.1/jars/classes.jar:/opt/gradle/.gradle/caches/9.3.1/transforms/c22b97e9332a7bea7d35a670c0aa3e99/transformed/lifecycle-process-2.8.7/jars/classes.jar:/opt/gradle/.gradle/caches/9.3.1/transforms/acc4ad0f0f384b81eb38610040d63358/transformed/lifecycle-livedata-core-ktx-2.8.7/jars/classes.jar:/opt/gradle/.gradle/caches/9.3.1/transforms/61f9827be9ffddda40be969bf18ecfb3/transformed/lifecycle-livedata-core-2.8.7/jars/classes.jar:/opt/gradle/.gradle/caches/9.3.1/transforms/2085fc73124fd1ddc05d7dcc31f32337/transformed/lifecycle-viewmodel-release/jars/classes.jar:/opt/gradle/.gradle/caches/9.3.1/transforms/69fa35c1bc6674db7765fed2d36b30fc/transformed/lifecycle-runtime-release/jars/classes.jar:/opt/gradle/.gradle/caches/9.3.1/transforms/b25d08c3d651739322ca72520e771a73/transformed/lifecycle-service-2.8.7/jars/classes.jar:/opt/gradle/.gradle/caches/9.3.1/transforms/e947dfa8d5c3e23bea11d75fa4443cab/transformed/lifecycle-livedata-2.8.7/jars/classes.jar:/opt/gradle/.gradle/caches/9.3.1/transforms/a9c652e33052a32a82612a5ec125e6c4/transformed/lifecycle-viewmodel-savedstate-2.8.7/jars/classes.jar:/opt/gradle/.gradle/caches/9.3.1/transforms/4f3b18eb0a67c62b413fecc40d2c37e7/transformed/lifecycle-viewmodel-ktx-2.8.7/jars/classes.jar:/opt/gradle/.gradle/caches/9.3.1/transforms/d791feaf506057d0e78d388f0d04f296/transformed/lifecycle-runtime-ktx-release/jars/classes.jar:/opt/gradle/.gradle/caches/9.3.1/transforms/31641c6acd04662fc76173a94829481c/transformed/lifecycle-runtime-compose-release/jars/classes.jar:/opt/gradle/.gradle/caches/9.3.1/transforms/26f08c5e4826411565fd6dd4d383ba23/transformed/lifecycle-viewmodel-compose-release/jars/classes.jar:/opt/gradle/.gradle/caches/9.3.1/transforms/6a00bded64a52736ac6f5f7e02f3ac9e/transformed/material-icons-extended-release/jars/classes.jar:/opt/gradle/.gradle/caches/9.3.1/transforms/acd41c4634c2a499ad9f1ceac809da97/transformed/material-icons-core-release/jars/classes.jar:/opt/gradle/.gradle/caches/9.3.1/transforms/222517fd5f0c7848bede820440d4999b/transformed/ui-release/jars/classes.jar:/opt/gradle/.gradle/caches/9.3.1/transforms/e1e00e9caa5ab76602491541c221421c/transformed/ui-test-manifest-1.8.0/jars/classes.jar:/opt/gradle/.gradle/caches/9.3.1/transforms/d3448b9a83bad0f7135c35c31f045df6/transformed/room-runtime-release/jars/classes.jar:/opt/gradle/.gradle/caches/9.3.1/transforms/188784849c55d38f4e01917be573830c/transformed/room-ktx-2.7.0/jars/classes.jar:/opt/gradle/.gradle/caches/9.3.1/transforms/198518b24b9169eb2f5847628021d405/transformed/room-testing-release/jars/classes.jar:/opt/gradle/.gradle/caches/9.3.1/transforms/b3419d62713df5234599574b398cc5a4/transformed/runner-1.5.0/jars/classes.jar:/opt/gradle/.gradle/caches/9.3.1/transforms/bffa93a411a932a7c84ef47a4a049c77/transformed/runtime-saveable-release/jars/classes.jar:/opt/gradle/.gradle/caches/9.3.1/transforms/e5fb266836f640a4cdf200b0fbff21ed/transformed/runtime-release/jars/classes.jar:/opt/gradle/.gradle/caches/9.3.1/transforms/30862e71869d146ae6330576c68a1ed7/transformed/datastore-core-release/jars/classes.jar:/opt/gradle/.gradle/caches/9.3.1/transforms/c0b6a29749b9c842ec351895f3872ba3/transformed/datastore-preferences-core-release/jars/classes.jar:/opt/gradle/.gradle/caches/9.3.1/transforms/97d7491d6905f47bc437888e1b9a2e80/transformed/datastore-release/jars/classes.jar:/opt/gradle/.gradle/caches/9.3.1/transforms/f0072fe32f82a6415fdf169e0602ca18/transformed/datastore-preferences-release/jars/classes.jar:/opt/gradle/.gradle/caches/9.3.1/transforms/ffd573f6f431c7e942b5388a56105c37/transformed/profileinstaller-1.4.0/jars/classes.jar:/opt/gradle/.gradle/caches/9.3.1/transforms/1db71360c9d6d0a8bf374b937d6b1e02/transformed/core-splashscreen-1.0.1/jars/classes.jar:/opt/gradle/.gradle/caches/9.3.1/transforms/bd627f14b32a9cdefe2c91890e118261/transformed/storage-1.6.0/jars/classes.jar:/opt/gradle/.gradle/caches/9.3.1/transforms/035924ce91a0d6608851fac437b860cd/transformed/monitor-1.8.0/jars/classes.jar:/opt/gradle/.gradle/caches/9.3.1/transforms/adc93ab3c431374a196c951785bfb437/transformed/annotation-1.0.1/jars/classes.jar:/opt/gradle/.gradle/caches/9.3.1/transforms/8d6f2525b5e072f07355d65fe1cb71a0/transformed/annotation-experimental-1.4.1/jars/classes.jar:/opt/gradle/.gradle/caches/9.3.1/transforms/df83f9434f938f51c78f1b84ab0c4f92/transformed/core-viewtree-1.0.0/jars/classes.jar:/opt/gradle/.gradle/caches/9.3.1/transforms/4754710214d1f3b57b22d9e1f91c3e63/transformed/sqlite-framework-release/jars/classes.jar:/opt/gradle/.gradle/caches/9.3.1/transforms/f5d4111b938e056c789c01cc512fa88c/transformed/sqlite-release/jars/classes.jar:/opt/gradle/.gradle/caches/9.3.1/transforms/5b6bc49e7508ac40cf52787bec29e6e2/transformed/versionedparcelable-1.1.1/jars/classes.jar:/opt/gradle/.gradle/caches/9.3.1/transforms/08bf7980a0fe2c1bb268b133a9bf8f1a/transformed/core-runtime-2.2.0/jars/classes.jar:/opt/gradle/.gradle/caches/9.3.1/transforms/310ec112483bd6a978f8deda56bf75dd/transformed/startup-runtime-1.1.1/jars/classes.jar:/opt/gradle/.gradle/caches/9.3.1/transforms/db8ddf01392cf74b8aca6afc8cb81d53/transformed/tracing-1.2.0/jars/classes.jar:/opt/gradle/.gradle/caches/9.3.1/transforms/84cb9e6f8205bcf43ab28d95b41eeed0/transformed/interpolator-1.0.0/jars/classes.jar:/opt/gradle/.gradle/caches/9.3.1/transforms/1b4e25537854fd63006ac45e7de3ad41/transformed/espresso-idling-resource-3.7.0/jars/classes.jar:/app/applet/app/build/intermediates/compile_and_runtime_r_class_jar/debug/processDebugResources/R.jar:/opt/gradle/.gradle/caches/9.3.1/transforms/73201a155b2982baab319033152919cf/transformed/android.jar
Launcher Type: SUN_STANDARD

[Global flags]
     intx CICompilerCount                          = 3                                         {product} {ergonomic}
     uint ConcGCThreads                            = 1                                         {product} {ergonomic}
     uint G1ConcRefinementThreads                  = 4                                         {product} {ergonomic}
   size_t G1HeapRegionSize                         = 1048576                                   {product} {ergonomic}
    uintx GCDrainStackTargetSize                   = 64                                        {product} {ergonomic}
   size_t InitialHeapSize                          = 201326592                                 {product} {ergonomic}
   size_t MarkStackSize                            = 4194304                                   {product} {ergonomic}
   size_t MaxHeapSize                              = 536870912                                 {product} {command line}
   size_t MaxNewSize                               = 321912832                                 {product} {ergonomic}
   size_t MinHeapDeltaBytes                        = 1048576                                   {product} {ergonomic}
   size_t MinHeapSize                              = 8388608                                   {product} {ergonomic}
    uintx NonNMethodCodeHeapSize                   = 5832780                                {pd product} {ergonomic}
    uintx NonProfiledCodeHeapSize                  = 122912730                              {pd product} {ergonomic}
    uintx ProfiledCodeHeapSize                     = 122912730                              {pd product} {ergonomic}
    uintx ReservedCodeCacheSize                    = 251658240                              {pd product} {ergonomic}
     bool SegmentedCodeCache                       = true                                      {product} {ergonomic}
   size_t SoftMaxHeapSize                          = 536870912                              {manageable} {ergonomic}
     bool UseCompressedOops                        = true                           {product lp64_product} {ergonomic}
     bool UseG1GC                                  = true                                      {product} {ergonomic}

Logging:
Log output configuration:
 #0: stdout all=warning uptime,level,tags foldmultilines=false
 #1: stderr all=off uptime,level,tags foldmultilines=false

Release file:
IMPLEMENTOR="Eclipse Adoptium"
IMPLEMENTOR_VERSION="Temurin-21.0.12+8"
JAVA_RUNTIME_VERSION="21.0.12+8-LTS"
JAVA_VERSION="21.0.12"
JAVA_VERSION_DATE="2026-07-21"
LIBC="gnu"
MODULES="java.base java.compiler java.datatransfer java.xml java.prefs java.desktop java.instrument java.logging java.management java.security.sasl java.naming java.rmi java.management.rmi java.net.http java.scripting java.security.jgss java.transaction.xa java.sql java.sql.rowset java.xml.crypto java.se java.smartcardio jdk.accessibility jdk.internal.jvmstat jdk.attach jdk.charsets jdk.internal.opt jdk.zipfs jdk.compiler jdk.crypto.ec jdk.crypto.cryptoki jdk.dynalink jdk.internal.ed jdk.editpad jdk.hotspot.agent jdk.httpserver jdk.incubator.vector jdk.internal.le jdk.internal.vm.ci jdk.internal.vm.compiler jdk.internal.vm.compiler.management jdk.jartool jdk.javadoc jdk.jcmd jdk.management jdk.management.agent jdk.jconsole jdk.jdeps jdk.jdwp.agent jdk.jdi jdk.jfr jdk.jlink jdk.jpackage jdk.jshell jdk.jsobject jdk.jstatd jdk.localedata jdk.management.jfr jdk.naming.dns jdk.naming.rmi jdk.net jdk.nio.mapmode jdk.random jdk.sctp jdk.security.auth jdk.security.jgss jdk.unsupported jdk.unsupported.desktop jdk.xml.dom"
OS_ARCH="x86_64"
OS_NAME="Linux"
SOURCE=".:git:04806bcb1d50"
BUILD_SOURCE="git:e6ba7dec3d07654074559310376a3ae89da5f4ac"
BUILD_SOURCE_REPO="https://github.com/adoptium/temurin-build.git"
SOURCE_REPO="https://github.com/adoptium/jdk21u.git"
FULL_VERSION="21.0.12+8-LTS"
SEMANTIC_VERSION="21.0.12+8"
BUILD_INFO="OS: Linux Version: 6.8.0-1062-azure"
JVM_VARIANT="Hotspot"
JVM_VERSION="21.0.12+8-LTS"
IMAGE_TYPE="JDK"

Environment Variables:
PATH=/usr/local/sbin:/usr/local/bin:/usr/sbin:/usr/bin:/sbin:/bin:/opt/android/sdk/cmdline-tools/latest/bin:/opt/android/sdk/platform-tools:/opt/gradle/gradle-9.3.1/bin:/usr/local/sbin:/usr/local/bin:/usr/sbin:/usr/bin:/sbin:/bin
LANG=en_US.UTF-8
LC_ALL=en_US.UTF-8

Active Locale:
LC_ALL=LC_CTYPE=en_US.UTF-8;LC_NUMERIC=C;LC_TIME=en_US.UTF-8;LC_COLLATE=en_US.UTF-8;LC_MONETARY=en_US.UTF-8;LC_MESSAGES=en_US.UTF-8;LC_PAPER=en_US.UTF-8;LC_NAME=en_US.UTF-8;LC_ADDRESS=en_US.UTF-8;LC_TELEPHONE=en_US.UTF-8;LC_MEASUREMENT=en_US.UTF-8;LC_IDENTIFICATION=en_US.UTF-8
LC_COLLATE=en_US.UTF-8
LC_CTYPE=en_US.UTF-8
LC_MESSAGES=en_US.UTF-8
LC_MONETARY=en_US.UTF-8
LC_NUMERIC=C
LC_TIME=en_US.UTF-8

Signal Handlers:
   SIGSEGV: crash_handler in libjvm.so, mask=11100100010111111101111111111110, flags=SA_RESTART|SA_SIGINFO, unblocked
    SIGBUS: crash_handler in libjvm.so, mask=11100100010111111101111111111110, flags=SA_RESTART|SA_SIGINFO, unblocked
    SIGFPE: crash_handler in libjvm.so, mask=11100100010111111101111111111110, flags=SA_RESTART|SA_SIGINFO, unblocked
   SIGPIPE: javaSignalHandler in libjvm.so, mask=11100100010111111101111111111110, flags=SA_RESTART|SA_SIGINFO, blocked
   SIGXFSZ: javaSignalHandler in libjvm.so, mask=11100100010111111101111111111110, flags=SA_RESTART|SA_SIGINFO, blocked
    SIGILL: crash_handler in libjvm.so, mask=11100100010111111101111111111110, flags=SA_RESTART|SA_SIGINFO, unblocked
   SIGUSR2: SR_handler in libjvm.so, mask=00000000000000000000000000000000, flags=SA_RESTART|SA_SIGINFO, blocked
    SIGHUP: UserHandler in libjvm.so, mask=11100100010111111101111111111110, flags=SA_RESTART|SA_SIGINFO, blocked
    SIGINT: UserHandler in libjvm.so, mask=11100100010111111101111111111110, flags=SA_RESTART|SA_SIGINFO, blocked
   SIGTERM: UserHandler in libjvm.so, mask=11100100010111111101111111111110, flags=SA_RESTART|SA_SIGINFO, blocked
   SIGQUIT: UserHandler in libjvm.so, mask=11100100010111111101111111111110, flags=SA_RESTART|SA_SIGINFO, blocked
   SIGTRAP: crash_handler in libjvm.so, mask=11100100010111111101111111111110, flags=SA_RESTART|SA_SIGINFO, unblocked


Periodic native trim disabled

---------------  S Y S T E M  ---------------

OS:
DISTRIB_ID=Ubuntu
DISTRIB_RELEASE=22.04
DISTRIB_CODENAME=jammy
DISTRIB_DESCRIPTION="Ubuntu 22.04.5 LTS"
uname: Linux 4.19.0-gvisor #1 SMP Sun Jan 10 15:06:54 PST 2016 x86_64
OS uptime: 0 days 3:24 hours
libc: glibc 2.36 NPTL 2.36 
rlimit (soft/hard): STACK 8192k/infinity , CORE 0k/infinity , NPROC 1048576/536870911 , NOFILE 25000/25000 , AS infinity/infinity , CPU infinity/infinity , DATA infinity/infinity , FSIZE infinity/infinity , MEMLOCK infinity/infinity
load average: 0.00 0.00 0.00

/proc/meminfo:
MemTotal:       12582912 kB
MemFree:         7560452 kB
MemAvailable:    7560452 kB
Buffers:               0 kB
Cached:          1750496 kB
SwapCache:             0 kB
Active:          4773980 kB
Inactive:         248468 kB
Active(anon):    4525512 kB
Inactive(anon):        0 kB
Active(file):     248468 kB
Inactive(file):   248468 kB
Unevictable:           0 kB
Mlocked:               0 kB
SwapTotal:             0 kB
SwapFree:              0 kB
Dirty:                 0 kB
Writeback:             0 kB
AnonPages:       4525512 kB
Mapped:           496936 kB
Shmem:           1253560 kB

/sys/kernel/mm/transparent_hugepage/enabled: <Not Available>
/sys/kernel/mm/transparent_hugepage/hpage_pmd_size: <Not Available>
/sys/kernel/mm/transparent_hugepage/defrag (defrag/compaction efforts parameter): <Not Available>

Process Memory:
Virtual Size: 4253528K (peak: -1K)
Resident Set Size: 547592K (peak: -1K)
C-Heap outstanding allocations: 112607K, retained: 32052K
glibc malloc tunables: (default)

/proc/sys/kernel/threads-max (system-wide limit on the number of threads): <Not Available>
/proc/sys/vm/max_map_count (maximum number of memory map areas a process may have): 2147483647
/proc/sys/vm/swappiness (control to define how aggressively the kernel swaps out anonymous memory): <Not Available>
/proc/sys/kernel/pid_max (system-wide limit on number of process identifiers): 65536

container information not found.
Steal ticks since vm start: 0
Steal ticks percentage since vm start:  0.000

CPU: total 4 (initial active 4) (128 cores per cpu, 1 threads per core) family 25 model 1 stepping 1 microcode 0x0, cx8, cmov, fxsr, mmx, 3dnowpref, sse, sse2, sse3, ssse3, sse4a, sse4.1, sse4.2, popcnt, lzcnt, tsc, avx, avx2, aes, erms, clmul, bmi1, bmi2, adx, sha, fma, vzeroupper, clflush, clflushopt, rdtscp, rdpid, fsrm, f16c, pku, ospke, cet_ss
CPU Model and flags from /proc/cpuinfo:
model name	: unknown
flags		: fpu vme de pse tsc msr pae mce cx8 apic sep mtrr pge mca cmov pat pse36 clflush mmx fxsr sse sse2 ht syscall nx mmxext fxsr_opt pdpe1gb rdtscp lm pni pclmulqdq monitor ssse3 fma cx16 pcid sse4_1 sse4_2 x2apic movbe popcnt aes xsave avx f16c rdrand lahf_lm cmp_legacy svm extapic cr8_legacy abm sse4a misalignsse 3dnowprefetch osvw ibs skinit wdt tce topoext perfctr_core perfctr_nb bpext perfctr_llc mwaitx fsgsbase bmi1 avx2 smep bmi2 erms invpcid cqm rdt_a rdseed adx smap clwb sha_ni xsaveopt xsavec xgetbv1 xsaves umip pku ospke vaes vpclmulqdq rdpid fsrm

Online cpus: 0-3
Offline cpus: <Not Available>
BIOS frequency limitation: <Not Available>
Frequency switch latency (ns): <Not Available>
Available cpu frequencies: <Not Available>
Current governor: <Not Available>
Core performance/turbo boost: <Not Available>

Memory: 4k page, physical 12582912k(7560452k free), swap 0k(0k free)
Page Sizes: 4k

vm_info: OpenJDK 64-Bit Server VM (21.0.12+8-LTS) for linux-amd64 JRE (21.0.12+8-LTS), built on 2026-07-21T00:00:00Z by "admin" with gcc 11.3.0

END.
