#
# A fatal error has been detected by the Java Runtime Environment:
#
#  SIGSEGV (0xb) at pc=0x00007f4c29558735, pid=1101, tid=1167
#
# JRE version: OpenJDK Runtime Environment Temurin-21.0.12+8 (21.0.12+8) (build 21.0.12+8-LTS)
# Java VM: OpenJDK 64-Bit Server VM Temurin-21.0.12+8 (21.0.12+8-LTS, mixed mode, sharing, tiered, compressed oops, compressed class ptrs, g1 gc, linux-amd64)
# Problematic frame:
# C  [librobolectric-nativeruntime.so+0x458735]  sqlite3_column_count+0x5
#
# Core dump will be written. Default location: core.1101 (may not exist)
#
# If you would like to submit a bug report, please visit:
#   https://github.com/adoptium/adoptium-support/issues
# The crash happened outside the Java Virtual Machine in native code.
# See problematic frame for where to report the bug.
#

---------------  S U M M A R Y ------------

Command Line: -Djava.awt.headless=true -Djava.library.path=/usr/java/packages/lib:/usr/lib64:/lib64:/lib:/usr/lib:/app/applet/app/src/testDebug/jniLibs:/app/applet/app/src/test/jniLibs -Dorg.gradle.internal.worker.tmpdir=/app/applet/app/build/tmp/testDebugUnitTest/work --add-opens=java.base/java.io=ALL-UNNAMED -Xmx512m -Dfile.encoding=UTF-8 -Duser.country=US -Duser.language=en -Duser.variant -ea worker.org.gradle.process.internal.worker.GradleWorkerMain 'Gradle Test Executor 1'

Host: unknown, 4 cores, 12G, Ubuntu 22.04.5 LTS
Time: Thu Aug 27 20:28:00 2026 UTC elapsed time: 12.489004 seconds (0d 0h 0m 12s)

---------------  T H R E A D  ---------------

Current thread (0x00007f4bf401caf0):  JavaThread "WM.task-6" daemon [_thread_in_native, id=1167, stack(0x00007f4c28e00000,0x00007f4c28f00000) (1024K)]

Stack: [0x00007f4c28e00000,0x00007f4c28f00000],  sp=0x00007f4c28efc378,  free space=1008k
Native frames: (J=compiled Java code, j=interpreted, Vv=VM code, C=native code)
C  [librobolectric-nativeruntime.so+0x458735]  sqlite3_column_count+0x5
j  org.robolectric.shadows.ShadowNativeSQLiteConnection.lambda$nativeGetColumnCount$12(JJ)Ljava/lang/Integer;+2
j  org.robolectric.shadows.ShadowNativeSQLiteConnection$$Lambda+0x00007f4c3092f608.get()Ljava/lang/Object;+8
J 5707 c2 org.robolectric.util.PerfStatsCollector.measure(Ljava/lang/String;Lorg/robolectric/util/PerfStatsCollector$ThrowingSupplier;)Ljava/lang/Object; (44 bytes) @ 0x00007f4c94637ea4 [0x00007f4c94637dc0+0x00000000000000e4]
j  org.robolectric.shadows.ShadowNativeSQLiteConnection.nativeGetColumnCount(JJ)I+12
J 7145 c1 java.lang.invoke.LambdaForm$DMH+0x00007f4c30852400.invokeStatic(Ljava/lang/Object;JJ)I java.base@21.0.12 (17 bytes) @ 0x00007f4c8d2756c4 [0x00007f4c8d275640+0x0000000000000084]
J 7144 c1 java.lang.invoke.LambdaForm$MH+0x00007f4c30853800.guardWithCatch(Ljava/lang/Object;JJ)I java.base@21.0.12 (77 bytes) @ 0x00007f4c8d27503c [0x00007f4c8d274f60+0x00000000000000dc]
j  java.lang.invoke.LambdaForm$MH+0x00007f4c30859000.reinvoke(Ljava/lang/Object;JJ)I+22 java.base@21.0.12
J 7099 c1 java.lang.invoke.LambdaForm$MH+0x00007f4c30859400.guard(Ljava/lang/Object;JJ)I java.base@21.0.12 (100 bytes) @ 0x00007f4c8d266b94 [0x00007f4c8d266a00+0x0000000000000194]
j  java.lang.invoke.LambdaForm$MH+0x00007f4c30858800.invoke(Ljava/lang/Object;JJ)I+52 java.base@21.0.12
j  java.lang.invoke.LambdaForm$MH+0x00007f4c30859000.reinvoke(Ljava/lang/Object;JJ)I+22 java.base@21.0.12
J 7099 c1 java.lang.invoke.LambdaForm$MH+0x00007f4c30859400.guard(Ljava/lang/Object;JJ)I java.base@21.0.12 (100 bytes) @ 0x00007f4c8d266bfc [0x00007f4c8d266a00+0x00000000000001fc]
J 7098 c1 java.lang.invoke.LambdaForm$MH+0x00007f4c30859800.linkToCallSite(JJLjava/lang/Object;)I java.base@21.0.12 (21 bytes) @ 0x00007f4c8d2665f4 [0x00007f4c8d266540+0x00000000000000b4]
j  android.database.sqlite.SQLiteConnection.nativeGetColumnCount(JJ)I+2
j  android.database.sqlite.SQLiteConnection.$$robo$$android_database_sqlite_SQLiteConnection$prepare(Ljava/lang/String;Landroid/database/sqlite/SQLiteStatementInfo;)V+66
J 5101 c1 java.lang.invoke.DirectMethodHandle$Holder.invokeSpecial(Ljava/lang/Object;Ljava/lang/Object;Ljava/lang/Object;Ljava/lang/Object;)V java.base@21.0.12 (18 bytes) @ 0x00007f4c8c86614c [0x00007f4c8c865d60+0x00000000000003ec]
J 4901 c1 java.lang.invoke.LambdaForm$MH+0x00007f4c302e1400.guardWithCatch(Ljava/lang/Object;Ljava/lang/Object;Ljava/lang/Object;Ljava/lang/Object;)V java.base@21.0.12 (79 bytes) @ 0x00007f4c8c8013a4 [0x00007f4c8c800fa0+0x0000000000000404]
J 5009 c1 java.lang.invoke.LambdaForm$MH+0x00007f4c302e2400.reinvoke(Ljava/lang/Object;Ljava/lang/Object;Ljava/lang/Object;Ljava/lang/Object;)V java.base@21.0.12 (27 bytes) @ 0x00007f4c8ca18d44 [0x00007f4c8ca18880+0x00000000000004c4]
J 4368 c1 java.lang.invoke.LambdaForm$MH+0x00007f4c302e2800.guard(Ljava/lang/Object;Ljava/lang/Object;Ljava/lang/Object;Ljava/lang/Object;)V java.base@21.0.12 (103 bytes) @ 0x00007f4c8c9096ac [0x00007f4c8c908f40+0x000000000000076c]
j  java.lang.invoke.LambdaForm$MH+0x00007f4c302e2000.invoke(Ljava/lang/Object;Ljava/lang/Object;Ljava/lang/Object;Ljava/lang/Object;)V+53 java.base@21.0.12
J 5009 c1 java.lang.invoke.LambdaForm$MH+0x00007f4c302e2400.reinvoke(Ljava/lang/Object;Ljava/lang/Object;Ljava/lang/Object;Ljava/lang/Object;)V java.base@21.0.12 (27 bytes) @ 0x00007f4c8ca18d44 [0x00007f4c8ca18880+0x00000000000004c4]
J 4368 c1 java.lang.invoke.LambdaForm$MH+0x00007f4c302e2800.guard(Ljava/lang/Object;Ljava/lang/Object;Ljava/lang/Object;Ljava/lang/Object;)V java.base@21.0.12 (103 bytes) @ 0x00007f4c8c9098c4 [0x00007f4c8c908f40+0x0000000000000984]
J 4367 c1 java.lang.invoke.LambdaForm$MH+0x00007f4c302e2c00.linkToCallSite(Ljava/lang/Object;Ljava/lang/Object;Ljava/lang/Object;Ljava/lang/Object;)V java.base@21.0.12 (21 bytes) @ 0x00007f4c8ca546a4 [0x00007f4c8ca541e0+0x00000000000004c4]
j  android.database.sqlite.SQLiteConnection.prepare(Ljava/lang/String;Landroid/database/sqlite/SQLiteStatementInfo;)V+3
j  android.database.sqlite.SQLiteSession.$$robo$$android_database_sqlite_SQLiteSession$prepare(Ljava/lang/String;ILandroid/os/CancellationSignal;Landroid/database/sqlite/SQLiteStatementInfo;)V+36
j  java.lang.invoke.LambdaForm$DMH+0x00007f4c3044ac00.invokeSpecial(Ljava/lang/Object;Ljava/lang/Object;Ljava/lang/Object;ILjava/lang/Object;Ljava/lang/Object;)V+18 java.base@21.0.12
j  java.lang.invoke.LambdaForm$MH+0x00007f4c304af800.guardWithCatch(Ljava/lang/Object;Ljava/lang/Object;Ljava/lang/Object;ILjava/lang/Object;Ljava/lang/Object;)V+47 java.base@21.0.12
j  java.lang.invoke.LambdaForm$MH+0x00007f4c30509c00.delegate(Ljava/lang/Object;Ljava/lang/Object;Ljava/lang/Object;ILjava/lang/Object;Ljava/lang/Object;)V+21 java.base@21.0.12
j  java.lang.invoke.LambdaForm$MH+0x00007f4c304b1c00.guard(Ljava/lang/Object;Ljava/lang/Object;Ljava/lang/Object;ILjava/lang/Object;Ljava/lang/Object;)V+86 java.base@21.0.12
j  java.lang.invoke.LambdaForm$MH+0x00007f4c304b2000.linkToCallSite(Ljava/lang/Object;Ljava/lang/Object;ILjava/lang/Object;Ljava/lang/Object;Ljava/lang/Object;)V+21 java.base@21.0.12
j  android.database.sqlite.SQLiteSession.prepare(Ljava/lang/String;ILandroid/os/CancellationSignal;Landroid/database/sqlite/SQLiteStatementInfo;)V+6
j  android.database.sqlite.SQLiteProgram.$$robo$$android_database_sqlite_SQLiteProgram$__constructor__(Landroid/database/sqlite/SQLiteDatabase;Ljava/lang/String;[Ljava/lang/Object;Landroid/os/CancellationSignal;)V+112
j  java.lang.invoke.LambdaForm$DMH+0x00007f4c302e1c00.invokeSpecial(Ljava/lang/Object;Ljava/lang/Object;Ljava/lang/Object;Ljava/lang/Object;Ljava/lang/Object;Ljava/lang/Object;)V+18 java.base@21.0.12
j  java.lang.invoke.LambdaForm$MH+0x00007f4c302f5000.guardWithCatch(Ljava/lang/Object;Ljava/lang/Object;Ljava/lang/Object;Ljava/lang/Object;Ljava/lang/Object;Ljava/lang/Object;)V+47 java.base@21.0.12
j  java.lang.invoke.LambdaForm$MH+0x00007f4c302fa000.delegate(Ljava/lang/Object;Ljava/lang/Object;Ljava/lang/Object;Ljava/lang/Object;Ljava/lang/Object;Ljava/lang/Object;)V+21 java.base@21.0.12
j  java.lang.invoke.LambdaForm$MH+0x00007f4c302f7400.guard(Ljava/lang/Object;Ljava/lang/Object;Ljava/lang/Object;Ljava/lang/Object;Ljava/lang/Object;Ljava/lang/Object;)V+86 java.base@21.0.12
j  java.lang.invoke.LambdaForm$MH+0x00007f4c302f7800.linkToCallSite(Ljava/lang/Object;Ljava/lang/Object;Ljava/lang/Object;Ljava/lang/Object;Ljava/lang/Object;Ljava/lang/Object;)V+21 java.base@21.0.12
j  android.database.sqlite.SQLiteProgram.<init>(Landroid/database/sqlite/SQLiteDatabase;Ljava/lang/String;[Ljava/lang/Object;Landroid/os/CancellationSignal;)V+14
j  android.database.sqlite.SQLiteQuery.<init>(Landroid/database/sqlite/SQLiteDatabase;Ljava/lang/String;Landroid/os/CancellationSignal;)V+5
j  android.database.sqlite.SQLiteDirectCursorDriver.$$robo$$android_database_sqlite_SQLiteDirectCursorDriver$query(Landroid/database/sqlite/SQLiteDatabase$CursorFactory;[Ljava/lang/String;)Landroid/database/Cursor;+16
J 4892 c1 java.lang.invoke.DirectMethodHandle$Holder.invokeSpecial(Ljava/lang/Object;Ljava/lang/Object;Ljava/lang/Object;Ljava/lang/Object;)Ljava/lang/Object; java.base@21.0.12 (18 bytes) @ 0x00007f4c8c833454 [0x00007f4c8c8331e0+0x0000000000000274]
J 4888 c1 java.lang.invoke.LambdaForm$MH+0x00007f4c30282c00.guardWithCatch(Ljava/lang/Object;Ljava/lang/Object;Ljava/lang/Object;Ljava/lang/Object;)Ljava/lang/Object; java.base@21.0.12 (79 bytes) @ 0x00007f4c8cd2540c [0x00007f4c8cd25120+0x00000000000002ec]
J 5974 c1 java.lang.invoke.DelegatingMethodHandle$Holder.delegate(Ljava/lang/Object;Ljava/lang/Object;Ljava/lang/Object;Ljava/lang/Object;)Ljava/lang/Object; java.base@21.0.12 (21 bytes) @ 0x00007f4c8d05f1c4 [0x00007f4c8d05eee0+0x00000000000002e4]
J 4317 c1 java.lang.invoke.LambdaForm$MH+0x00007f4c30284400.guard(Ljava/lang/Object;Ljava/lang/Object;Ljava/lang/Object;Ljava/lang/Object;)Ljava/lang/Object; java.base@21.0.12 (103 bytes) @ 0x00007f4c8c81f6ac [0x00007f4c8c81ef40+0x000000000000076c]
J 4316 c1 java.lang.invoke.Invokers$Holder.linkToCallSite(Ljava/lang/Object;Ljava/lang/Object;Ljava/lang/Object;Ljava/lang/Object;)Ljava/lang/Object; java.base@21.0.12 (21 bytes) @ 0x00007f4c8c9b82a4 [0x00007f4c8c9b7de0+0x00000000000004c4]
j  android.database.sqlite.SQLiteDirectCursorDriver.query(Landroid/database/sqlite/SQLiteDatabase$CursorFactory;[Ljava/lang/String;)Landroid/database/Cursor;+3
j  android.database.sqlite.SQLiteDatabase.$$robo$$android_database_sqlite_SQLiteDatabase$rawQueryWithFactory(Landroid/database/sqlite/SQLiteDatabase$CursorFactory;Ljava/lang/String;[Ljava/lang/String;Ljava/lang/String;Landroid/os/CancellationSignal;)Landroid/database/Cursor;+34
j  java.lang.invoke.DirectMethodHandle$Holder.invokeSpecial(Ljava/lang/Object;Ljava/lang/Object;Ljava/lang/Object;Ljava/lang/Object;Ljava/lang/Object;Ljava/lang/Object;Ljava/lang/Object;)Ljava/lang/Object;+20 java.base@21.0.12
j  java.lang.invoke.LambdaForm$MH+0x00007f4c307d0400.guardWithCatch(Ljava/lang/Object;Ljava/lang/Object;Ljava/lang/Object;Ljava/lang/Object;Ljava/lang/Object;Ljava/lang/Object;Ljava/lang/Object;)Ljava/lang/Object;+49 java.base@21.0.12
j  java.lang.invoke.DelegatingMethodHandle$Holder.delegate(Ljava/lang/Object;Ljava/lang/Object;Ljava/lang/Object;Ljava/lang/Object;Ljava/lang/Object;Ljava/lang/Object;Ljava/lang/Object;)Ljava/lang/Object;+23 java.base@21.0.12
j  java.lang.invoke.LambdaForm$MH+0x00007f4c307d1000.guard(Ljava/lang/Object;Ljava/lang/Object;Ljava/lang/Object;Ljava/lang/Object;Ljava/lang/Object;Ljava/lang/Object;Ljava/lang/Object;)Ljava/lang/Object;+90 java.base@21.0.12
j  java.lang.invoke.Invokers$Holder.linkToCallSite(Ljava/lang/Object;Ljava/lang/Object;Ljava/lang/Object;Ljava/lang/Object;Ljava/lang/Object;Ljava/lang/Object;Ljava/lang/Object;)Ljava/lang/Object;+23 java.base@21.0.12
j  android.database.sqlite.SQLiteDatabase.rawQueryWithFactory(Landroid/database/sqlite/SQLiteDatabase$CursorFactory;Ljava/lang/String;[Ljava/lang/String;Ljava/lang/String;Landroid/os/CancellationSignal;)Landroid/database/Cursor;+8
j  android.database.sqlite.SQLiteDatabase.$$robo$$android_database_sqlite_SQLiteDatabase$rawQueryWithFactory(Landroid/database/sqlite/SQLiteDatabase$CursorFactory;Ljava/lang/String;[Ljava/lang/String;Ljava/lang/String;)Landroid/database/Cursor;+7
j  java.lang.invoke.DirectMethodHandle$Holder.invokeSpecial(Ljava/lang/Object;Ljava/lang/Object;Ljava/lang/Object;Ljava/lang/Object;Ljava/lang/Object;Ljava/lang/Object;)Ljava/lang/Object;+18 java.base@21.0.12
j  java.lang.invoke.LambdaForm$MH+0x00007f4c3052cc00.guardWithCatch(Ljava/lang/Object;Ljava/lang/Object;Ljava/lang/Object;Ljava/lang/Object;Ljava/lang/Object;Ljava/lang/Object;)Ljava/lang/Object;+47 java.base@21.0.12
j  java.lang.invoke.DelegatingMethodHandle$Holder.delegate(Ljava/lang/Object;Ljava/lang/Object;Ljava/lang/Object;Ljava/lang/Object;Ljava/lang/Object;Ljava/lang/Object;)Ljava/lang/Object;+21 java.base@21.0.12
j  java.lang.invoke.LambdaForm$MH+0x00007f4c3052d800.guard(Ljava/lang/Object;Ljava/lang/Object;Ljava/lang/Object;Ljava/lang/Object;Ljava/lang/Object;Ljava/lang/Object;)Ljava/lang/Object;+86 java.base@21.0.12
j  java.lang.invoke.Invokers$Holder.linkToCallSite(Ljava/lang/Object;Ljava/lang/Object;Ljava/lang/Object;Ljava/lang/Object;Ljava/lang/Object;Ljava/lang/Object;)Ljava/lang/Object;+21 java.base@21.0.12
j  android.database.sqlite.SQLiteDatabase.rawQueryWithFactory(Landroid/database/sqlite/SQLiteDatabase$CursorFactory;Ljava/lang/String;[Ljava/lang/String;Ljava/lang/String;)Landroid/database/Cursor;+6
j  androidx.sqlite.db.framework.FrameworkSQLiteDatabase.query(Landroidx/sqlite/db/SupportSQLiteQuery;)Landroid/database/Cursor;+33
j  androidx.room.RoomDatabase.query(Landroidx/sqlite/db/SupportSQLiteQuery;Landroid/os/CancellationSignal;)Landroid/database/Cursor;+48
j  androidx.room.util.DBUtil__DBUtil_androidKt.query(Landroidx/room/RoomDatabase;Landroidx/sqlite/db/SupportSQLiteQuery;ZLandroid/os/CancellationSignal;)Landroid/database/Cursor;+15
j  androidx.room.util.DBUtil.query(Landroidx/room/RoomDatabase;Landroidx/sqlite/db/SupportSQLiteQuery;ZLandroid/os/CancellationSignal;)Landroid/database/Cursor;+4
j  androidx.work.impl.model.WorkSpecDao_Impl.getWorkSpecIdAndStatesForName(Ljava/lang/String;)Ljava/util/List;+49
j  androidx.work.impl.WorkerUpdater.enqueueUniquelyNamedPeriodic$lambda$4(Landroidx/work/impl/WorkManagerImpl;Ljava/lang/String;Landroidx/work/impl/OperationImpl;Lkotlin/jvm/functions/Function0;Landroidx/work/WorkRequest;)V+48
j  androidx.work.impl.WorkerUpdater$$Lambda+0x00007f4c3071fd78.run()V+20
j  androidx.work.impl.utils.SerialExecutorImpl$Task.run()V+4
j  java.util.concurrent.ThreadPoolExecutor.runWorker(Ljava/util/concurrent/ThreadPoolExecutor$Worker;)V+92 java.base@21.0.12
j  java.util.concurrent.ThreadPoolExecutor$Worker.run()V+5 java.base@21.0.12
j  java.lang.Thread.runWith(Ljava/lang/Object;Ljava/lang/Runnable;)V+5 java.base@21.0.12
j  java.lang.Thread.run()V+19 java.base@21.0.12
v  ~StubRoutines::call_stub 0x00007f4c93d37cc6
V  [libjvm.so+0x91cbd5]  JavaCalls::call_helper(JavaValue*, methodHandle const&, JavaCallArguments*, JavaThread*)+0x2e5
V  [libjvm.so+0x91e552]  JavaCalls::call_virtual(JavaValue*, Handle, Klass*, Symbol*, Symbol*, JavaThread*)+0x1d2
V  [libjvm.so+0x9f3e0e]  thread_entry(JavaThread*, JavaThread*)+0x8e
V  [libjvm.so+0x9343f8]  JavaThread::thread_main_inner()+0x1d8
V  [libjvm.so+0xfa1c88]  Thread::call_run()+0xa8
V  [libjvm.so+0xd1385a]  thread_native_entry(Thread*)+0xda
Java frames: (J=compiled Java code, j=interpreted, Vv=VM code)
j  org.robolectric.nativeruntime.SQLiteConnectionNatives.nativeGetColumnCount(JJ)I+0
j  org.robolectric.shadows.ShadowNativeSQLiteConnection.lambda$nativeGetColumnCount$12(JJ)Ljava/lang/Integer;+2
j  org.robolectric.shadows.ShadowNativeSQLiteConnection$$Lambda+0x00007f4c3092f608.get()Ljava/lang/Object;+8
J 5707 c2 org.robolectric.util.PerfStatsCollector.measure(Ljava/lang/String;Lorg/robolectric/util/PerfStatsCollector$ThrowingSupplier;)Ljava/lang/Object; (44 bytes) @ 0x00007f4c94637ea4 [0x00007f4c94637dc0+0x00000000000000e4]
j  org.robolectric.shadows.ShadowNativeSQLiteConnection.nativeGetColumnCount(JJ)I+12
J 7145 c1 java.lang.invoke.LambdaForm$DMH+0x00007f4c30852400.invokeStatic(Ljava/lang/Object;JJ)I java.base@21.0.12 (17 bytes) @ 0x00007f4c8d2756c4 [0x00007f4c8d275640+0x0000000000000084]
J 7144 c1 java.lang.invoke.LambdaForm$MH+0x00007f4c30853800.guardWithCatch(Ljava/lang/Object;JJ)I java.base@21.0.12 (77 bytes) @ 0x00007f4c8d27503c [0x00007f4c8d274f60+0x00000000000000dc]
j  java.lang.invoke.LambdaForm$MH+0x00007f4c30859000.reinvoke(Ljava/lang/Object;JJ)I+22 java.base@21.0.12
J 7099 c1 java.lang.invoke.LambdaForm$MH+0x00007f4c30859400.guard(Ljava/lang/Object;JJ)I java.base@21.0.12 (100 bytes) @ 0x00007f4c8d266b94 [0x00007f4c8d266a00+0x0000000000000194]
j  java.lang.invoke.LambdaForm$MH+0x00007f4c30858800.invoke(Ljava/lang/Object;JJ)I+52 java.base@21.0.12
j  java.lang.invoke.LambdaForm$MH+0x00007f4c30859000.reinvoke(Ljava/lang/Object;JJ)I+22 java.base@21.0.12
J 7099 c1 java.lang.invoke.LambdaForm$MH+0x00007f4c30859400.guard(Ljava/lang/Object;JJ)I java.base@21.0.12 (100 bytes) @ 0x00007f4c8d266bfc [0x00007f4c8d266a00+0x00000000000001fc]
J 7098 c1 java.lang.invoke.LambdaForm$MH+0x00007f4c30859800.linkToCallSite(JJLjava/lang/Object;)I java.base@21.0.12 (21 bytes) @ 0x00007f4c8d2665f4 [0x00007f4c8d266540+0x00000000000000b4]
j  android.database.sqlite.SQLiteConnection.nativeGetColumnCount(JJ)I+2
j  android.database.sqlite.SQLiteConnection.$$robo$$android_database_sqlite_SQLiteConnection$prepare(Ljava/lang/String;Landroid/database/sqlite/SQLiteStatementInfo;)V+66
J 5101 c1 java.lang.invoke.DirectMethodHandle$Holder.invokeSpecial(Ljava/lang/Object;Ljava/lang/Object;Ljava/lang/Object;Ljava/lang/Object;)V java.base@21.0.12 (18 bytes) @ 0x00007f4c8c86614c [0x00007f4c8c865d60+0x00000000000003ec]
J 4901 c1 java.lang.invoke.LambdaForm$MH+0x00007f4c302e1400.guardWithCatch(Ljava/lang/Object;Ljava/lang/Object;Ljava/lang/Object;Ljava/lang/Object;)V java.base@21.0.12 (79 bytes) @ 0x00007f4c8c8013a4 [0x00007f4c8c800fa0+0x0000000000000404]
J 5009 c1 java.lang.invoke.LambdaForm$MH+0x00007f4c302e2400.reinvoke(Ljava/lang/Object;Ljava/lang/Object;Ljava/lang/Object;Ljava/lang/Object;)V java.base@21.0.12 (27 bytes) @ 0x00007f4c8ca18d44 [0x00007f4c8ca18880+0x00000000000004c4]
J 4368 c1 java.lang.invoke.LambdaForm$MH+0x00007f4c302e2800.guard(Ljava/lang/Object;Ljava/lang/Object;Ljava/lang/Object;Ljava/lang/Object;)V java.base@21.0.12 (103 bytes) @ 0x00007f4c8c9096ac [0x00007f4c8c908f40+0x000000000000076c]
j  java.lang.invoke.LambdaForm$MH+0x00007f4c302e2000.invoke(Ljava/lang/Object;Ljava/lang/Object;Ljava/lang/Object;Ljava/lang/Object;)V+53 java.base@21.0.12
J 5009 c1 java.lang.invoke.LambdaForm$MH+0x00007f4c302e2400.reinvoke(Ljava/lang/Object;Ljava/lang/Object;Ljava/lang/Object;Ljava/lang/Object;)V java.base@21.0.12 (27 bytes) @ 0x00007f4c8ca18d44 [0x00007f4c8ca18880+0x00000000000004c4]
J 4368 c1 java.lang.invoke.LambdaForm$MH+0x00007f4c302e2800.guard(Ljava/lang/Object;Ljava/lang/Object;Ljava/lang/Object;Ljava/lang/Object;)V java.base@21.0.12 (103 bytes) @ 0x00007f4c8c9098c4 [0x00007f4c8c908f40+0x0000000000000984]
J 4367 c1 java.lang.invoke.LambdaForm$MH+0x00007f4c302e2c00.linkToCallSite(Ljava/lang/Object;Ljava/lang/Object;Ljava/lang/Object;Ljava/lang/Object;)V java.base@21.0.12 (21 bytes) @ 0x00007f4c8ca546a4 [0x00007f4c8ca541e0+0x00000000000004c4]
j  android.database.sqlite.SQLiteConnection.prepare(Ljava/lang/String;Landroid/database/sqlite/SQLiteStatementInfo;)V+3
j  android.database.sqlite.SQLiteSession.$$robo$$android_database_sqlite_SQLiteSession$prepare(Ljava/lang/String;ILandroid/os/CancellationSignal;Landroid/database/sqlite/SQLiteStatementInfo;)V+36
j  java.lang.invoke.LambdaForm$DMH+0x00007f4c3044ac00.invokeSpecial(Ljava/lang/Object;Ljava/lang/Object;Ljava/lang/Object;ILjava/lang/Object;Ljava/lang/Object;)V+18 java.base@21.0.12
j  java.lang.invoke.LambdaForm$MH+0x00007f4c304af800.guardWithCatch(Ljava/lang/Object;Ljava/lang/Object;Ljava/lang/Object;ILjava/lang/Object;Ljava/lang/Object;)V+47 java.base@21.0.12
j  java.lang.invoke.LambdaForm$MH+0x00007f4c30509c00.delegate(Ljava/lang/Object;Ljava/lang/Object;Ljava/lang/Object;ILjava/lang/Object;Ljava/lang/Object;)V+21 java.base@21.0.12
j  java.lang.invoke.LambdaForm$MH+0x00007f4c304b1c00.guard(Ljava/lang/Object;Ljava/lang/Object;Ljava/lang/Object;ILjava/lang/Object;Ljava/lang/Object;)V+86 java.base@21.0.12
j  java.lang.invoke.LambdaForm$MH+0x00007f4c304b2000.linkToCallSite(Ljava/lang/Object;Ljava/lang/Object;ILjava/lang/Object;Ljava/lang/Object;Ljava/lang/Object;)V+21 java.base@21.0.12
j  android.database.sqlite.SQLiteSession.prepare(Ljava/lang/String;ILandroid/os/CancellationSignal;Landroid/database/sqlite/SQLiteStatementInfo;)V+6
j  android.database.sqlite.SQLiteProgram.$$robo$$android_database_sqlite_SQLiteProgram$__constructor__(Landroid/database/sqlite/SQLiteDatabase;Ljava/lang/String;[Ljava/lang/Object;Landroid/os/CancellationSignal;)V+112
j  java.lang.invoke.LambdaForm$DMH+0x00007f4c302e1c00.invokeSpecial(Ljava/lang/Object;Ljava/lang/Object;Ljava/lang/Object;Ljava/lang/Object;Ljava/lang/Object;Ljava/lang/Object;)V+18 java.base@21.0.12
j  java.lang.invoke.LambdaForm$MH+0x00007f4c302f5000.guardWithCatch(Ljava/lang/Object;Ljava/lang/Object;Ljava/lang/Object;Ljava/lang/Object;Ljava/lang/Object;Ljava/lang/Object;)V+47 java.base@21.0.12
j  java.lang.invoke.LambdaForm$MH+0x00007f4c302fa000.delegate(Ljava/lang/Object;Ljava/lang/Object;Ljava/lang/Object;Ljava/lang/Object;Ljava/lang/Object;Ljava/lang/Object;)V+21 java.base@21.0.12
j  java.lang.invoke.LambdaForm$MH+0x00007f4c302f7400.guard(Ljava/lang/Object;Ljava/lang/Object;Ljava/lang/Object;Ljava/lang/Object;Ljava/lang/Object;Ljava/lang/Object;)V+86 java.base@21.0.12
j  java.lang.invoke.LambdaForm$MH+0x00007f4c302f7800.linkToCallSite(Ljava/lang/Object;Ljava/lang/Object;Ljava/lang/Object;Ljava/lang/Object;Ljava/lang/Object;Ljava/lang/Object;)V+21 java.base@21.0.12
j  android.database.sqlite.SQLiteProgram.<init>(Landroid/database/sqlite/SQLiteDatabase;Ljava/lang/String;[Ljava/lang/Object;Landroid/os/CancellationSignal;)V+14
j  android.database.sqlite.SQLiteQuery.<init>(Landroid/database/sqlite/SQLiteDatabase;Ljava/lang/String;Landroid/os/CancellationSignal;)V+5
j  android.database.sqlite.SQLiteDirectCursorDriver.$$robo$$android_database_sqlite_SQLiteDirectCursorDriver$query(Landroid/database/sqlite/SQLiteDatabase$CursorFactory;[Ljava/lang/String;)Landroid/database/Cursor;+16
J 4892 c1 java.lang.invoke.DirectMethodHandle$Holder.invokeSpecial(Ljava/lang/Object;Ljava/lang/Object;Ljava/lang/Object;Ljava/lang/Object;)Ljava/lang/Object; java.base@21.0.12 (18 bytes) @ 0x00007f4c8c833454 [0x00007f4c8c8331e0+0x0000000000000274]
J 4888 c1 java.lang.invoke.LambdaForm$MH+0x00007f4c30282c00.guardWithCatch(Ljava/lang/Object;Ljava/lang/Object;Ljava/lang/Object;Ljava/lang/Object;)Ljava/lang/Object; java.base@21.0.12 (79 bytes) @ 0x00007f4c8cd2540c [0x00007f4c8cd25120+0x00000000000002ec]
J 5974 c1 java.lang.invoke.DelegatingMethodHandle$Holder.delegate(Ljava/lang/Object;Ljava/lang/Object;Ljava/lang/Object;Ljava/lang/Object;)Ljava/lang/Object; java.base@21.0.12 (21 bytes) @ 0x00007f4c8d05f1c4 [0x00007f4c8d05eee0+0x00000000000002e4]
J 4317 c1 java.lang.invoke.LambdaForm$MH+0x00007f4c30284400.guard(Ljava/lang/Object;Ljava/lang/Object;Ljava/lang/Object;Ljava/lang/Object;)Ljava/lang/Object; java.base@21.0.12 (103 bytes) @ 0x00007f4c8c81f6ac [0x00007f4c8c81ef40+0x000000000000076c]
J 4316 c1 java.lang.invoke.Invokers$Holder.linkToCallSite(Ljava/lang/Object;Ljava/lang/Object;Ljava/lang/Object;Ljava/lang/Object;)Ljava/lang/Object; java.base@21.0.12 (21 bytes) @ 0x00007f4c8c9b82a4 [0x00007f4c8c9b7de0+0x00000000000004c4]
j  android.database.sqlite.SQLiteDirectCursorDriver.query(Landroid/database/sqlite/SQLiteDatabase$CursorFactory;[Ljava/lang/String;)Landroid/database/Cursor;+3
j  android.database.sqlite.SQLiteDatabase.$$robo$$android_database_sqlite_SQLiteDatabase$rawQueryWithFactory(Landroid/database/sqlite/SQLiteDatabase$CursorFactory;Ljava/lang/String;[Ljava/lang/String;Ljava/lang/String;Landroid/os/CancellationSignal;)Landroid/database/Cursor;+34
j  java.lang.invoke.DirectMethodHandle$Holder.invokeSpecial(Ljava/lang/Object;Ljava/lang/Object;Ljava/lang/Object;Ljava/lang/Object;Ljava/lang/Object;Ljava/lang/Object;Ljava/lang/Object;)Ljava/lang/Object;+20 java.base@21.0.12
j  java.lang.invoke.LambdaForm$MH+0x00007f4c307d0400.guardWithCatch(Ljava/lang/Object;Ljava/lang/Object;Ljava/lang/Object;Ljava/lang/Object;Ljava/lang/Object;Ljava/lang/Object;Ljava/lang/Object;)Ljava/lang/Object;+49 java.base@21.0.12
j  java.lang.invoke.DelegatingMethodHandle$Holder.delegate(Ljava/lang/Object;Ljava/lang/Object;Ljava/lang/Object;Ljava/lang/Object;Ljava/lang/Object;Ljava/lang/Object;Ljava/lang/Object;)Ljava/lang/Object;+23 java.base@21.0.12
j  java.lang.invoke.LambdaForm$MH+0x00007f4c307d1000.guard(Ljava/lang/Object;Ljava/lang/Object;Ljava/lang/Object;Ljava/lang/Object;Ljava/lang/Object;Ljava/lang/Object;Ljava/lang/Object;)Ljava/lang/Object;+90 java.base@21.0.12
j  java.lang.invoke.Invokers$Holder.linkToCallSite(Ljava/lang/Object;Ljava/lang/Object;Ljava/lang/Object;Ljava/lang/Object;Ljava/lang/Object;Ljava/lang/Object;Ljava/lang/Object;)Ljava/lang/Object;+23 java.base@21.0.12
j  android.database.sqlite.SQLiteDatabase.rawQueryWithFactory(Landroid/database/sqlite/SQLiteDatabase$CursorFactory;Ljava/lang/String;[Ljava/lang/String;Ljava/lang/String;Landroid/os/CancellationSignal;)Landroid/database/Cursor;+8
j  android.database.sqlite.SQLiteDatabase.$$robo$$android_database_sqlite_SQLiteDatabase$rawQueryWithFactory(Landroid/database/sqlite/SQLiteDatabase$CursorFactory;Ljava/lang/String;[Ljava/lang/String;Ljava/lang/String;)Landroid/database/Cursor;+7
j  java.lang.invoke.DirectMethodHandle$Holder.invokeSpecial(Ljava/lang/Object;Ljava/lang/Object;Ljava/lang/Object;Ljava/lang/Object;Ljava/lang/Object;Ljava/lang/Object;)Ljava/lang/Object;+18 java.base@21.0.12
j  java.lang.invoke.LambdaForm$MH+0x00007f4c3052cc00.guardWithCatch(Ljava/lang/Object;Ljava/lang/Object;Ljava/lang/Object;Ljava/lang/Object;Ljava/lang/Object;Ljava/lang/Object;)Ljava/lang/Object;+47 java.base@21.0.12
j  java.lang.invoke.DelegatingMethodHandle$Holder.delegate(Ljava/lang/Object;Ljava/lang/Object;Ljava/lang/Object;Ljava/lang/Object;Ljava/lang/Object;Ljava/lang/Object;)Ljava/lang/Object;+21 java.base@21.0.12
j  java.lang.invoke.LambdaForm$MH+0x00007f4c3052d800.guard(Ljava/lang/Object;Ljava/lang/Object;Ljava/lang/Object;Ljava/lang/Object;Ljava/lang/Object;Ljava/lang/Object;)Ljava/lang/Object;+86 java.base@21.0.12
j  java.lang.invoke.Invokers$Holder.linkToCallSite(Ljava/lang/Object;Ljava/lang/Object;Ljava/lang/Object;Ljava/lang/Object;Ljava/lang/Object;Ljava/lang/Object;)Ljava/lang/Object;+21 java.base@21.0.12
j  android.database.sqlite.SQLiteDatabase.rawQueryWithFactory(Landroid/database/sqlite/SQLiteDatabase$CursorFactory;Ljava/lang/String;[Ljava/lang/String;Ljava/lang/String;)Landroid/database/Cursor;+6
j  androidx.sqlite.db.framework.FrameworkSQLiteDatabase.query(Landroidx/sqlite/db/SupportSQLiteQuery;)Landroid/database/Cursor;+33
j  androidx.room.RoomDatabase.query(Landroidx/sqlite/db/SupportSQLiteQuery;Landroid/os/CancellationSignal;)Landroid/database/Cursor;+48
j  androidx.room.util.DBUtil__DBUtil_androidKt.query(Landroidx/room/RoomDatabase;Landroidx/sqlite/db/SupportSQLiteQuery;ZLandroid/os/CancellationSignal;)Landroid/database/Cursor;+15
j  androidx.room.util.DBUtil.query(Landroidx/room/RoomDatabase;Landroidx/sqlite/db/SupportSQLiteQuery;ZLandroid/os/CancellationSignal;)Landroid/database/Cursor;+4
j  androidx.work.impl.model.WorkSpecDao_Impl.getWorkSpecIdAndStatesForName(Ljava/lang/String;)Ljava/util/List;+49
j  androidx.work.impl.WorkerUpdater.enqueueUniquelyNamedPeriodic$lambda$4(Landroidx/work/impl/WorkManagerImpl;Ljava/lang/String;Landroidx/work/impl/OperationImpl;Lkotlin/jvm/functions/Function0;Landroidx/work/WorkRequest;)V+48
j  androidx.work.impl.WorkerUpdater$$Lambda+0x00007f4c3071fd78.run()V+20
j  androidx.work.impl.utils.SerialExecutorImpl$Task.run()V+4
j  java.util.concurrent.ThreadPoolExecutor.runWorker(Ljava/util/concurrent/ThreadPoolExecutor$Worker;)V+92 java.base@21.0.12
j  java.util.concurrent.ThreadPoolExecutor$Worker.run()V+5 java.base@21.0.12
j  java.lang.Thread.runWith(Ljava/lang/Object;Ljava/lang/Runnable;)V+5 java.base@21.0.12
j  java.lang.Thread.run()V+19 java.base@21.0.12
v  ~StubRoutines::call_stub 0x00007f4c93d37cc6

siginfo: si_signo: 11 (SIGSEGV), si_code: 1 (SEGV_MAPERR), si_addr: 0x00000000000002c0

Registers:
RAX=0x00007f4c2953f2e0, RBX=0x00007f4bc845dba0, RCX=0x0000000000000200, RDX=0x00000000000001a4
RSP=0x00007f4c28efc378, RBP=0x00007f4c28efc3f0, RSI=0x00007f4c28efc400, RDI=0x0000000000000200
R8 =0x00007f4bc845dba0, R9 =0x0000000000000004, R10=0x00007f4c93d43991, R11=0x00000000e5d1d290
R12=0x0000000000000000, R13=0x00007f4bc845dba0, R14=0x00007f4c28efc428, R15=0x00007f4bf401caf0
RIP=0x00007f4c29558735, EFLAGS=0x0000000000011206, CSGSFS=0x002b000000000033, ERR=0x0000000000000000
  TRAPNO=0x0000000000000000

XMM[0]=0x00007f4bf401caf0 0x00007f4bc845dba0
XMM[1]=0x0000000000000000 0x00007f4bf401caf0
XMM[2]=0x00007f4c93d4fc1d 0x00007f4c28efc410
XMM[3]=0x0000000000000000 0x00007f4c93d3ea90
XMM[4]=0x00007f4c28efc478 0x00007f0000000000
XMM[5]=0x0000000000000000 0x00007f4bf401caf0
XMM[6]=0x0000000000000000 0x00007f4bf401caf0
XMM[7]=0x0000000000000000 0x00007f4bf401caf0
XMM[8]=0x0000000000000000 0x00020000001d001c
XMM[9]=0x0000000000000000 0x09c49155bd4288a1
XMM[10]=0x0000000000000000 0x00000000b37df74c
XMM[11]=0x0000000000000000 0xabec4e87692ed728
XMM[12]=0x0000000000000000 0x00000000bd4288a1
XMM[13]=0x0000000000000000 0xfcd265c3fdcb5a62
XMM[14]=0x0000000000000000 0x0000000000f8f49f
XMM[15]=0x0000000000000000 0x0000000000000000
  MXCSR=0x00001fa2


Register to memory mapping:

RAX=0x00007f4c2953f2e0: <offset 0x000000000043f2e0> in /tmp/robolectric-nativeruntime7249822636499081606/librobolectric-nativeruntime.so at 0x00007f4c29100000
RBX={method} {0x00007f4bc845dba0} 'nativeGetColumnCount' '(JJ)I' in 'org/robolectric/nativeruntime/SQLiteConnectionNatives'
RCX=0x0000000000000200 is an unknown value
RDX=0x00000000000001a4 is an unknown value
RSP=0x00007f4c28efc378 is pointing into the stack for thread: 0x00007f4bf401caf0
RBP=0x00007f4c28efc3f0 is pointing into the stack for thread: 0x00007f4bf401caf0
RSI=0x00007f4c28efc400 is pointing into the stack for thread: 0x00007f4bf401caf0
RDI=0x0000000000000200 is an unknown value
R8 ={method} {0x00007f4bc845dba0} 'nativeGetColumnCount' '(JJ)I' in 'org/robolectric/nativeruntime/SQLiteConnectionNatives'
R9 =0x0000000000000004 is an unknown value
R10=0x00007f4c93d43991 is at code_begin+1009 in an Interpreter codelet
native method entry point (kind = native)  [0x00007f4c93d435a0, 0x00007f4c93d44010]  2672 bytes
R11=0x00000000e5d1d290 is an oop: java.lang.Class 
{0x00000000e5d1d290} - klass: 'java/lang/Class'
 - ---- fields (total size 14 words):
 - private volatile transient 'classRedefinedCount' 'I' @12  0 (0x00000000)
 - injected 'klass' 'J' @16  139965209042072 (0x00007f4c3090dc98)
 - injected 'array_klass' 'J' @24  0 (0x0000000000000000)
 - injected 'oop_size' 'I' @32  14 (0x0000000e)
 - injected 'static_oop_field_count' 'I' @36  0 (0x00000000)
 - private volatile transient 'cachedConstructor' 'Ljava/lang/reflect/Constructor;' @40  null (0x00000000)
 - private transient 'name' 'Ljava/lang/String;' @44  "org.robolectric.nativeruntime.SQLiteConnectionNatives"{0x00000000e5d25de8} (0xe5d25de8)
 - private transient 'module' 'Ljava/lang/Module;' @48  a 'java/lang/Module'{0x00000000e1e127e8} (0xe1e127e8)
 - private final 'classLoader' 'Ljava/lang/ClassLoader;' @52  a 'org/robolectric/internal/AndroidSandbox$SdkSandboxClassLoader'{0x00000000e1e12820} (0xe1e12820)
 - private transient 'classData' 'Ljava/lang/Object;' @56  null (0x00000000)
 - private transient 'packageName' 'Ljava/lang/String;' @60  "org.robolectric.nativeruntime"{0x00000000e482b800} (0xe482b800)
 - private final 'componentType' 'Ljava/lang/Class;' @64  null (0x00000000)
 - private volatile transient 'reflectionData' 'Ljava/lang/ref/SoftReference;' @68  null (0x00000000)
 - private volatile transient 'genericInfo' 'Lsun/reflect/generics/repository/ClassRepository;' @72  null (0x00000000)
 - private volatile transient 'enumConstants' '[Ljava/lang/Object;' @76  null (0x00000000)
 - private volatile transient 'enumConstantDirectory' 'Ljava/util/Map;' @80  null (0x00000000)
 - private volatile transient 'annotationData' 'Ljava/lang/Class$AnnotationData;' @84  null (0x00000000)
 - private volatile transient 'annotationType' 'Lsun/reflect/annotation/AnnotationType;' @88  null (0x00000000)
 - transient 'classValueMap' 'Ljava/lang/ClassValue$ClassValueMap;' @92  null (0x00000000)
 - injected 'protection_domain' 'Ljava/lang/Object;' @96  a 'java/security/ProtectionDomain'{0x00000000e1e13808} (0xe1e13808)
 - injected 'signers_name' 'Ljava/lang/Object;' @100  null (0x00000000)
 - injected 'source_file' 'Ljava/lang/Object;' @104  null (0x00000000)
 - injected '<init_lock>' 'Ljava/lang/Object;' @108  null (0x00000000)
 - signature: Lorg/robolectric/nativeruntime/SQLiteConnectionNatives;
 - ---- static fields (0):
R12=0x0 is null
R13={method} {0x00007f4bc845dba0} 'nativeGetColumnCount' '(JJ)I' in 'org/robolectric/nativeruntime/SQLiteConnectionNatives'
R14=0x00007f4c28efc428 is pointing into the stack for thread: 0x00007f4bf401caf0
R15=0x00007f4bf401caf0 is a thread

Top of Stack: (sp=0x00007f4c28efc378)
0x00007f4c28efc378:   00007f4c93d439c0 0000000000000000   .9..L...........
0x00007f4c28efc388:   00007f4bc845dba0 00007f4c28efc3f0   ..E.K......(L...
0x00007f4c28efc398:   00007f4c93d436a5 00007f4c93d4365f   .6..L..._6..L...
0x00007f4c28efc3a8:   00007f4c28efc3a8 00007f4bc845dba0   ...(L.....E.K...
0x00007f4c28efc3b8:   0000000000000007 00007f4bc845e6c8   ..........E.K...
0x00007f4c28efc3c8:   0000000000000000 00000000e5d1d290   ................
0x00007f4c28efc3d8:   00007f4bc845dba0 0000000000000000   ..E.K...........
0x00007f4c28efc3e8:   00007f4c28efc410 00007f4c28efc478   ...(L...x..(L...
0x00007f4c28efc3f8:   00007f4c93d3f2a8 00000000e5d1d290   ....L...........
0x00007f4c28efc408:   00007f4c93d40fd5 0000000000000200   ....L...........
0x00007f4c28efc418:   0000000000000000 00000000000001a4   ................
0x00007f4c28efc428:   0000000000000000 00007f4c28efc430   ........0..(L...
0x00007f4c28efc438:   00007f4c2e67e96a 0000000000000005   j.g.L...........
0x00007f4c28efc448:   00007f4c2e676000 0000000000000000   .`g.L...........
0x00007f4c28efc458:   00000000e482ddf8 00007f4c2e67e998   ..........g.L...
0x00007f4c28efc468:   00007f4c28efc410 00007f4c28efc488   ...(L......(L...
0x00007f4c28efc478:   00007f4c28efc4f0 00007f4c93d3f2f2   ...(L.......L...
0x00007f4c28efc488:   0000000000000200 0000000000000000   ................
0x00007f4c28efc498:   00000000000001a4 0000000000000000   ................
0x00007f4c28efc4a8:   00007f4c28efc4a8 00007f4bc8596d68   ...(L...hmY.K...
0x00007f4c28efc4b8:   0000000000000002 00007f4bc8596df0   .........mY.K...
0x00007f4c28efc4c8:   0000000000000000 00000000ebffc578   ........x.......
0x00007f4c28efc4d8:   00007f4bc8596d70 00007f4c28efc488   pmY.K......(L...
0x00007f4c28efc4e8:   00007f4c28efc510 00000000e1e38968   ...(L...h.......
0x00007f4c28efc4f8:   00007f4c94637ea4 00000000e81dd1b0   .~c.L...........
0x00007f4c28efc508:   00007f4c94637ea4 00000000e81dd1b0   .~c.L...........
0x00007f4c28efc518:   00000000e81dd1d0 00007f4c28efc5b0   ...........(L...
0x00007f4c28efc528:   00007f4c93d3f9d8 00000000ebfffd88   ....L...........
0x00007f4c28efc538:   0000000000000200 00007f4c28efc5b0   ...........(L...
0x00007f4c28efc548:   00007f4c93d3f2f2 00000000e81dd1b0   ....L...........
0x00007f4c28efc558:   00000000e5b40800 00000000e1e38948   ........H.......
0x00007f4c28efc568:   00007f4c28efc568 00007f4c2e67ce54   h..(L...T.g.L...

Instructions: (pc=0x00007f4c29558735)
0x00007f4c29558635:   7b 08 48 89 cd ff d0 48 89 e9 eb 63 49 89 cd 49
0x00007f4c29558645:   8b 3c 24 48 85 ff 74 0c be 20 00 00 00 e8 d9 01
0x00007f4c29558655:   01 00 eb 0a bf 20 00 00 00 e8 4d 46 ff ff 48 89
0x00007f4c29558665:   c3 48 85 c0 4c 89 e9 74 4d 0f 57 c0 0f 11 43 10
0x00007f4c29558675:   0f 11 03 41 8b 47 20 89 03 89 6b 04 49 8b 84 24
0x00007f4c29558685:   20 01 00 00 48 89 43 18 49 89 9c 24 20 01 00 00
0x00007f4c29558695:   41 83 7f 24 00 75 08 41 c7 47 24 ff ff ff ff 4c
0x00007f4c295586a5:   89 73 08 48 89 4b 10 48 83 c4 08 5b 41 5c 41 5d
0x00007f4c295586b5:   41 5e 41 5f 5d c3 48 85 c9 74 ec 4c 89 f7 48 83
0x00007f4c295586c5:   c4 08 5b 41 5c 41 5d 41 5e 41 5f 5d ff e1 66 2e
0x00007f4c295586d5:   0f 1f 84 00 00 00 00 00 0f 1f 00 41 56 53 50 49
0x00007f4c295586e5:   89 f6 48 85 ff 74 0a 4c 89 f6 e8 3c 01 01 00 eb
0x00007f4c295586f5:   08 4c 89 f7 e8 b2 45 ff ff 48 89 c3 48 85 c0 74
0x00007f4c29558705:   0d 48 89 df 31 f6 4c 89 f2 e8 fd 4e 83 00 48 89
0x00007f4c29558715:   d8 48 83 c4 08 5b 41 5e c3 66 90 48 8b 47 10 8b
0x00007f4c29558725:   40 0c c3 0f 1f 84 00 00 00 00 00 48 85 ff 74 08
0x00007f4c29558735:   0f b7 87 c0 00 00 00 c3 31 c0 c3 31 c0 48 85 ff
0x00007f4c29558745:   74 11 48 83 bf a0 00 00 00 00 74 07 0f b7 87 c0
0x00007f4c29558755:   00 00 00 c3 0f 1f 80 00 00 00 00 48 85 ff 74 79
0x00007f4c29558765:   55 41 56 53 89 f5 48 89 fb 48 8b 07 48 8b 78 18
0x00007f4c29558775:   48 85 ff 74 06 ff 15 70 23 89 00 48 8b bb a0 00
0x00007f4c29558785:   00 00 48 85 ff 74 17 0f b7 83 c0 00 00 00 39 e8
0x00007f4c29558795:   76 0c 48 63 c5 48 6b c0 38 48 01 c7 eb 1b 48 8b
0x00007f4c295587a5:   3b c7 47 50 19 00 00 00 be 19 00 00 00 e8 39 3b
0x00007f4c295587b5:   01 00 48 8d 3d 2a 56 d9 ff e8 fd 5b 83 00 49 89
0x00007f4c295587c5:   c6 48 8b 3b 8b 43 38 3d 0a 0c 00 00 74 17 80 7f
0x00007f4c295587d5:   61 00 75 11 23 47 54 eb 19 48 8d 3d 03 56 d9 ff
0x00007f4c295587e5:   e9 d6 5b 83 00 e8 01 3e 02 00 48 8b 3b b8 07 00
0x00007f4c295587f5:   00 00 89 43 38 48 8b 7f 18 48 85 ff 74 06 ff 15
0x00007f4c29558805:   f7 22 89 00 4c 89 f0 5b 41 5e 5d c3 66 2e 0f 1f
0x00007f4c29558815:   84 00 00 00 00 00 0f 1f 44 00 00 55 41 56 53 48
0x00007f4c29558825:   89 fb 4c 8d 35 ba 55 d9 ff 48 85 ff 74 4e 89 f5


Stack slot to memory mapping:

stack at sp + 0 slots: 0x00007f4c93d439c0 is at code_begin+1056 in an Interpreter codelet
native method entry point (kind = native)  [0x00007f4c93d435a0, 0x00007f4c93d44010]  2672 bytes
stack at sp + 1 slots: 0x0 is null
stack at sp + 2 slots: {method} {0x00007f4bc845dba0} 'nativeGetColumnCount' '(JJ)I' in 'org/robolectric/nativeruntime/SQLiteConnectionNatives'
stack at sp + 3 slots: 0x00007f4c28efc3f0 is pointing into the stack for thread: 0x00007f4bf401caf0
stack at sp + 4 slots: 0x00007f4c93d436a5 is at code_begin+261 in an Interpreter codelet
native method entry point (kind = native)  [0x00007f4c93d435a0, 0x00007f4c93d44010]  2672 bytes
stack at sp + 5 slots: 0x00007f4c93d4365f is at code_begin+191 in an Interpreter codelet
native method entry point (kind = native)  [0x00007f4c93d435a0, 0x00007f4c93d44010]  2672 bytes
stack at sp + 6 slots: 0x00007f4c28efc3a8 is pointing into the stack for thread: 0x00007f4bf401caf0
stack at sp + 7 slots: {method} {0x00007f4bc845dba0} 'nativeGetColumnCount' '(JJ)I' in 'org/robolectric/nativeruntime/SQLiteConnectionNatives'


Compiled method (c2) 12584 5707   !   4       org.robolectric.util.PerfStatsCollector::measure (44 bytes)
 total in heap  [0x00007f4c94637c10,0x00007f4c94638248] = 1592
 relocation     [0x00007f4c94637d68,0x00007f4c94637db8] = 80
 main code      [0x00007f4c94637dc0,0x00007f4c94637fd8] = 536
 stub code      [0x00007f4c94637fd8,0x00007f4c94638000] = 40
 oops           [0x00007f4c94638000,0x00007f4c94638008] = 8
 metadata       [0x00007f4c94638008,0x00007f4c94638048] = 64
 scopes data    [0x00007f4c94638048,0x00007f4c94638148] = 256
 scopes pcs     [0x00007f4c94638148,0x00007f4c946381d8] = 144
 dependencies   [0x00007f4c946381d8,0x00007f4c946381e8] = 16
 handler table  [0x00007f4c946381e8,0x00007f4c94638230] = 72
 nul chk table  [0x00007f4c94638230,0x00007f4c94638248] = 24

[Constant Pool (empty)]

[MachCode]
[Entry Point]
  # {method} {0x00007f4c2b65c318} 'measure' '(Ljava/lang/String;Lorg/robolectric/util/PerfStatsCollector$ThrowingSupplier;)Ljava/lang/Object;' in 'org/robolectric/util/PerfStatsCollector'
  # this:     rsi:rsi   = 'org/robolectric/util/PerfStatsCollector'
  # parm0:    rdx:rdx   = 'java/lang/String'
  # parm1:    rcx:rcx   = 'org/robolectric/util/PerfStatsCollector$ThrowingSupplier'
  #           [sp+0x40]  (sp of caller)
  0x00007f4c94637dc0: 448b 5608 | 49bb 0000 | 002f 4c7f | 0000 4d03 | d349 3bc2 

  0x00007f4c94637dd4: ;   {runtime_call ic_miss_stub}
  0x00007f4c94637dd4: 0f85 a6d2 | 74ff 6690 | 0f1f 4000 
[Verified Entry Point]
  0x00007f4c94637de0: 8984 2400 | c0fe ff55 | 4883 ec30 | 4181 7f20 | 0900 0000 | 0f85 d001 | 0000 4889 | 5424 0848 
  0x00007f4c94637e00: 8bee 4889 | 0c24 4d8b | 87b8 0100 | 004d 8bd0 | 4983 c220 | 4d3b 97c8 | 0100 000f | 83b0 0000 
  0x00007f4c94637e20: 004d 8997 | b801 0000 | 410f 1882 | 0001 0000 | 49c7 0001 

  0x00007f4c94637e34: ;   {metadata('org/robolectric/util/PerfStatsCollector$Event')}
  0x00007f4c94637e34: 0000 0041 | c740 0848 | 0810 014d | 8960 1045 | 8960 1c4c | 8bd5 418b | 6a10 4c8b | 5c24 0845 
  0x00007f4c94637e54: 8958 0c45 | 8950 184c | 8944 2408 

  0x00007f4c94637e60: ; implicit exception: dispatches to 0x00007f4c94637f24
  0x00007f4c94637e60: 448b 5508 

  0x00007f4c94637e64: ;   {metadata('org/robolectric/util/PerfStatsCollector$$Lambda+0x00007f4c30100200')}
  0x00007f4c94637e64: 4181 fa00 | 0210 010f | 857f 0000 | 0049 ba10 | fbf8 a94c | 7f00 0041 

  0x00007f4c94637e7c: ;   {other}
  0x00007f4c94637e7c: ffd2 0f1f | 8400 0000 | 0000 4c8b | 5424 0849 | 8942 1048 | 8b34 2466 | 9048 b8b0 | 87dc 014c 
  0x00007f4c94637e9c: ;   {virtual_call}
  0x00007f4c94637e9c: 7f00 00e8 

  0x00007f4c94637ea0: ; ImmutableOopMap {[8]=Oop }
                      ;*invokeinterface get {reexecute=0 rethrow=0 return_oop=1}
                      ; - org.robolectric.util.PerfStatsCollector::measure@10 (line 52)
  0x00007f4c94637ea0: 5ce0 81ff 

  0x00007f4c94637ea4: ;   {other}
  0x00007f4c94637ea4: 0f1f 8400 | 9402 0000 | 4c8b 5424 | 0845 8b52 | 1841 0fb6 | 6a0c 85ed | 7546 4883 

  0x00007f4c94637ec0: ;   {poll_return}
  0x00007f4c94637ec0: c430 5d49 | 3ba7 5004 | 0000 0f87 | e400 0000 

  0x00007f4c94637ed0: ;   {metadata('org/robolectric/util/PerfStatsCollector$Event')}
  0x00007f4c94637ed0: c348 be48 | 0810 304c 

  0x00007f4c94637ed8: ;   {runtime_call _new_instance_Java}
  0x00007f4c94637ed8: 7f00 00e8 

  0x00007f4c94637edc: ; ImmutableOopMap {rbp=Oop [0]=Oop [8]=Oop }
                      ;*new {reexecute=0 rethrow=0 return_oop=1}
                      ; - org.robolectric.util.PerfStatsCollector::startEvent@0 (line 44)
                      ; - org.robolectric.util.PerfStatsCollector::measure@4 (line 50)
  0x00007f4c94637edc: a04c 81ff 

  0x00007f4c94637ee0: ;   {other}
  0x00007f4c94637ee0: 0f1f 8400 | d002 0001 | 4c8b c0e9 | 57ff ffff | bede ffff 

  0x00007f4c94637ef4: ;   {runtime_call UncommonTrapBlob}
  0x00007f4c94637ef4: ff66 90e8 

  0x00007f4c94637ef8: ; ImmutableOopMap {rbp=NarrowOop [0]=Oop [8]=Oop }
                      ;*invokeinterface nanoTime {reexecute=0 rethrow=0 return_oop=0}
                      ; - org.robolectric.util.PerfStatsCollector$Event::<init>@19 (line 126)
                      ; - org.robolectric.util.PerfStatsCollector::startEvent@6 (line 44)
                      ; - org.robolectric.util.PerfStatsCollector::measure@4 (line 50)
  0x00007f4c94637ef8: 0430 75ff 

  0x00007f4c94637efc: ;   {other}
  0x00007f4c94637efc: 0f1f 8400 | ec02 0002 | be45 ffff | ff48 ff74 | 2408 488f | 0424 4889 

  0x00007f4c94637f14: ;   {runtime_call UncommonTrapBlob}
  0x00007f4c94637f14: 4424 08e8 

  0x00007f4c94637f18: ; ImmutableOopMap {[0]=Oop [8]=Oop }
                      ;*ifne {reexecute=1 rethrow=0 return_oop=0}
                      ; - (reexecute) org.robolectric.util.PerfStatsCollector$Event::finished@7 (line 134)
                      ; - org.robolectric.util.PerfStatsCollector::measure@20 (line 57)
  0x00007f4c94637f18: e42f 75ff 

  0x00007f4c94637f1c: ;   {other}
  0x00007f4c94637f1c: 0f1f 8400 | 0c03 0003 | bef6 ffff | ff48 8b2c 

  0x00007f4c94637f2c: ;   {runtime_call UncommonTrapBlob}
  0x00007f4c94637f2c: 2466 90e8 

  0x00007f4c94637f30: ; ImmutableOopMap {rbp=Oop }
                      ;*invokeinterface nanoTime {reexecute=0 rethrow=0 return_oop=0}
                      ; - org.robolectric.util.PerfStatsCollector$Event::<init>@19 (line 126)
                      ; - org.robolectric.util.PerfStatsCollector::startEvent@6 (line 44)
                      ; - org.robolectric.util.PerfStatsCollector::measure@4 (line 50)
  0x00007f4c94637f30: cc2f 75ff 

  0x00007f4c94637f34: ;   {other}
  0x00007f4c94637f34: 0f1f 8400 | 2403 0004 | bef6 ffff | ff48 8b6c | 2408 4889 

  0x00007f4c94637f48: ;   {runtime_call UncommonTrapBlob}
  0x00007f4c94637f48: 0424 90e8 

  0x00007f4c94637f4c: ; ImmutableOopMap {rbp=Oop [0]=Oop }
                      ;*getfield enabled {reexecute=1 rethrow=0 return_oop=0}
                      ; - (reexecute) org.robolectric.util.PerfStatsCollector::access$300@1 (line 17)
                      ; - org.robolectric.util.PerfStatsCollector$Event::finished@4 (line 134)
                      ; - org.robolectric.util.PerfStatsCollector::measure@20 (line 57)
  0x00007f4c94637f4c: b02f 75ff 

  0x00007f4c94637f50: ;   {other}
  0x00007f4c94637f50: 0f1f 8400 | 4003 0005 | 488b f0eb | 4648 8bf0 | eb41 488b | e844 8b50 

  0x00007f4c94637f68: ;   {metadata('java/lang/Exception')}
  0x00007f4c94637f68: 0849 bb20 | c000 2f4c | 7f00 0049 | b800 0000 | 2f4c 7f00 | 004d 03c2 | 4d8b 5040 | 4d3b d375 
  0x00007f4c94637f88: 2433 d248 | 8b74 2408 

  0x00007f4c94637f90: ;   {optimized virtual_call}
  0x00007f4c94637f90: 6666 90e8 

  0x00007f4c94637f94: ; ImmutableOopMap {rbp=Oop }
                      ;*invokevirtual finished {reexecute=0 rethrow=0 return_oop=0}
                      ; - org.robolectric.util.PerfStatsCollector::measure@38 (line 57)
  0x00007f4c94637f94: 6823 84f8 

  0x00007f4c94637f98: ;   {other}
  0x00007f4c94637f98: 0f1f 8400 | 8803 0006 | 488b f548 | 83c4 305d 

  0x00007f4c94637fa8: ;   {runtime_call _rethrow_Java}
  0x00007f4c94637fa8: e9d3 ab81 | ffba 0100 | 0000 ebd7 

  0x00007f4c94637fb4: ;   {internal_word}
  0x00007f4c94637fb4: 49ba c37e | 6394 4c7f | 0000 4d89 | 9768 0400 

  0x00007f4c94637fc4: ;   {runtime_call SafepointBlob}
  0x00007f4c94637fc4: 00e9 3640 

  0x00007f4c94637fc8: ;   {runtime_call StubRoutines (final stubs)}
  0x00007f4c94637fc8: 75ff e8b1 | 3473 ffe9 | 26fe ffff | f4f4 f4f4 
[Stub Code]
  0x00007f4c94637fd8: ;   {no_reloc}
  0x00007f4c94637fd8: 48bb 0000 | 0000 0000 

  0x00007f4c94637fe0: ;   {runtime_call nmethod}
  0x00007f4c94637fe0: 0000 e9fb 

  0x00007f4c94637fe4: ;   {runtime_call ExceptionBlob}
  0x00007f4c94637fe4: ffff ffe9 | 944e 81ff 
[Deopt Handler Code]
  0x00007f4c94637fec: e800 0000 | 0048 832c 

  0x00007f4c94637ff4: ;   {runtime_call DeoptimizationBlob}
  0x00007f4c94637ff4: 2405 e9a5 | 3275 fff4 | f4f4 f4f4 
[/MachCode]


Compiled method (c1) 12587 7145       2       java.lang.invoke.LambdaForm$DMH/0x00007f4c30852400::invokeStatic (17 bytes)
 total in heap  [0x00007f4c8d275490,0x00007f4c8d275880] = 1008
 relocation     [0x00007f4c8d2755e8,0x00007f4c8d275630] = 72
 main code      [0x00007f4c8d275640,0x00007f4c8d275750] = 272
 stub code      [0x00007f4c8d275750,0x00007f4c8d2757a0] = 80
 oops           [0x00007f4c8d2757a0,0x00007f4c8d2757a8] = 8
 metadata       [0x00007f4c8d2757a8,0x00007f4c8d2757b8] = 16
 scopes data    [0x00007f4c8d2757b8,0x00007f4c8d275808] = 80
 scopes pcs     [0x00007f4c8d275808,0x00007f4c8d275868] = 96
 dependencies   [0x00007f4c8d275868,0x00007f4c8d275870] = 8
 nul chk table  [0x00007f4c8d275870,0x00007f4c8d275880] = 16

[Constant Pool (empty)]

[MachCode]
[Verified Entry Point]
  # {method} {0x00007f4bc8088288} 'invokeStatic' '(Ljava/lang/Object;JJ)I' in 'java/lang/invoke/LambdaForm$DMH+0x00007f4c30852400'
  # parm0:    rsi:rsi   = 'java/lang/Object'
  # parm1:    rdx:rdx   = long
  # parm2:    rcx:rcx   = long
  #           [sp+0x60]  (sp of caller)
  0x00007f4c8d275640: 8984 2400 | c0fe ff55 | 4883 ec50 | 4181 7f20 | 0900 0000 

  0x00007f4c8d275654: ;   {runtime_call StubRoutines (final stubs)}
  0x00007f4c8d275654: 7405 e825 | 5eaf 0648 | bfa0 8408 | c84b 7f00 | 008b 5f08 | 83c3 0289 | 5f08 81e3 | fe0f 0000 
  0x00007f4c8d275674: 85db 0f84 | 6300 0000 | 4885 f60f | 8429 0000 

  0x00007f4c8d275684: ;   {metadata('java/lang/invoke/DirectMethodHandle')}
  0x00007f4c8d275684: 0048 b878 | f109 2f4c | 7f00 008b | 5e08 49ba | 0000 002f | 4c7f 0000 | 4903 da48 | 3b43 400f 
  0x00007f4c8d2756a4: 8557 0000 | 00e9 0000 | 0000 8b7e | 2048 8bf2 | 488b d148 | 8bcf 0f1f 

  0x00007f4c8d2756bc: ;   {static_call}
  0x00007f4c8d2756bc: 4400 00e8 

  0x00007f4c8d2756c0: ; ImmutableOopMap {}
                      ;*invokestatic linkToStatic {reexecute=0 rethrow=0 return_oop=0}
                      ; - java.lang.invoke.LambdaForm$DMH/0x00007f4c30852400::invokeStatic@13
  0x00007f4c8d2756c0: bc88 4407 

  0x00007f4c8d2756c4: ;   {other}
  0x00007f4c8d2756c4: 0f1f 8400 | 3402 0000 | 4883 c450 

  0x00007f4c8d2756d0: ;   {poll_return}
  0x00007f4c8d2756d0: 5d49 3ba7 | 5004 0000 | 0f87 3000 

  0x00007f4c8d2756dc: ;   {metadata({method} {0x00007f4bc8088288} 'invokeStatic' '(Ljava/lang/Object;JJ)I' in 'java/lang/invoke/LambdaForm$DMH+0x00007f4c30852400')}
  0x00007f4c8d2756dc: 0000 c349 | ba88 8208 | c84b 7f00 | 004c 8954 | 2408 48c7 | 0424 ffff 

  0x00007f4c8d2756f4: ;   {runtime_call counter_overflow Runtime1 stub}
  0x00007f4c8d2756f4: ffff e805 

  0x00007f4c8d2756f8: ; ImmutableOopMap {rsi=Oop }
                      ;*synchronization entry
                      ; - java.lang.invoke.LambdaForm$DMH/0x00007f4c30852400::invokeStatic@-1
  0x00007f4c8d2756f8: 35bd 06e9 | 7cff ffff | 4889 3424 

  0x00007f4c8d275704: ;   {runtime_call throw_class_cast_exception Runtime1 stub}
  0x00007f4c8d275704: e8f7 09bd 

  0x00007f4c8d275708: ; ImmutableOopMap {}
                      ;*checkcast {reexecute=0 rethrow=0 return_oop=0}
                      ; - java.lang.invoke.DirectMethodHandle::internalMemberName@1 (line 327)
                      ; - java.lang.invoke.LambdaForm$DMH/0x00007f4c30852400::invokeStatic@1
                      ;   {runtime_call throw_null_pointer_exception Runtime1 stub}
  0x00007f4c8d275708: 06e8 f2e5 

  0x00007f4c8d27570c: ; ImmutableOopMap {}
                      ;*getfield member {reexecute=1 rethrow=0 return_oop=0}
                      ; - (reexecute) java.lang.invoke.DirectMethodHandle::internalMemberName@4 (line 327)
                      ; - java.lang.invoke.LambdaForm$DMH/0x00007f4c30852400::invokeStatic@1
                      ;   {internal_word}
  0x00007f4c8d27570c: bc06 49ba | d156 278d | 4c7f 0000 | 4d89 9768 

  0x00007f4c8d27571c: ;   {runtime_call SafepointBlob}
  0x00007f4c8d27571c: 0400 00e9 | dc68 b106 | 498b 8700 | 0500 0049 | c787 0005 | 0000 0000 | 0000 49c7 | 8708 0500 
  0x00007f4c8d27573c: 0000 0000 | 0048 83c4 

  0x00007f4c8d275744: ;   {runtime_call unwind_exception Runtime1 stub}
  0x00007f4c8d275744: 505d e935 | 06bc 06f4 | f4f4 f4f4 
[Stub Code]
  0x00007f4c8d275750: ;   {no_reloc}
  0x00007f4c8d275750: 48bb 0000 | 0000 0000 

  0x00007f4c8d275758: ;   {runtime_call nmethod}
  0x00007f4c8d275758: 0000 e9fb 

  0x00007f4c8d27575c: ;   {runtime_call handle_exception_from_callee Runtime1 stub}
  0x00007f4c8d27575c: ffff ffe8 | 9c03 bd06 

  0x00007f4c8d275764: ;   {external_word}
  0x00007f4c8d275764: 48bf 040b | 3baa 4c7f | 0000 4883 

  0x00007f4c8d275770: ;   {runtime_call MacroAssembler::debug64(char*, long, long*)}
  0x00007f4c8d275770: e4f0 e869 | 16c0 1cf4 
[Deopt Handler Code]
  0x00007f4c8d275778: ;   {section_word}
  0x00007f4c8d275778: 49ba 7857 | 278d 4c7f | 0000 4152 

  0x00007f4c8d275784: ;   {runtime_call DeoptimizationBlob}
  0x00007f4c8d275784: e917 5bb1 

  0x00007f4c8d275788: ;   {section_word}
  0x00007f4c8d275788: 0649 ba89 | 5727 8d4c | 7f00 0041 

  0x00007f4c8d275794: ;   {runtime_call DeoptimizationBlob}
  0x00007f4c8d275794: 52e9 065b | b106 f4f4 | f4f4 f4f4 
[/MachCode]


Compiled method (c1) 12589 7144   !   2       java.lang.invoke.LambdaForm$MH/0x00007f4c30853800::guardWithCatch (77 bytes)
 total in heap  [0x00007f4c8d274d90,0x00007f4c8d275470] = 1760
 relocation     [0x00007f4c8d274ee8,0x00007f4c8d274f58] = 112
 main code      [0x00007f4c8d274f60,0x00007f4c8d275220] = 704
 stub code      [0x00007f4c8d275220,0x00007f4c8d275280] = 96
 oops           [0x00007f4c8d275280,0x00007f4c8d275288] = 8
 metadata       [0x00007f4c8d275288,0x00007f4c8d275290] = 8
 scopes data    [0x00007f4c8d275290,0x00007f4c8d275328] = 152
 scopes pcs     [0x00007f4c8d275328,0x00007f4c8d2753f8] = 208
 dependencies   [0x00007f4c8d2753f8,0x00007f4c8d275400] = 8
 handler table  [0x00007f4c8d275400,0x00007f4c8d275448] = 72
 nul chk table  [0x00007f4c8d275448,0x00007f4c8d275470] = 40

[Constant Pool (empty)]

[MachCode]
[Verified Entry Point]
  # {method} {0x00007f4bc808ab88} 'guardWithCatch' '(Ljava/lang/Object;JJ)I' in 'java/lang/invoke/LambdaForm$MH+0x00007f4c30853800'
  # parm0:    rsi:rsi   = 'java/lang/Object'
  # parm1:    rdx:rdx   = long
  # parm2:    rcx:rcx   = long
  #           [sp+0x80]  (sp of caller)
  0x00007f4c8d274f60: 8984 2400 | c0fe ff55 | 4883 ec70 | 4181 7f20 | 0900 0000 

  0x00007f4c8d274f74: ;   {runtime_call StubRoutines (final stubs)}
  0x00007f4c8d274f74: 7405 e805 | 65af 0648 | bf90 ae08 | c84b 7f00 | 008b 5f08 | 83c3 0289 | 5f08 81e3 | fe0f 0000 
  0x00007f4c8d274f94: 85db 0f84 | a501 0000 | 4885 f60f | 8428 0000 

  0x00007f4c8d274fa4: ;   {metadata('java/lang/invoke/BoundMethodHandle$Species_LLLLL')}
  0x00007f4c8d274fa4: 0048 b888 | 1823 2f4c | 7f00 008b | 7e08 49ba | 0000 002f | 4c7f 0000 | 4903 fa48 | 3bc7 0f85 
  0x00007f4c8d274fc4: 9a01 0000 | e900 0000 | 008b 7e20 | 8b5e 248b | 4628 448b | 462c 8b76 | 3048 85ff | 0f84 2a00 
  0x00007f4c8d274fe4: ;   {metadata('java/lang/invoke/MethodHandle')}
  0x00007f4c8d274fe4: 0000 49b9 | 18f1 052f | 4c7f 0000 | 448b 4708 | 49ba 0000 | 002f 4c7f | 0000 4d03 | c24d 3b48 
  0x00007f4c8d275004: 380f 8565 | 0100 00e9 | 0000 0000 | 488b f748 | 3b06 488b | fa48 8bd7 | 4c8b c149 | 8bc8 4c89 
  0x00007f4c8d275024: 4424 5048 | 897c 2448 | 4889 4424 | 4048 895c 

  0x00007f4c8d275034: ;   {optimized virtual_call}
  0x00007f4c8d275034: 2438 90e8 

  0x00007f4c8d275038: ; ImmutableOopMap {[56]=Oop [64]=Oop }
                      ;*invokevirtual invokeBasic {reexecute=0 rethrow=0 return_oop=0}
                      ; - java.lang.invoke.LambdaForm$MH/0x00007f4c30853800::guardWithCatch@42
  0x00007f4c8d275038: 4498 4407 

  0x00007f4c8d27503c: ;   {other}
  0x00007f4c8d27503c: 0f1f 8400 | ac02 0000 | 4883 c470 

  0x00007f4c8d275048: ;   {poll_return}
  0x00007f4c8d275048: 5d49 3ba7 | 5004 0000 | 0f87 2801 | 0000 c349 | 8b87 0005 | 0000 4d33 | d24d 8997 | 0005 0000 
  0x00007f4c8d275068: 4d33 d24d | 8997 0805 | 0000 4885 | db0f 8428 

  0x00007f4c8d275078: ;   {metadata('java/lang/Class')}
  0x00007f4c8d275078: 0000 0048 | ba50 6b00 | 2f4c 7f00 | 008b 7308 | 49ba 0000 | 002f 4c7f | 0000 4903 | f248 3bd6 
  0x00007f4c8d275098: 0f85 f600 | 0000 e900 | 0000 0048 | 8bfb 483b | 0748 8bf0 | 4889 4424 

  0x00007f4c8d2750b0: ;   {runtime_call Runtime1::is_instance_of(oopDesc*, oopDesc*)}
  0x00007f4c8d2750b0: 58e8 1abd 

  0x00007f4c8d2750b4: ;   {other}
  0x00007f4c8d2750b4: 561c 0f1f | 8400 0000 | 0000 85c0 | 0f84 7100 | 0000 488b | 4424 404c | 8b44 2450 | 488b 4c24 
  0x00007f4c8d2750d4: 4848 85c0 | 0f84 2900 

  0x00007f4c8d2750dc: ;   {metadata('java/lang/invoke/MethodHandle')}
  0x00007f4c8d2750dc: 0000 48bb | 18f1 052f | 4c7f 0000 | 8b78 0849 | ba00 0000 | 2f4c 7f00 | 0049 03fa | 483b 5f38 
  0x00007f4c8d2750fc: 0f85 a000 | 0000 e900 | 0000 0048 | 8bf0 483b | 0648 8b54 | 2458 0f1f 

  0x00007f4c8d275114: ;   {optimized virtual_call}
  0x00007f4c8d275114: 4400 00e8 

  0x00007f4c8d275118: ; ImmutableOopMap {}
                      ;*invokevirtual invokeBasic {reexecute=0 rethrow=0 return_oop=0}
                      ; - java.lang.invoke.LambdaForm$MH/0x00007f4c30853800::guardWithCatch@69
  0x00007f4c8d275118: 6454 3907 

  0x00007f4c8d27511c: ;   {other}
  0x00007f4c8d27511c: 0f1f 8400 | 8c03 0001 | 4883 c470 

  0x00007f4c8d275128: ;   {poll_return}
  0x00007f4c8d275128: 5d49 3ba7 | 5004 0000 | 0f87 7a00 | 0000 c348 | 8b44 2458 | e9d4 0000 

  0x00007f4c8d275140: ;   {metadata({method} {0x00007f4bc808ab88} 'guardWithCatch' '(Ljava/lang/Object;JJ)I' in 'java/lang/invoke/LambdaForm$MH+0x00007f4c30853800')}
  0x00007f4c8d275140: 0049 ba88 | ab08 c84b | 7f00 004c | 8954 2408 | 48c7 0424 | ffff ffff 

  0x00007f4c8d275158: ;   {runtime_call counter_overflow Runtime1 stub}
  0x00007f4c8d275158: e8a3 3abd 

  0x00007f4c8d27515c: ; ImmutableOopMap {rsi=Oop }
                      ;*synchronization entry
                      ; - java.lang.invoke.LambdaForm$MH/0x00007f4c30853800::guardWithCatch@-1
  0x00007f4c8d27515c: 06e9 3afe | ffff 4889 

  0x00007f4c8d275164: ;   {runtime_call throw_class_cast_exception Runtime1 stub}
  0x00007f4c8d275164: 3424 e895 

  0x00007f4c8d275168: ; ImmutableOopMap {}
                      ;*checkcast {reexecute=0 rethrow=0 return_oop=0}
                      ; - java.lang.invoke.LambdaForm$MH/0x00007f4c30853800::guardWithCatch@1
                      ;   {runtime_call throw_null_pointer_exception Runtime1 stub}
  0x00007f4c8d275168: 0fbd 06e8 

  0x00007f4c8d27516c: ; ImmutableOopMap {rsi=Oop }
                      ;*getfield argL0 {reexecute=1 rethrow=0 return_oop=0}
                      ; - (reexecute) java.lang.invoke.LambdaForm$MH/0x00007f4c30853800::guardWithCatch@6
  0x00007f4c8d27516c: 90eb bc06 | 4889 3c24 

  0x00007f4c8d275174: ;   {runtime_call throw_class_cast_exception Runtime1 stub}
  0x00007f4c8d275174: e887 0fbd 

  0x00007f4c8d275178: ; ImmutableOopMap {rbx=Oop rax=Oop }
                      ;*checkcast {reexecute=0 rethrow=0 return_oop=0}
                      ; - java.lang.invoke.LambdaForm$MH/0x00007f4c30853800::guardWithCatch@37
                      ;   {runtime_call throw_null_pointer_exception Runtime1 stub}
  0x00007f4c8d275178: 06e8 82eb 

  0x00007f4c8d27517c: ; ImmutableOopMap {rbx=Oop rax=Oop rsi=Oop }
                      ;*invokevirtual invokeBasic {reexecute=0 rethrow=0 return_oop=0}
                      ; - java.lang.invoke.LambdaForm$MH/0x00007f4c30853800::guardWithCatch@42
                      ;   {internal_word}
  0x00007f4c8d27517c: bc06 49ba | 4950 278d | 4c7f 0000 | 4d89 9768 

  0x00007f4c8d27518c: ;   {runtime_call SafepointBlob}
  0x00007f4c8d27518c: 0400 00e9 | 6c6e b106 | 4889 1c24 

  0x00007f4c8d275198: ;   {runtime_call throw_class_cast_exception Runtime1 stub}
  0x00007f4c8d275198: e863 0fbd 

  0x00007f4c8d27519c: ; ImmutableOopMap {rax=Oop [64]=Oop }
                      ;*checkcast {reexecute=0 rethrow=0 return_oop=0}
                      ; - java.lang.invoke.LambdaForm$MH/0x00007f4c30853800::guardWithCatch@51
                      ;   {runtime_call throw_null_pointer_exception Runtime1 stub}
  0x00007f4c8d27519c: 06e8 5eeb 

  0x00007f4c8d2751a0: ; ImmutableOopMap {rax=Oop rdi=Oop [64]=Oop }
                      ;*invokevirtual isInstance {reexecute=0 rethrow=0 return_oop=0}
                      ; - java.lang.invoke.LambdaForm$MH/0x00007f4c30853800::guardWithCatch@55
  0x00007f4c8d2751a0: bc06 4889 

  0x00007f4c8d2751a4: ;   {runtime_call throw_class_cast_exception Runtime1 stub}
  0x00007f4c8d2751a4: 0424 e855 

  0x00007f4c8d2751a8: ; ImmutableOopMap {[88]=Oop }
                      ;*checkcast {reexecute=0 rethrow=0 return_oop=0}
                      ; - java.lang.invoke.LambdaForm$MH/0x00007f4c30853800::guardWithCatch@63
                      ;   {runtime_call throw_null_pointer_exception Runtime1 stub}
  0x00007f4c8d2751a8: 0fbd 06e8 

  0x00007f4c8d2751ac: ; ImmutableOopMap {rsi=Oop [88]=Oop }
                      ;*invokevirtual invokeBasic {reexecute=0 rethrow=0 return_oop=0}
                      ; - java.lang.invoke.LambdaForm$MH/0x00007f4c30853800::guardWithCatch@69
  0x00007f4c8d2751ac: 50eb bc06 

  0x00007f4c8d2751b0: ;   {internal_word}
  0x00007f4c8d2751b0: 49ba 2951 | 278d 4c7f | 0000 4d89 | 9768 0400 

  0x00007f4c8d2751c0: ;   {runtime_call SafepointBlob}
  0x00007f4c8d2751c0: 00e9 3a6e | b106 488b | 5c24 38e9 | 87fe ffff | 4889 4424 | 4048 894c | 2450 4889 | 5424 48e9 
  0x00007f4c8d2751e0: 73fe ffff | 4889 4424 | 4048 894c | 2450 4889 | 5424 48e9 | 5ffe ffff | 498b 8700 | 0500 0049 
  0x00007f4c8d275200: c787 0005 | 0000 0000 | 0000 49c7 | 8708 0500 | 0000 0000 | 0048 83c4 

  0x00007f4c8d275218: ;   {runtime_call unwind_exception Runtime1 stub}
  0x00007f4c8d275218: 705d e961 | 0bbc 06f4 
[Stub Code]
  0x00007f4c8d275220: ;   {no_reloc}
  0x00007f4c8d275220: 48bb 0000 | 0000 0000 

  0x00007f4c8d275228: ;   {runtime_call nmethod}
  0x00007f4c8d275228: 0000 e9fb 

  0x00007f4c8d27522c: ;   {static_stub}
  0x00007f4c8d27522c: ffff ff48 | bb00 0000 | 0000 0000 

  0x00007f4c8d275238: ;   {runtime_call nmethod}
  0x00007f4c8d275238: 00e9 fbff 

  0x00007f4c8d27523c: ;   {runtime_call handle_exception_from_callee Runtime1 stub}
  0x00007f4c8d27523c: ffff e8bd 

  0x00007f4c8d275240: ;   {external_word}
  0x00007f4c8d275240: 08bd 0648 | bf04 0b3b | aa4c 7f00 | 0048 83e4 

  0x00007f4c8d275250: ;   {runtime_call MacroAssembler::debug64(char*, long, long*)}
  0x00007f4c8d275250: f0e8 8a1b 

  0x00007f4c8d275254: ;   {section_word}
  0x00007f4c8d275254: c01c f449 | ba57 5227 | 8d4c 7f00 

  0x00007f4c8d275260: ;   {runtime_call DeoptimizationBlob}
  0x00007f4c8d275260: 0041 52e9 | 3860 b106 
[Deopt MH Handler Code]
  0x00007f4c8d275268: ;   {section_word}
  0x00007f4c8d275268: 49ba 6852 | 278d 4c7f | 0000 4152 

  0x00007f4c8d275274: ;   {runtime_call DeoptimizationBlob}
  0x00007f4c8d275274: e927 60b1 | 06f4 f4f4 | f4f4 f4f4 
[/MachCode]


---------------  P R O C E S S  ---------------

Threads class SMR info:
_java_thread_list=0x00007f4bd0002350, length=31, elements={
0x00007f4ca4032de0, 0x00007f4ca4151880, 0x00007f4ca4152df0, 0x00007f4ca4154580,
0x00007f4ca4155bc0, 0x00007f4ca4157160, 0x00007f4ca4158ca0, 0x00007f4ca415a360,
0x00007f4ca41c5790, 0x00007f4ca41c7f40, 0x00007f4ca4779540, 0x00007f4ca478f590,
0x00007f4ca47989c0, 0x00007f4ca4854a10, 0x00007f4ca4855550, 0x00007f4bdc1851f0,
0x00007f4ca49e3430, 0x00007f4c01b1c4f0, 0x00007f4c01b1d1a0, 0x00007f4bcc000ff0,
0x00007f4bcc17a8c0, 0x00007f4bcc17def0, 0x00007f4c01f8c790, 0x00007f4c009efc30,
0x00007f4c0013ee10, 0x00007f4c00140630, 0x00007f4bec014870, 0x00007f4bf401caf0,
0x00007f4bf000d9b0, 0x00007f4c047f8110, 0x00007f4bd00017e0
}

Java Threads: ( => current thread )
  0x00007f4ca4032de0 JavaThread "Test worker"                       [_thread_blocked, id=1107, stack(0x00007f4ca908c000,0x00007f4ca918c000) (1024K)]
  0x00007f4ca4151880 JavaThread "Reference Handler"          daemon [_thread_blocked, id=1115, stack(0x00007f4c7d813000,0x00007f4c7d913000) (1024K)]
  0x00007f4ca4152df0 JavaThread "Finalizer"                  daemon [_thread_blocked, id=1116, stack(0x00007f4c7d713000,0x00007f4c7d813000) (1024K)]
  0x00007f4ca4154580 JavaThread "Signal Dispatcher"          daemon [_thread_blocked, id=1117, stack(0x00007f4c7d613000,0x00007f4c7d713000) (1024K)]
  0x00007f4ca4155bc0 JavaThread "Service Thread"             daemon [_thread_blocked, id=1118, stack(0x00007f4c7d513000,0x00007f4c7d613000) (1024K)]
  0x00007f4ca4157160 JavaThread "Monitor Deflation Thread"   daemon [_thread_blocked, id=1119, stack(0x00007f4c7d413000,0x00007f4c7d513000) (1024K)]
  0x00007f4ca4158ca0 JavaThread "C2 CompilerThread0"         daemon [_thread_in_native, id=1120, stack(0x00007f4c7d313000,0x00007f4c7d413000) (1024K)]
  0x00007f4ca415a360 JavaThread "C1 CompilerThread0"         daemon [_thread_blocked, id=1121, stack(0x00007f4c7d213000,0x00007f4c7d313000) (1024K)]
  0x00007f4ca41c5790 JavaThread "Notification Thread"        daemon [_thread_blocked, id=1122, stack(0x00007f4c7d043000,0x00007f4c7d143000) (1024K)]
  0x00007f4ca41c7f40 JavaThread "Common-Cleaner"             daemon [_thread_blocked, id=1123, stack(0x00007f4c7cf43000,0x00007f4c7d043000) (1024K)]
  0x00007f4ca4779540 JavaThread "/127.0.0.1:38924 to /127.0.0.1:63928 workers"        [_thread_blocked, id=1132, stack(0x00007f4c7ca40000,0x00007f4c7cb40000) (1024K)]
  0x00007f4ca478f590 JavaThread "/127.0.0.1:38924 to /127.0.0.1:63928 workers Thread 2"        [_thread_blocked, id=1133, stack(0x00007f4c7c940000,0x00007f4c7ca40000) (1024K)]
  0x00007f4ca47989c0 JavaThread "/127.0.0.1:38924 to /127.0.0.1:63928 workers Thread 3"        [_thread_in_native, id=1134, stack(0x00007f4c7c840000,0x00007f4c7c940000) (1024K)]
  0x00007f4ca4854a10 JavaThread "pool-1-thread-1"                   [_thread_blocked, id=1135, stack(0x00007f4c7c740000,0x00007f4c7c840000) (1024K)]
  0x00007f4ca4855550 JavaThread "pool-1-thread-2"                   [_thread_blocked, id=1136, stack(0x00007f4c7c640000,0x00007f4c7c740000) (1024K)]
  0x00007f4bdc1851f0 JavaThread "Keep-Alive-Timer"           daemon [_thread_blocked, id=1139, stack(0x00007f4c7c3e9000,0x00007f4c7c4e9000) (1024K)]
  0x00007f4ca49e3430 JavaThread "SDK 34 Main Thread"                [_thread_in_Java, id=1143, stack(0x00007f4c7ce43000,0x00007f4c7cf43000) (1024K)]
  0x00007f4c01b1c4f0 JavaThread "DefaultDispatcher-worker-1" daemon [_thread_blocked, id=1146, stack(0x00007f4c7c0cf000,0x00007f4c7c1cf000) (1024K)]
  0x00007f4c01b1d1a0 JavaThread "DefaultDispatcher-worker-2" daemon [_thread_blocked, id=1147, stack(0x00007f4c2af00000,0x00007f4c2b000000) (1024K)]
  0x00007f4bcc000ff0 JavaThread "DefaultDispatcher-worker-3 @coroutine#1" daemon [_thread_blocked, id=1148, stack(0x00007f4c2a900000,0x00007f4c2aa00000) (1024K)]
  0x00007f4bcc17a8c0 JavaThread "arch_disk_io_0 @Room Invalidation Tracker Refresh#214" daemon [_thread_blocked, id=1149, stack(0x00007f4c2a800000,0x00007f4c2a900000) (1024K)]
  0x00007f4bcc17def0 JavaThread "DefaultDispatcher-worker-4" daemon [_thread_blocked, id=1151, stack(0x00007f4c2a600000,0x00007f4c2a700000) (1024K)]
  0x00007f4c01f8c790 JavaThread "kotlinx.coroutines.DefaultExecutor" daemon [_thread_blocked, id=1152, stack(0x00007f4c2a500000,0x00007f4c2a600000) (1024K)]
  0x00007f4c009efc30 JavaThread "arch_disk_io_1 @coroutine#65"        [_thread_blocked, id=1155, stack(0x00007f4c2a400000,0x00007f4c2a500000) (1024K)]
  0x00007f4c0013ee10 JavaThread "arch_disk_io_2 @coroutine#137"        [_thread_blocked, id=1156, stack(0x00007f4c2a300000,0x00007f4c2a400000) (1024K)]
  0x00007f4c00140630 JavaThread "arch_disk_io_3 @coroutine#145"        [_thread_blocked, id=1157, stack(0x00007f4c2a200000,0x00007f4c2a300000) (1024K)]
  0x00007f4bec014870 JavaThread "WM.task-4"                  daemon [_thread_blocked, id=1165, stack(0x00007f4c29000000,0x00007f4c29100000) (1024K)]
=>0x00007f4bf401caf0 JavaThread "WM.task-6"                  daemon [_thread_in_native, id=1167, stack(0x00007f4c28e00000,0x00007f4c28f00000) (1024K)]
  0x00007f4bf000d9b0 JavaThread "WM.task-7"                  daemon [_thread_blocked, id=1168, stack(0x00007f4c28d00000,0x00007f4c28e00000) (1024K)]
  0x00007f4c047f8110 JavaThread "C2 CompilerThread1"         daemon [_thread_in_native, id=1169, stack(0x00007f4c28c00000,0x00007f4c28d00000) (1024K)]
  0x00007f4bd00017e0 JavaThread "DefaultDispatcher-worker-5" daemon [_thread_blocked, id=1170, stack(0x00007f4c28f00000,0x00007f4c29000000) (1024K)]
Total: 31

Other Threads:
  0x00007f4ca41484a0 VMThread "VM Thread"                           [id=1114, stack(0x00007f4c7dbfd000,0x00007f4c7dcfd000) (1024K)]
  0x00007f4ca4136970 WatcherThread "VM Periodic Task Thread"        [id=1113, stack(0x00007f4c7dcfe000,0x00007f4c7ddfe000) (1024K)]
  0x00007f4ca405f3a0 WorkerThread "GC Thread#0"                     [id=1108, stack(0x00007f4c8c700000,0x00007f4c8c800000) (1024K)]
  0x00007f4c240069c0 WorkerThread "GC Thread#1"                     [id=1125, stack(0x00007f4c7cd43000,0x00007f4c7ce43000) (1024K)]
  0x00007f4c240074e0 WorkerThread "GC Thread#2"                     [id=1126, stack(0x00007f4c7cc42000,0x00007f4c7cd42000) (1024K)]
  0x00007f4c24008000 WorkerThread "GC Thread#3"                     [id=1127, stack(0x00007f4c7cb41000,0x00007f4c7cc41000) (1024K)]
  0x00007f4ca40649a0 ConcurrentGCThread "G1 Main Marker"            [id=1109, stack(0x00007f4c8c5ff000,0x00007f4c8c6ff000) (1024K)]
  0x00007f4ca4065940 WorkerThread "G1 Conc#0"                       [id=1110, stack(0x00007f4c8c4fe000,0x00007f4c8c5fe000) (1024K)]
  0x00007f4ca4124fb0 ConcurrentGCThread "G1 Refine#0"               [id=1111, stack(0x00007f4c7df00000,0x00007f4c7e000000) (1024K)]
  0x00007f4ca4125f70 ConcurrentGCThread "G1 Service"                [id=1112, stack(0x00007f4c7ddff000,0x00007f4c7deff000) (1024K)]
Total: 10

Threads with active compile tasks:
C2 CompilerThread0  12594 7733   !   4       jdk.internal.loader.URLClassPath$FileLoader::getResource (153 bytes)
C2 CompilerThread1  12594 7735   !   4       jdk.internal.loader.BuiltinClassLoader::loadClassOrNull (143 bytes)
Total: 2

VM state: not at safepoint (normal execution)

VM Mutex/Monitor currently owned by a thread: None

Heap address: 0x00000000e0000000, size: 512 MB, Compressed Oops mode: 32-bit

CDS archive(s) mapped at: [0x00007f4c2f000000-0x00007f4c2fc9c000-0x00007f4c2fc9c000), size 13221888, SharedBaseAddress: 0x00007f4c2f000000, ArchiveRelocationMode: 1.
Compressed class space mapped at: 0x00007f4c30000000-0x00007f4c70000000, reserved size: 1073741824
Narrow klass base: 0x00007f4c2f000000, Narrow klass shift: 0, Narrow klass range: 0x100000000

GC Precious Log:
 CardTable entry size: 512
 Card Set container configuration: InlinePtr #cards 5 size 8 Array Of Cards #cards 12 size 40 Howl #buckets 4 coarsen threshold 1843 Howl Bitmap #cards 512 size 80 coarsen threshold 460 Card regions per heap region 1 cards per card region 2048
 CPUs: 4 total, 4 available
 Memory: 12288M
 Large Page Support: Disabled
 NUMA Support: Disabled
 Compressed Oops: Enabled (32-bit)
 Heap Region Size: 1M
 Heap Min Capacity: 8M
 Heap Initial Capacity: 192M
 Heap Max Capacity: 512M
 Pre-touch: Disabled
 Parallel Workers: 4
 Concurrent Workers: 1
 Concurrent Refinement Workers: 4
 Periodic GC: Disabled

Heap:
 garbage-first heap   total 143360K, used 108509K [0x00000000e0000000, 0x0000000100000000)
  region size 1024K, 20 young (20480K), 4 survivors (4096K)
 Metaspace       used 76640K, committed 80640K, reserved 1179648K
  class space    used 7624K, committed 9408K, reserved 1048576K

Heap Regions: E=young(eden), S=young(survivor), O=old, HS=humongous(starts), HC=humongous(continues), CS=collection set, F=free, TAMS=top-at-mark-start, PB=parsable bottom
|   0|0x00000000e0000000, 0x00000000e0100000, 0x00000000e0100000|100%|HS|  |TAMS 0x00000000e0000000| PB 0x00000000e0000000| Complete 
|   1|0x00000000e0100000, 0x00000000e0200000, 0x00000000e0200000|100%|HC|  |TAMS 0x00000000e0100000| PB 0x00000000e0100000| Complete 
|   2|0x00000000e0200000, 0x00000000e0300000, 0x00000000e0300000|100%|HS|  |TAMS 0x00000000e0200000| PB 0x00000000e0200000| Complete 
|   3|0x00000000e0300000, 0x00000000e0400000, 0x00000000e0400000|100%| O|  |TAMS 0x00000000e0300000| PB 0x00000000e0300000| Untracked 
|   4|0x00000000e0400000, 0x00000000e0500000, 0x00000000e0500000|100%|HS|  |TAMS 0x00000000e0400000| PB 0x00000000e0400000| Complete 
|   5|0x00000000e0500000, 0x00000000e0600000, 0x00000000e0600000|100%|HC|  |TAMS 0x00000000e0500000| PB 0x00000000e0500000| Complete 
|   6|0x00000000e0600000, 0x00000000e0700000, 0x00000000e0700000|100%| O|  |TAMS 0x00000000e0600000| PB 0x00000000e0600000| Untracked 
|   7|0x00000000e0700000, 0x00000000e0800000, 0x00000000e0800000|100%| O|  |TAMS 0x00000000e0700000| PB 0x00000000e0700000| Untracked 
|   8|0x00000000e0800000, 0x00000000e0900000, 0x00000000e0900000|100%| O|  |TAMS 0x00000000e0800000| PB 0x00000000e0800000| Untracked 
|   9|0x00000000e0900000, 0x00000000e0a00000, 0x00000000e0a00000|100%| O|  |TAMS 0x00000000e0900000| PB 0x00000000e0900000| Untracked 
|  10|0x00000000e0a00000, 0x00000000e0b00000, 0x00000000e0b00000|100%| O|  |TAMS 0x00000000e0a00000| PB 0x00000000e0a00000| Untracked 
|  11|0x00000000e0b00000, 0x00000000e0c00000, 0x00000000e0c00000|100%| O|  |TAMS 0x00000000e0b00000| PB 0x00000000e0b00000| Untracked 
|  12|0x00000000e0c00000, 0x00000000e0d00000, 0x00000000e0d00000|100%| O|  |TAMS 0x00000000e0c00000| PB 0x00000000e0c00000| Untracked 
|  13|0x00000000e0d00000, 0x00000000e0e00000, 0x00000000e0e00000|100%| O|  |TAMS 0x00000000e0d00000| PB 0x00000000e0d00000| Untracked 
|  14|0x00000000e0e00000, 0x00000000e0ee1340, 0x00000000e0f00000| 87%| O|  |TAMS 0x00000000e0e00000| PB 0x00000000e0e00000| Untracked 
|  15|0x00000000e0f00000, 0x00000000e1000000, 0x00000000e1000000|100%|HS|  |TAMS 0x00000000e0f00000| PB 0x00000000e0f00000| Complete 
|  16|0x00000000e1000000, 0x00000000e1100000, 0x00000000e1100000|100%|HC|  |TAMS 0x00000000e1000000| PB 0x00000000e1000000| Complete 
|  17|0x00000000e1100000, 0x00000000e1200000, 0x00000000e1200000|100%|HC|  |TAMS 0x00000000e1100000| PB 0x00000000e1100000| Complete 
|  18|0x00000000e1200000, 0x00000000e1300000, 0x00000000e1300000|100%|HC|  |TAMS 0x00000000e1200000| PB 0x00000000e1200000| Complete 
|  19|0x00000000e1300000, 0x00000000e1400000, 0x00000000e1400000|100%|HC|  |TAMS 0x00000000e1300000| PB 0x00000000e1300000| Complete 
|  20|0x00000000e1400000, 0x00000000e1500000, 0x00000000e1500000|100%|HC|  |TAMS 0x00000000e1400000| PB 0x00000000e1400000| Complete 
|  21|0x00000000e1500000, 0x00000000e1600000, 0x00000000e1600000|100%|HC|  |TAMS 0x00000000e1500000| PB 0x00000000e1500000| Complete 
|  22|0x00000000e1600000, 0x00000000e1700000, 0x00000000e1700000|100%|HS|  |TAMS 0x00000000e1600000| PB 0x00000000e1600000| Complete 
|  23|0x00000000e1700000, 0x00000000e1800000, 0x00000000e1800000|100%| O|  |TAMS 0x00000000e1700000| PB 0x00000000e1700000| Untracked 
|  24|0x00000000e1800000, 0x00000000e1900000, 0x00000000e1900000|100%| O|  |TAMS 0x00000000e1800000| PB 0x00000000e1800000| Untracked 
|  25|0x00000000e1900000, 0x00000000e1a00000, 0x00000000e1a00000|100%| O|  |TAMS 0x00000000e1900000| PB 0x00000000e1900000| Untracked 
|  26|0x00000000e1a00000, 0x00000000e1b00000, 0x00000000e1b00000|100%| O|  |TAMS 0x00000000e1a00000| PB 0x00000000e1a00000| Untracked 
|  27|0x00000000e1b00000, 0x00000000e1c00000, 0x00000000e1c00000|100%| O|  |TAMS 0x00000000e1b00000| PB 0x00000000e1b00000| Untracked 
|  28|0x00000000e1c00000, 0x00000000e1d00000, 0x00000000e1d00000|100%| O|  |TAMS 0x00000000e1c00000| PB 0x00000000e1c00000| Untracked 
|  29|0x00000000e1d00000, 0x00000000e1e00000, 0x00000000e1e00000|100%| O|  |TAMS 0x00000000e1d00000| PB 0x00000000e1d00000| Untracked 
|  30|0x00000000e1e00000, 0x00000000e1f00000, 0x00000000e1f00000|100%| O|  |TAMS 0x00000000e1e00000| PB 0x00000000e1e00000| Untracked 
|  31|0x00000000e1f00000, 0x00000000e2000000, 0x00000000e2000000|100%| O|  |TAMS 0x00000000e1f00000| PB 0x00000000e1f00000| Untracked 
|  32|0x00000000e2000000, 0x00000000e2100000, 0x00000000e2100000|100%| O|  |TAMS 0x00000000e2000000| PB 0x00000000e2000000| Untracked 
|  33|0x00000000e2100000, 0x00000000e2200000, 0x00000000e2200000|100%| O|  |TAMS 0x00000000e2100000| PB 0x00000000e2100000| Untracked 
|  34|0x00000000e2200000, 0x00000000e2300000, 0x00000000e2300000|100%| O|  |TAMS 0x00000000e2200000| PB 0x00000000e2200000| Untracked 
|  35|0x00000000e2300000, 0x00000000e2400000, 0x00000000e2400000|100%| O|  |TAMS 0x00000000e2300000| PB 0x00000000e2300000| Untracked 
|  36|0x00000000e2400000, 0x00000000e2500000, 0x00000000e2500000|100%| O|  |TAMS 0x00000000e2400000| PB 0x00000000e2400000| Untracked 
|  37|0x00000000e2500000, 0x00000000e2600000, 0x00000000e2600000|100%| O|  |TAMS 0x00000000e2500000| PB 0x00000000e2500000| Untracked 
|  38|0x00000000e2600000, 0x00000000e2700000, 0x00000000e2700000|100%| O|  |TAMS 0x00000000e2600000| PB 0x00000000e2600000| Untracked 
|  39|0x00000000e2700000, 0x00000000e2800000, 0x00000000e2800000|100%| O|  |TAMS 0x00000000e2700000| PB 0x00000000e2700000| Untracked 
|  40|0x00000000e2800000, 0x00000000e2900000, 0x00000000e2900000|100%| O|  |TAMS 0x00000000e2800000| PB 0x00000000e2800000| Untracked 
|  41|0x00000000e2900000, 0x00000000e2a00000, 0x00000000e2a00000|100%| O|  |TAMS 0x00000000e2900000| PB 0x00000000e2900000| Untracked 
|  42|0x00000000e2a00000, 0x00000000e2b00000, 0x00000000e2b00000|100%| O|  |TAMS 0x00000000e2a00000| PB 0x00000000e2a00000| Untracked 
|  43|0x00000000e2b00000, 0x00000000e2c00000, 0x00000000e2c00000|100%| O|  |TAMS 0x00000000e2b00000| PB 0x00000000e2b00000| Untracked 
|  44|0x00000000e2c00000, 0x00000000e2c00000, 0x00000000e2d00000|  0%| F|  |TAMS 0x00000000e2c00000| PB 0x00000000e2c00000| Untracked 
|  45|0x00000000e2d00000, 0x00000000e2e00000, 0x00000000e2e00000|100%| O|  |TAMS 0x00000000e2d00000| PB 0x00000000e2d00000| Untracked 
|  46|0x00000000e2e00000, 0x00000000e2f00000, 0x00000000e2f00000|100%|HS|  |TAMS 0x00000000e2e00000| PB 0x00000000e2e00000| Complete 
|  47|0x00000000e2f00000, 0x00000000e3000000, 0x00000000e3000000|100%|HS|  |TAMS 0x00000000e2f00000| PB 0x00000000e2f00000| Complete 
|  48|0x00000000e3000000, 0x00000000e3100000, 0x00000000e3100000|100%|HC|  |TAMS 0x00000000e3000000| PB 0x00000000e3000000| Complete 
|  49|0x00000000e3100000, 0x00000000e3200000, 0x00000000e3200000|100%|HC|  |TAMS 0x00000000e3100000| PB 0x00000000e3100000| Complete 
|  50|0x00000000e3200000, 0x00000000e3300000, 0x00000000e3300000|100%|HC|  |TAMS 0x00000000e3200000| PB 0x00000000e3200000| Complete 
|  51|0x00000000e3300000, 0x00000000e3400000, 0x00000000e3400000|100%|HC|  |TAMS 0x00000000e3300000| PB 0x00000000e3300000| Complete 
|  52|0x00000000e3400000, 0x00000000e3500000, 0x00000000e3500000|100%|HC|  |TAMS 0x00000000e3400000| PB 0x00000000e3400000| Complete 
|  53|0x00000000e3500000, 0x00000000e3600000, 0x00000000e3600000|100%|HC|  |TAMS 0x00000000e3500000| PB 0x00000000e3500000| Complete 
|  54|0x00000000e3600000, 0x00000000e3700000, 0x00000000e3700000|100%|HC|  |TAMS 0x00000000e3600000| PB 0x00000000e3600000| Complete 
|  55|0x00000000e3700000, 0x00000000e3800000, 0x00000000e3800000|100%|HC|  |TAMS 0x00000000e3700000| PB 0x00000000e3700000| Complete 
|  56|0x00000000e3800000, 0x00000000e3900000, 0x00000000e3900000|100%|HC|  |TAMS 0x00000000e3800000| PB 0x00000000e3800000| Complete 
|  57|0x00000000e3900000, 0x00000000e3a00000, 0x00000000e3a00000|100%|HC|  |TAMS 0x00000000e3900000| PB 0x00000000e3900000| Complete 
|  58|0x00000000e3a00000, 0x00000000e3b00000, 0x00000000e3b00000|100%|HC|  |TAMS 0x00000000e3a00000| PB 0x00000000e3a00000| Complete 
|  59|0x00000000e3b00000, 0x00000000e3c00000, 0x00000000e3c00000|100%|HC|  |TAMS 0x00000000e3b00000| PB 0x00000000e3b00000| Complete 
|  60|0x00000000e3c00000, 0x00000000e3d00000, 0x00000000e3d00000|100%|HC|  |TAMS 0x00000000e3c00000| PB 0x00000000e3c00000| Complete 
|  61|0x00000000e3d00000, 0x00000000e3e00000, 0x00000000e3e00000|100%|HC|  |TAMS 0x00000000e3d00000| PB 0x00000000e3d00000| Complete 
|  62|0x00000000e3e00000, 0x00000000e3f00000, 0x00000000e3f00000|100%|HC|  |TAMS 0x00000000e3e00000| PB 0x00000000e3e00000| Complete 
|  63|0x00000000e3f00000, 0x00000000e4000000, 0x00000000e4000000|100%| O|  |TAMS 0x00000000e3f00000| PB 0x00000000e3f00000| Untracked 
|  64|0x00000000e4000000, 0x00000000e4100000, 0x00000000e4100000|100%| O|  |TAMS 0x00000000e4000000| PB 0x00000000e4000000| Untracked 
|  65|0x00000000e4100000, 0x00000000e4200000, 0x00000000e4200000|100%| O|  |TAMS 0x00000000e4100000| PB 0x00000000e4100000| Untracked 
|  66|0x00000000e4200000, 0x00000000e4300000, 0x00000000e4300000|100%| O|  |TAMS 0x00000000e4200000| PB 0x00000000e4200000| Untracked 
|  67|0x00000000e4300000, 0x00000000e4400000, 0x00000000e4400000|100%| O|  |TAMS 0x00000000e4300000| PB 0x00000000e4300000| Untracked 
|  68|0x00000000e4400000, 0x00000000e4500000, 0x00000000e4500000|100%| O|  |TAMS 0x00000000e4400000| PB 0x00000000e4400000| Untracked 
|  69|0x00000000e4500000, 0x00000000e4600000, 0x00000000e4600000|100%| O|  |TAMS 0x00000000e4500000| PB 0x00000000e4500000| Untracked 
|  70|0x00000000e4600000, 0x00000000e4700000, 0x00000000e4700000|100%| O|  |TAMS 0x00000000e4600000| PB 0x00000000e4600000| Untracked 
|  71|0x00000000e4700000, 0x00000000e4800000, 0x00000000e4800000|100%| O|  |TAMS 0x00000000e4700000| PB 0x00000000e4700000| Untracked 
|  72|0x00000000e4800000, 0x00000000e4900000, 0x00000000e4900000|100%| O|  |TAMS 0x00000000e4800000| PB 0x00000000e4800000| Untracked 
|  73|0x00000000e4900000, 0x00000000e4a00000, 0x00000000e4a00000|100%| O|  |TAMS 0x00000000e4900000| PB 0x00000000e4900000| Untracked 
|  74|0x00000000e4a00000, 0x00000000e4b00000, 0x00000000e4b00000|100%| O|  |TAMS 0x00000000e4a00000| PB 0x00000000e4a00000| Untracked 
|  75|0x00000000e4b00000, 0x00000000e4c00000, 0x00000000e4c00000|100%| O|  |TAMS 0x00000000e4b00000| PB 0x00000000e4b00000| Untracked 
|  76|0x00000000e4c00000, 0x00000000e4d00000, 0x00000000e4d00000|100%| O|  |TAMS 0x00000000e4c00000| PB 0x00000000e4c00000| Untracked 
|  77|0x00000000e4d00000, 0x00000000e4e00000, 0x00000000e4e00000|100%| O|  |TAMS 0x00000000e4d00000| PB 0x00000000e4d00000| Untracked 
|  78|0x00000000e4e00000, 0x00000000e4f00000, 0x00000000e4f00000|100%| O|  |TAMS 0x00000000e4e00000| PB 0x00000000e4e00000| Untracked 
|  79|0x00000000e4f00000, 0x00000000e5000000, 0x00000000e5000000|100%| O|  |TAMS 0x00000000e4f00000| PB 0x00000000e4f00000| Untracked 
|  80|0x00000000e5000000, 0x00000000e5100000, 0x00000000e5100000|100%| O|  |TAMS 0x00000000e5000000| PB 0x00000000e5000000| Untracked 
|  81|0x00000000e5100000, 0x00000000e5200000, 0x00000000e5200000|100%| O|  |TAMS 0x00000000e5100000| PB 0x00000000e5100000| Untracked 
|  82|0x00000000e5200000, 0x00000000e5300000, 0x00000000e5300000|100%| O|  |TAMS 0x00000000e5200000| PB 0x00000000e5200000| Untracked 
|  83|0x00000000e5300000, 0x00000000e5400000, 0x00000000e5400000|100%| O|  |TAMS 0x00000000e5300000| PB 0x00000000e5300000| Untracked 
|  84|0x00000000e5400000, 0x00000000e5500000, 0x00000000e5500000|100%| O|  |TAMS 0x00000000e5400000| PB 0x00000000e5400000| Untracked 
|  85|0x00000000e5500000, 0x00000000e5600000, 0x00000000e5600000|100%| O|  |TAMS 0x00000000e5500000| PB 0x00000000e5500000| Untracked 
|  86|0x00000000e5600000, 0x00000000e564f2c0, 0x00000000e5700000| 30%| O|  |TAMS 0x00000000e5600000| PB 0x00000000e5600000| Untracked 
|  87|0x00000000e5700000, 0x00000000e5700000, 0x00000000e5800000|  0%| F|  |TAMS 0x00000000e5700000| PB 0x00000000e5700000| Untracked 
|  88|0x00000000e5800000, 0x00000000e5800000, 0x00000000e5900000|  0%| F|  |TAMS 0x00000000e5800000| PB 0x00000000e5800000| Untracked 
|  89|0x00000000e5900000, 0x00000000e5900000, 0x00000000e5a00000|  0%| F|  |TAMS 0x00000000e5900000| PB 0x00000000e5900000| Untracked 
|  90|0x00000000e5a00000, 0x00000000e5ac7178, 0x00000000e5b00000| 77%| S|CS|TAMS 0x00000000e5a00000| PB 0x00000000e5a00000| Complete 
|  91|0x00000000e5b00000, 0x00000000e5c00000, 0x00000000e5c00000|100%| S|CS|TAMS 0x00000000e5b00000| PB 0x00000000e5b00000| Complete 
|  92|0x00000000e5c00000, 0x00000000e5d00000, 0x00000000e5d00000|100%| S|CS|TAMS 0x00000000e5c00000| PB 0x00000000e5c00000| Complete 
|  93|0x00000000e5d00000, 0x00000000e5e00000, 0x00000000e5e00000|100%| S|CS|TAMS 0x00000000e5d00000| PB 0x00000000e5d00000| Complete 
|  94|0x00000000e5e00000, 0x00000000e5e00000, 0x00000000e5f00000|  0%| F|  |TAMS 0x00000000e5e00000| PB 0x00000000e5e00000| Untracked 
|  95|0x00000000e5f00000, 0x00000000e5f00000, 0x00000000e6000000|  0%| F|  |TAMS 0x00000000e5f00000| PB 0x00000000e5f00000| Untracked 
|  96|0x00000000e6000000, 0x00000000e6000000, 0x00000000e6100000|  0%| F|  |TAMS 0x00000000e6000000| PB 0x00000000e6000000| Untracked 
|  97|0x00000000e6100000, 0x00000000e6100000, 0x00000000e6200000|  0%| F|  |TAMS 0x00000000e6100000| PB 0x00000000e6100000| Untracked 
|  98|0x00000000e6200000, 0x00000000e6200000, 0x00000000e6300000|  0%| F|  |TAMS 0x00000000e6200000| PB 0x00000000e6200000| Untracked 
|  99|0x00000000e6300000, 0x00000000e6300000, 0x00000000e6400000|  0%| F|  |TAMS 0x00000000e6300000| PB 0x00000000e6300000| Untracked 
| 100|0x00000000e6400000, 0x00000000e6400000, 0x00000000e6500000|  0%| F|  |TAMS 0x00000000e6400000| PB 0x00000000e6400000| Untracked 
| 101|0x00000000e6500000, 0x00000000e6500000, 0x00000000e6600000|  0%| F|  |TAMS 0x00000000e6500000| PB 0x00000000e6500000| Untracked 
| 102|0x00000000e6600000, 0x00000000e6600000, 0x00000000e6700000|  0%| F|  |TAMS 0x00000000e6600000| PB 0x00000000e6600000| Untracked 
| 103|0x00000000e6700000, 0x00000000e6700000, 0x00000000e6800000|  0%| F|  |TAMS 0x00000000e6700000| PB 0x00000000e6700000| Untracked 
| 104|0x00000000e6800000, 0x00000000e6800000, 0x00000000e6900000|  0%| F|  |TAMS 0x00000000e6800000| PB 0x00000000e6800000| Untracked 
| 105|0x00000000e6900000, 0x00000000e6900000, 0x00000000e6a00000|  0%| F|  |TAMS 0x00000000e6900000| PB 0x00000000e6900000| Untracked 
| 106|0x00000000e6a00000, 0x00000000e6a00000, 0x00000000e6b00000|  0%| F|  |TAMS 0x00000000e6a00000| PB 0x00000000e6a00000| Untracked 
| 107|0x00000000e6b00000, 0x00000000e6b00000, 0x00000000e6c00000|  0%| F|  |TAMS 0x00000000e6b00000| PB 0x00000000e6b00000| Untracked 
| 108|0x00000000e6c00000, 0x00000000e6c00000, 0x00000000e6d00000|  0%| F|  |TAMS 0x00000000e6c00000| PB 0x00000000e6c00000| Untracked 
| 109|0x00000000e6d00000, 0x00000000e6d00000, 0x00000000e6e00000|  0%| F|  |TAMS 0x00000000e6d00000| PB 0x00000000e6d00000| Untracked 
| 110|0x00000000e6e00000, 0x00000000e6e00000, 0x00000000e6f00000|  0%| F|  |TAMS 0x00000000e6e00000| PB 0x00000000e6e00000| Untracked 
| 111|0x00000000e6f00000, 0x00000000e6f00000, 0x00000000e7000000|  0%| F|  |TAMS 0x00000000e6f00000| PB 0x00000000e6f00000| Untracked 
| 112|0x00000000e7000000, 0x00000000e7000000, 0x00000000e7100000|  0%| F|  |TAMS 0x00000000e7000000| PB 0x00000000e7000000| Untracked 
| 113|0x00000000e7100000, 0x00000000e7100000, 0x00000000e7200000|  0%| F|  |TAMS 0x00000000e7100000| PB 0x00000000e7100000| Untracked 
| 114|0x00000000e7200000, 0x00000000e7200000, 0x00000000e7300000|  0%| F|  |TAMS 0x00000000e7200000| PB 0x00000000e7200000| Untracked 
| 115|0x00000000e7300000, 0x00000000e7300000, 0x00000000e7400000|  0%| F|  |TAMS 0x00000000e7300000| PB 0x00000000e7300000| Untracked 
| 116|0x00000000e7400000, 0x00000000e7400000, 0x00000000e7500000|  0%| F|  |TAMS 0x00000000e7400000| PB 0x00000000e7400000| Untracked 
| 117|0x00000000e7500000, 0x00000000e7500000, 0x00000000e7600000|  0%| F|  |TAMS 0x00000000e7500000| PB 0x00000000e7500000| Untracked 
| 118|0x00000000e7600000, 0x00000000e7600000, 0x00000000e7700000|  0%| F|  |TAMS 0x00000000e7600000| PB 0x00000000e7600000| Untracked 
| 119|0x00000000e7700000, 0x00000000e7700000, 0x00000000e7800000|  0%| F|  |TAMS 0x00000000e7700000| PB 0x00000000e7700000| Untracked 
| 120|0x00000000e7800000, 0x00000000e7800000, 0x00000000e7900000|  0%| F|  |TAMS 0x00000000e7800000| PB 0x00000000e7800000| Untracked 
| 121|0x00000000e7900000, 0x00000000e7900000, 0x00000000e7a00000|  0%| F|  |TAMS 0x00000000e7900000| PB 0x00000000e7900000| Untracked 
| 122|0x00000000e7a00000, 0x00000000e7ae9bb0, 0x00000000e7b00000| 91%| E|  |TAMS 0x00000000e7a00000| PB 0x00000000e7a00000| Complete 
| 123|0x00000000e7b00000, 0x00000000e7c00000, 0x00000000e7c00000|100%| E|CS|TAMS 0x00000000e7b00000| PB 0x00000000e7b00000| Complete 
| 124|0x00000000e7c00000, 0x00000000e7d00000, 0x00000000e7d00000|100%| E|CS|TAMS 0x00000000e7c00000| PB 0x00000000e7c00000| Complete 
| 125|0x00000000e7d00000, 0x00000000e7e00000, 0x00000000e7e00000|100%| E|CS|TAMS 0x00000000e7d00000| PB 0x00000000e7d00000| Complete 
| 126|0x00000000e7e00000, 0x00000000e7f00000, 0x00000000e7f00000|100%| E|CS|TAMS 0x00000000e7e00000| PB 0x00000000e7e00000| Complete 
| 127|0x00000000e7f00000, 0x00000000e8000000, 0x00000000e8000000|100%| E|CS|TAMS 0x00000000e7f00000| PB 0x00000000e7f00000| Complete 
| 128|0x00000000e8000000, 0x00000000e8100000, 0x00000000e8100000|100%| E|CS|TAMS 0x00000000e8000000| PB 0x00000000e8000000| Complete 
| 129|0x00000000e8100000, 0x00000000e8200000, 0x00000000e8200000|100%| E|CS|TAMS 0x00000000e8100000| PB 0x00000000e8100000| Complete 
| 130|0x00000000e8200000, 0x00000000e8300000, 0x00000000e8300000|100%| E|CS|TAMS 0x00000000e8200000| PB 0x00000000e8200000| Complete 
| 131|0x00000000e8300000, 0x00000000e8400000, 0x00000000e8400000|100%| E|CS|TAMS 0x00000000e8300000| PB 0x00000000e8300000| Complete 
| 132|0x00000000e8400000, 0x00000000e8500000, 0x00000000e8500000|100%| E|CS|TAMS 0x00000000e8400000| PB 0x00000000e8400000| Complete 
| 133|0x00000000e8500000, 0x00000000e8600000, 0x00000000e8600000|100%| E|CS|TAMS 0x00000000e8500000| PB 0x00000000e8500000| Complete 
| 134|0x00000000e8600000, 0x00000000e8700000, 0x00000000e8700000|100%| E|CS|TAMS 0x00000000e8600000| PB 0x00000000e8600000| Complete 
| 191|0x00000000ebf00000, 0x00000000ec000000, 0x00000000ec000000|100%| E|CS|TAMS 0x00000000ebf00000| PB 0x00000000ebf00000| Complete 
| 508|0x00000000ffc00000, 0x00000000ffd00000, 0x00000000ffd00000|100%| E|CS|TAMS 0x00000000ffc00000| PB 0x00000000ffc00000| Complete 
| 509|0x00000000ffd00000, 0x00000000ffe00000, 0x00000000ffe00000|100%| O|  |TAMS 0x00000000ffd00000| PB 0x00000000ffd00000| Untracked 
| 510|0x00000000ffe00000, 0x00000000fff00000, 0x00000000fff00000|100%| O|  |TAMS 0x00000000ffe00000| PB 0x00000000ffe00000| Untracked 
| 511|0x00000000fff00000, 0x0000000100000000, 0x0000000100000000|100%| E|CS|TAMS 0x00000000fff00000| PB 0x00000000fff00000| Complete 

Card table byte_map: [0x00007f4ca885b000,0x00007f4ca895b000] _byte_map_base: 0x00007f4ca815b000

Marking Bits: (CMBitMap*) 0x00007f4ca405fed0
 Bits: [0x00007f4ca8000000, 0x00007f4ca8800000)

Polling page: 0x00007f4caaa04000

Metaspace:

Usage:
  Non-class:     67.40 MB used.
      Class:      7.45 MB used.
       Both:     74.84 MB used.

Virtual space:
  Non-class space:      128.00 MB reserved,      69.56 MB ( 54%) committed,  2 nodes.
      Class space:        1.00 GB reserved,       9.19 MB ( <1%) committed,  1 nodes.
             Both:        1.12 GB reserved,      78.75 MB (  7%) committed. 

Chunk freelists:
   Non-Class:  10.39 MB
       Class:  6.79 MB
        Both:  17.17 MB

MaxMetaspaceSize: unlimited
CompressedClassSpaceSize: 1.00 GB
Initial GC threshold: 21.00 MB
Current GC threshold: 114.94 MB
CDS: on
 - commit_granule_bytes: 65536.
 - commit_granule_words: 8192.
 - virtual_space_node_default_size: 8388608.
 - enlarge_chunks_in_place: 1.
 - use_allocation_guard: 0.


Internal statistics:

num_allocs_failed_limit: 15.
num_arena_births: 6942.
num_arena_deaths: 2.
num_vsnodes_births: 3.
num_vsnodes_deaths: 0.
num_space_committed: 1257.
num_space_uncommitted: 0.
num_chunks_returned_to_freelist: 17.
num_chunks_taken_from_freelist: 10348.
num_chunk_merges: 15.
num_chunk_splits: 6888.
num_chunks_enlarged: 4021.
num_inconsistent_stats: 0.

CodeHeap 'non-profiled nmethods': size=120032Kb used=4735Kb max_used=4735Kb free=115297Kb
 bounds [0x00007f4c942c8000, 0x00007f4c94768000, 0x00007f4c9b800000]
CodeHeap 'profiled nmethods': size=120028Kb used=12444Kb max_used=12444Kb free=107583Kb
 bounds [0x00007f4c8c800000, 0x00007f4c8d430000, 0x00007f4c93d37000]
CodeHeap 'non-nmethods': size=5700Kb used=2414Kb max_used=2443Kb free=3285Kb
 bounds [0x00007f4c93d37000, 0x00007f4c93fa7000, 0x00007f4c942c8000]
CodeCache: size=245760Kb, used=19593Kb, max_used=19622Kb, free=226165Kb
 total_blobs=8083, nmethods=6748, adapters=1240, full_count=0
Compilation: enabled, stopped_count=0, restarted_count=0

Compilation events (20 events):
Event: 12.468 Thread 0x00007f4ca415a360 7678       3       java.lang.AbstractStringBuilder::appendChars (130 bytes)
Event: 12.469 Thread 0x00007f4ca415a360 nmethod 7678 0x00007f4c8d3f2690 code [0x00007f4c8d3f28a0, 0x00007f4c8d3f2df8]
Event: 12.469 Thread 0x00007f4ca415a360 7680   !   3       org.json.JSONArray::get (100 bytes)
Event: 12.469 Thread 0x00007f4ca415a360 nmethod 7680 0x00007f4c8d3f3090 code [0x00007f4c8d3f33e0, 0x00007f4c8d3f4318]
Event: 12.469 Thread 0x00007f4ca415a360 7676       3       android.os.SystemProperties::get (8 bytes)
Event: 12.470 Thread 0x00007f4c047f8110 nmethod 7657 0x00007f4c9475b690 code [0x00007f4c9475b860, 0x00007f4c9475bd38]
Event: 12.470 Thread 0x00007f4c047f8110 7681       4       java.util.concurrent.atomic.AtomicReferenceFieldUpdater$AtomicReferenceFieldUpdaterImpl::get (17 bytes)
Event: 12.471 Thread 0x00007f4c047f8110 nmethod 7681 0x00007f4c9475c190 code [0x00007f4c9475c320, 0x00007f4c9475c4a8]
Event: 12.471 Thread 0x00007f4c047f8110 7679       4       java.lang.Class::getCanonicalName (46 bytes)
Event: 12.472 Thread 0x00007f4ca415a360 nmethod 7676 0x00007f4c8d3f4a90 code [0x00007f4c8d3f4f40, 0x00007f4c8d3f7260]
Event: 12.472 Thread 0x00007f4ca415a360 7677       3       android.os.SystemProperties::$$robo$$android_os_SystemProperties$get (6 bytes)
Event: 12.474 Thread 0x00007f4ca415a360 nmethod 7677 0x00007f4c8d3f8010 code [0x00007f4c8d3f83c0, 0x00007f4c8d3f9b00]
Event: 12.474 Thread 0x00007f4ca415a360 7683       3       com.esotericsoftware.kryo.io.Output::writeInt (7 bytes)
Event: 12.474 Thread 0x00007f4ca415a360 nmethod 7683 0x00007f4c8d3fa490 code [0x00007f4c8d3fa640, 0x00007f4c8d3fa778]
Event: 12.474 Thread 0x00007f4ca415a360 7684       3       com.esotericsoftware.kryo.io.Output::writeVarInt (433 bytes)
Event: 12.474 Thread 0x00007f4ca415a360 nmethod 7684 0x00007f4c8d3fa810 code [0x00007f4c8d3faa60, 0x00007f4c8d3fb200]
Event: 12.474 Thread 0x00007f4ca415a360 7682       3       org.gradle.internal.serialize.kryo.KryoBackedEncoder::writeSmallInt (11 bytes)
Event: 12.475 Thread 0x00007f4ca415a360 nmethod 7682 0x00007f4c8d3fb590 code [0x00007f4c8d3fb740, 0x00007f4c8d3fb8e0]
Event: 12.475 Thread 0x00007f4ca415a360 7685       1       java.util.Collections$EmptyEnumeration::hasMoreElements (2 bytes)
Event: 12.475 Thread 0x00007f4ca415a360 nmethod 7685 0x00007f4c9475c610 code [0x00007f4c9475c7a0, 0x00007f4c9475c860]

GC Heap History (20 events):
Event: 7.283 GC heap before
{Heap before GC invocations=6 (full 0):
 garbage-first heap   total 124928K, used 93110K [0x00000000e0000000, 0x0000000100000000)
  region size 1024K, 32 young (32768K), 9 survivors (9216K)
 Metaspace       used 34783K, committed 36160K, reserved 1114112K
  class space    used 3517K, committed 4160K, reserved 1048576K
}
Event: 7.292 GC heap after
{Heap after GC invocations=7 (full 0):
 garbage-first heap   total 124928K, used 70739K [0x00000000e0000000, 0x0000000100000000)
  region size 1024K, 7 young (7168K), 7 survivors (7168K)
 Metaspace       used 34783K, committed 36160K, reserved 1114112K
  class space    used 3517K, committed 4160K, reserved 1048576K
}
Event: 7.308 GC heap before
{Heap before GC invocations=7 (full 0):
 garbage-first heap   total 124928K, used 71763K [0x00000000e0000000, 0x0000000100000000)
  region size 1024K, 9 young (9216K), 7 survivors (7168K)
 Metaspace       used 35045K, committed 36480K, reserved 1114112K
  class space    used 3527K, committed 4160K, reserved 1048576K
}
Event: 7.312 GC heap after
{Heap after GC invocations=8 (full 0):
 garbage-first heap   total 124928K, used 71991K [0x00000000e0000000, 0x0000000100000000)
  region size 1024K, 1 young (1024K), 1 survivors (1024K)
 Metaspace       used 35045K, committed 36480K, reserved 1114112K
  class space    used 3527K, committed 4160K, reserved 1048576K
}
Event: 7.755 GC heap before
{Heap before GC invocations=9 (full 0):
 garbage-first heap   total 124928K, used 101687K [0x00000000e0000000, 0x0000000100000000)
  region size 1024K, 32 young (32768K), 1 survivors (1024K)
 Metaspace       used 41292K, committed 42944K, reserved 1114112K
  class space    used 3984K, committed 4736K, reserved 1048576K
}
Event: 7.758 GC heap after
{Heap after GC invocations=10 (full 0):
 garbage-first heap   total 124928K, used 72962K [0x00000000e0000000, 0x0000000100000000)
  region size 1024K, 3 young (3072K), 3 survivors (3072K)
 Metaspace       used 41292K, committed 42944K, reserved 1114112K
  class space    used 3984K, committed 4736K, reserved 1048576K
}
Event: 8.256 GC heap before
{Heap before GC invocations=10 (full 0):
 garbage-first heap   total 124928K, used 105730K [0x00000000e0000000, 0x0000000100000000)
  region size 1024K, 36 young (36864K), 3 survivors (3072K)
 Metaspace       used 46330K, committed 48960K, reserved 1114112K
  class space    used 4668K, committed 5824K, reserved 1048576K
}
Event: 8.262 GC heap after
{Heap after GC invocations=11 (full 0):
 garbage-first heap   total 124928K, used 75177K [0x00000000e0000000, 0x0000000100000000)
  region size 1024K, 5 young (5120K), 5 survivors (5120K)
 Metaspace       used 46330K, committed 48960K, reserved 1114112K
  class space    used 4668K, committed 5824K, reserved 1048576K
}
Event: 8.550 GC heap before
{Heap before GC invocations=11 (full 0):
 garbage-first heap   total 124928K, used 97705K [0x00000000e0000000, 0x0000000100000000)
  region size 1024K, 29 young (29696K), 5 survivors (5120K)
 Metaspace       used 50372K, committed 53120K, reserved 1114112K
  class space    used 5032K, committed 6208K, reserved 1048576K
}
Event: 8.556 GC heap after
{Heap after GC invocations=12 (full 0):
 garbage-first heap   total 124928K, used 78044K [0x00000000e0000000, 0x0000000100000000)
  region size 1024K, 3 young (3072K), 3 survivors (3072K)
 Metaspace       used 50372K, committed 53120K, reserved 1114112K
  class space    used 5032K, committed 6208K, reserved 1048576K
}
Event: 8.952 GC heap before
{Heap before GC invocations=13 (full 0):
 garbage-first heap   total 133120K, used 109788K [0x00000000e0000000, 0x0000000100000000)
  region size 1024K, 34 young (34816K), 3 survivors (3072K)
 Metaspace       used 56241K, committed 59072K, reserved 1114112K
  class space    used 5554K, committed 6784K, reserved 1048576K
}
Event: 8.956 GC heap after
{Heap after GC invocations=14 (full 0):
 garbage-first heap   total 133120K, used 78303K [0x00000000e0000000, 0x0000000100000000)
  region size 1024K, 3 young (3072K), 3 survivors (3072K)
 Metaspace       used 56241K, committed 59072K, reserved 1114112K
  class space    used 5554K, committed 6784K, reserved 1048576K
}
Event: 9.415 GC heap before
{Heap before GC invocations=14 (full 0):
 garbage-first heap   total 133120K, used 120287K [0x00000000e0000000, 0x0000000100000000)
  region size 1024K, 44 young (45056K), 3 survivors (3072K)
 Metaspace       used 63431K, committed 66688K, reserved 1114112K
  class space    used 6238K, committed 7680K, reserved 1048576K
}
Event: 9.422 GC heap after
{Heap after GC invocations=15 (full 0):
 garbage-first heap   total 133120K, used 80864K [0x00000000e0000000, 0x0000000100000000)
  region size 1024K, 6 young (6144K), 6 survivors (6144K)
 Metaspace       used 63431K, committed 66688K, reserved 1114112K
  class space    used 6238K, committed 7680K, reserved 1048576K
}
Event: 9.843 GC heap before
{Heap before GC invocations=15 (full 0):
 garbage-first heap   total 133120K, used 119776K [0x00000000e0000000, 0x0000000100000000)
  region size 1024K, 45 young (46080K), 6 survivors (6144K)
 Metaspace       used 67132K, committed 70336K, reserved 1114112K
  class space    used 6566K, committed 8000K, reserved 1048576K
}
Event: 9.863 GC heap after
{Heap after GC invocations=16 (full 0):
 garbage-first heap   total 133120K, used 84466K [0x00000000e0000000, 0x0000000100000000)
  region size 1024K, 4 young (4096K), 4 survivors (4096K)
 Metaspace       used 67132K, committed 70336K, reserved 1114112K
  class space    used 6566K, committed 8000K, reserved 1048576K
}
Event: 10.686 GC heap before
{Heap before GC invocations=17 (full 0):
 garbage-first heap   total 143360K, used 119282K [0x00000000e0000000, 0x0000000100000000)
  region size 1024K, 39 young (39936K), 4 survivors (4096K)
 Metaspace       used 72453K, committed 76416K, reserved 1179648K
  class space    used 7219K, committed 8960K, reserved 1048576K
}
Event: 10.693 GC heap after
{Heap after GC invocations=18 (full 0):
 garbage-first heap   total 143360K, used 89902K [0x00000000e0000000, 0x0000000100000000)
  region size 1024K, 5 young (5120K), 5 survivors (5120K)
 Metaspace       used 72453K, committed 76416K, reserved 1179648K
  class space    used 7219K, committed 8960K, reserved 1048576K
}
Event: 12.348 GC heap before
{Heap before GC invocations=18 (full 0):
 garbage-first heap   total 143360K, used 127790K [0x00000000e0000000, 0x0000000100000000)
  region size 1024K, 43 young (44032K), 5 survivors (5120K)
 Metaspace       used 76257K, committed 80320K, reserved 1179648K
  class space    used 7580K, committed 9344K, reserved 1048576K
}
Event: 12.356 GC heap after
{Heap after GC invocations=19 (full 0):
 garbage-first heap   total 143360K, used 93149K [0x00000000e0000000, 0x0000000100000000)
  region size 1024K, 4 young (4096K), 4 survivors (4096K)
 Metaspace       used 76257K, committed 80320K, reserved 1179648K
  class space    used 7580K, committed 9344K, reserved 1048576K
}

Dll operation events (20 events):
Event: 0.057 Attempting to load shared library /usr/lib/jvm/temurin-21-jdk-amd64/lib/libjsvml.so
Event: 0.057 Loaded shared library /usr/lib/jvm/temurin-21-jdk-amd64/lib/libjsvml.so
Event: 0.136 Attempting to load shared library /usr/lib/jvm/temurin-21-jdk-amd64/lib/libnio.so
Event: 0.137 Loaded shared library /usr/lib/jvm/temurin-21-jdk-amd64/lib/libnio.so
Event: 0.143 Attempting to load shared library /usr/lib/jvm/temurin-21-jdk-amd64/lib/libzip.so
Event: 0.143 Loaded shared library /usr/lib/jvm/temurin-21-jdk-amd64/lib/libzip.so
Event: 0.237 Attempting to load shared library /usr/lib/jvm/temurin-21-jdk-amd64/lib/libjimage.so
Event: 0.237 Loaded shared library /usr/lib/jvm/temurin-21-jdk-amd64/lib/libjimage.so
Event: 0.294 Attempting to load shared library /usr/lib/jvm/temurin-21-jdk-amd64/lib/libnet.so
Event: 0.294 Loaded shared library /usr/lib/jvm/temurin-21-jdk-amd64/lib/libnet.so
Event: 0.657 Attempting to load shared library /usr/lib/jvm/temurin-21-jdk-amd64/lib/libextnet.so
Event: 0.657 Loaded shared library /usr/lib/jvm/temurin-21-jdk-amd64/lib/libextnet.so
Event: 0.738 Attempting to load shared library /usr/lib/jvm/temurin-21-jdk-amd64/lib/libverify.so
Event: 0.738 Loaded shared library /usr/lib/jvm/temurin-21-jdk-amd64/lib/libverify.so
Event: 5.531 Attempting to load shared library /tmp/libconscrypt_openjdk_jni-linux-x86_6417878624731280000.so
Event: 5.533 Loaded shared library /tmp/libconscrypt_openjdk_jni-linux-x86_6417878624731280000.so
Event: 10.453 Attempting to load shared library /tmp/16854219240377988879/libsqlite4java.so
Event: 10.454 Loaded shared library /tmp/16854219240377988879/libsqlite4java.so
Event: 11.638 Attempting to load shared library /tmp/robolectric-nativeruntime7249822636499081606/librobolectric-nativeruntime.so
Event: 11.643 Loaded shared library /tmp/robolectric-nativeruntime7249822636499081606/librobolectric-nativeruntime.so

Deoptimization events (20 events):
Event: 12.409 Thread 0x00007f4ca478f590 DEOPT PACKING pc=0x00007f4c8d0788c1 sp=0x00007f4c7ca3d0c0
Event: 12.409 Thread 0x00007f4ca478f590 DEOPT UNPACKING pc=0x00007f4c93d8b72f sp=0x00007f4c7ca3c558 mode 0
Event: 12.410 Thread 0x00007f4ca478f590 DEOPT PACKING pc=0x00007f4c8d0788c1 sp=0x00007f4c7ca3cdf0
Event: 12.410 Thread 0x00007f4ca478f590 DEOPT UNPACKING pc=0x00007f4c93d8b72f sp=0x00007f4c7ca3c288 mode 0
Event: 12.414 Thread 0x00007f4bc42731d0 DEOPT PACKING pc=0x00007f4c8d0788c1 sp=0x00007f4c28ffe180
Event: 12.414 Thread 0x00007f4bc42731d0 DEOPT UNPACKING pc=0x00007f4c93d8b72f sp=0x00007f4c28ffd618 mode 0
Event: 12.418 Thread 0x00007f4bc4272210 DEOPT PACKING pc=0x00007f4c8d0788c1 sp=0x00007f4c7c63e180
Event: 12.418 Thread 0x00007f4bc4272210 DEOPT UNPACKING pc=0x00007f4c93d8b72f sp=0x00007f4c7c63d618 mode 0
Event: 12.448 Thread 0x00007f4ca49e3430 DEOPT PACKING pc=0x00007f4c8cc38bfd sp=0x00007f4c7cf3ed90
Event: 12.448 Thread 0x00007f4ca49e3430 DEOPT UNPACKING pc=0x00007f4c93d8b72f sp=0x00007f4c7cf3e228 mode 0
Event: 12.448 Thread 0x00007f4ca49e3430 DEOPT PACKING pc=0x00007f4c8cc38bfd sp=0x00007f4c7cf3efa0
Event: 12.448 Thread 0x00007f4ca49e3430 DEOPT UNPACKING pc=0x00007f4c93d8b72f sp=0x00007f4c7cf3e438 mode 0
Event: 12.457 Thread 0x00007f4ca49e3430 DEOPT PACKING pc=0x00007f4c8cc38bfd sp=0x00007f4c7cf3e110
Event: 12.457 Thread 0x00007f4ca49e3430 DEOPT UNPACKING pc=0x00007f4c93d8b72f sp=0x00007f4c7cf3d5a8 mode 0
Event: 12.470 Thread 0x00007f4bf401caf0 Uncommon trap: trap_request=0xffffff66 fr.pc=0x00007f4c9468e524 relative=0x0000000000000144
Event: 12.470 Thread 0x00007f4bf401caf0 Uncommon trap: reason=speculate_class_check action=maybe_recompile pc=0x00007f4c9468e524 method=java.lang.invoke.LambdaForm$MH/0x00007f4c3023f400.invoke(Ljava/lang/Object;Ljava/lang/Object;I)I @ 27 c2
Event: 12.470 Thread 0x00007f4bf401caf0 DEOPT PACKING pc=0x00007f4c9468e524 sp=0x00007f4c28efbfb0
Event: 12.470 Thread 0x00007f4bf401caf0 DEOPT UNPACKING pc=0x00007f4c93d8af99 sp=0x00007f4c28efbf40 mode 2
Event: 12.471 Thread 0x00007f4bf401caf0 DEOPT PACKING pc=0x00007f4c8d33d7b4 sp=0x00007f4c28efc990
Event: 12.471 Thread 0x00007f4bf401caf0 DEOPT UNPACKING pc=0x00007f4c93d8b72f sp=0x00007f4c28efbe18 mode 0

Classes loaded (20 events):
Event: 10.997 Loading class java/util/Collections$EmptyListIterator
Event: 10.997 Loading class java/util/Collections$EmptyListIterator done
Event: 11.647 Loading class java/awt/Shape
Event: 11.649 Loading class java/awt/Shape done
Event: 11.649 Loading class java/awt/image/Raster
Event: 11.651 Loading class java/awt/image/Raster done
Event: 11.651 Loading class java/awt/image/WritableRaster
Event: 11.651 Loading class java/awt/image/WritableRaster done
Event: 11.723 Loading class jdk/internal/loader/NativeLibraries$Unloader
Event: 11.724 Loading class jdk/internal/loader/NativeLibraries$Unloader done
Event: 12.385 Loading class java/util/ArrayDeque$DeqSpliterator
Event: 12.385 Loading class java/util/ArrayDeque$DeqSpliterator done
Event: 12.385 Loading class java/util/stream/SliceOps
Event: 12.386 Loading class java/util/stream/SliceOps done
Event: 12.386 Loading class java/util/stream/SliceOps$1
Event: 12.386 Loading class java/util/stream/SliceOps$1 done
Event: 12.388 Loading class java/util/stream/SliceOps$1$1
Event: 12.388 Loading class java/util/stream/SliceOps$1$1 done
Event: 12.407 Loading class java/lang/Throwable$WrappedPrintStream
Event: 12.407 Loading class java/lang/Throwable$WrappedPrintStream done

Classes unloaded (1 events):
Event: 7.359 Thread 0x00007f4ca41484a0 Unloading class 0x00007f4c301c9000 'java/lang/invoke/LambdaForm$MH+0x00007f4c301c9000'

Classes redefined (0 events):
No events

Internal exceptions (20 events):
Event: 11.725 Thread 0x00007f4bcc17a8c0 Exception <a 'java/lang/NoSuchMethodError'{0x00000000e5f98478}: 'java.lang.Object java.lang.invoke.DirectMethodHandle$Holder.invokeStatic(java.lang.Object, java.lang.Object, int, java.lang.Object, int, int, int, int)'> (0x00000000e5f98478) 
thrown [src/hotspot/share/interpreter/linkResolver.cpp, line 772]
Event: 11.725 Thread 0x00007f4bc41e7fd0 Exception <a 'java/lang/NoSuchMethodError'{0x00000000e5fae6b8}: 'java.lang.Object java.lang.invoke.DirectMethodHandle$Holder.invokeStatic(java.lang.Object, java.lang.Object, int, java.lang.Object, int, int, int, int)'> (0x00000000e5fae6b8) 
thrown [src/hotspot/share/interpreter/linkResolver.cpp, line 772]
Event: 11.726 Thread 0x00007f4bcc17a8c0 Exception <a 'java/lang/NoSuchMethodError'{0x00000000e5f9f400}: 'java.lang.Object java.lang.invoke.DirectMethodHandle$Holder.newInvokeSpecial(java.lang.Object, java.lang.Object, int, java.lang.Object, int, int, int, int)'> (0x00000000e5f9f400) 
thrown [src/hotspot/share/interpreter/linkResolver.cpp, line 772]
Event: 11.726 Thread 0x00007f4bc41e7fd0 Exception <a 'java/lang/NoSuchMethodError'{0x00000000e5fb54f8}: 'java.lang.Object java.lang.invoke.DirectMethodHandle$Holder.newInvokeSpecial(java.lang.Object, java.lang.Object, int, java.lang.Object, int, int, int, int)'> (0x00000000e5fb54f8) 
thrown [src/hotspot/share/interpreter/linkResolver.cpp, line 772]
Event: 12.264 Thread 0x00007f4bcc17a8c0 Exception <a 'java/lang/NoSuchMethodError'{0x00000000e5e0dc18}: 'int java.lang.invoke.DirectMethodHandle$Holder.invokeStatic(java.lang.Object, java.lang.Object, int, int, int)'> (0x00000000e5e0dc18) 
thrown [src/hotspot/share/interpreter/linkResolver.cpp, line 772]
Event: 12.279 Thread 0x00007f4bc41e7fd0 Exception <a 'java/lang/NoSuchMethodError'{0x00000000e5e32fe0}: 'int java.lang.invoke.DelegatingMethodHandle$Holder.delegate(java.lang.Object, java.lang.Object, int, int, java.lang.Object, int)'> (0x00000000e5e32fe0) 
thrown [src/hotspot/share/interpreter/linkResolver.cpp, line 772]
Event: 12.279 Thread 0x00007f4bc41e7fd0 Exception <a 'java/lang/NoSuchMethodError'{0x00000000e5e50440}: 'int java.lang.invoke.DelegatingMethodHandle$Holder.delegate(java.lang.Object, long, int, int, java.lang.Object, int)'> (0x00000000e5e50440) 
thrown [src/hotspot/share/interpreter/linkResolver.cpp, line 772]
Event: 12.335 Thread 0x00007f4bcc17a8c0 Exception <a 'java/lang/NoSuchMethodError'{0x00000000e5ed3860}: 'void java.lang.invoke.DelegatingMethodHandle$Holder.delegate(java.lang.Object, long, long, int, java.lang.Object)'> (0x00000000e5ed3860) 
thrown [src/hotspot/share/interpreter/linkResolver.cpp, line 772]
Event: 12.338 Thread 0x00007f4bcc17a8c0 Exception <a 'java/lang/NoSuchMethodError'{0x00000000e5ed8ca8}: 'void java.lang.invoke.DelegatingMethodHandle$Holder.delegate(java.lang.Object, java.lang.Object, int, long)'> (0x00000000e5ed8ca8) 
thrown [src/hotspot/share/interpreter/linkResolver.cpp, line 772]
Event: 12.339 Thread 0x00007f4bcc17a8c0 Exception <a 'java/lang/NoSuchMethodError'{0x00000000e5edc788}: 'void java.lang.invoke.DelegatingMethodHandle$Holder.delegate(java.lang.Object, long, long, int, long)'> (0x00000000e5edc788) 
thrown [src/hotspot/share/interpreter/linkResolver.cpp, line 772]
Event: 12.382 Thread 0x00007f4c009efc30 Exception <a 'java/lang/NoSuchMethodError'{0x00000000fff32240}: 'java.lang.Object java.lang.invoke.DelegatingMethodHandle$Holder.delegate(java.lang.Object, long, long)'> (0x00000000fff32240) 
thrown [src/hotspot/share/interpreter/linkResolver.cpp, line 772]
Event: 12.384 Thread 0x00007f4bc41e7fd0 Exception <a 'java/lang/NoSuchMethodError'{0x00000000fffed868}: 'java.lang.Object java.lang.invoke.DirectMethodHandle$Holder.invokeVirtual(java.lang.Object, java.lang.Object, java.lang.Object, int, int)'> (0x00000000fffed868) 
thrown [src/hotspot/share/interpreter/linkResolver.cpp, line 772]
Event: 12.385 Thread 0x00007f4bc41e7fd0 Exception <a 'java/lang/NoSuchMethodError'{0x00000000ffff0fb8}: 'java.lang.Object java.lang.invoke.DelegatingMethodHandle$Holder.reinvoke_L(java.lang.Object, java.lang.Object, java.lang.Object, int, int)'> (0x00000000ffff0fb8) 
thrown [src/hotspot/share/interpreter/linkResolver.cpp, line 772]
Event: 12.394 Thread 0x00007f4bcc17a8c0 Exception <a 'java/lang/NoSuchMethodError'{0x00000000fff64e28}: 'int java.lang.invoke.DirectMethodHandle$Holder.invokeStatic(java.lang.Object, long, int, int)'> (0x00000000fff64e28) 
thrown [src/hotspot/share/interpreter/linkResolver.cpp, line 772]
Event: 12.395 Thread 0x00007f4bcc17a8c0 Exception <a 'java/lang/NoSuchMethodError'{0x00000000ffc7a8e8}: 'int java.lang.invoke.Invokers$Holder.exactInvoker(java.lang.Object, java.lang.Object, long, int, int)'> (0x00000000ffc7a8e8) 
thrown [src/hotspot/share/interpreter/linkResolver.cpp, line 772]
Event: 12.396 Thread 0x00007f4bcc17a8c0 Exception <a 'java/lang/NoSuchMethodError'{0x00000000ffc81aa8}: 'int java.lang.invoke.DelegatingMethodHandle$Holder.delegate(java.lang.Object, java.lang.Object, long, int, int)'> (0x00000000ffc81aa8) 
thrown [src/hotspot/share/interpreter/linkResolver.cpp, line 772]
Event: 12.397 Thread 0x00007f4bcc17a8c0 Exception <a 'java/lang/NoSuchMethodError'{0x00000000ffc91f80}: 'long java.lang.invoke.DelegatingMethodHandle$Holder.delegate(java.lang.Object, long, int, int)'> (0x00000000ffc91f80) 
thrown [src/hotspot/share/interpreter/linkResolver.cpp, line 772]
Event: 12.459 Thread 0x00007f4ca49e3430 Exception <a 'sun/nio/fs/UnixException'{0x00000000e82bdd38}> (0x00000000e82bdd38) 
thrown [src/hotspot/share/prims/jni.cpp, line 520]
Event: 12.462 Thread 0x00007f4ca49e3430 Exception <a 'java/lang/NoSuchMethodError'{0x00000000e82c54f0}: 'int java.lang.invoke.DelegatingMethodHandle$Holder.delegate(java.lang.Object, float)'> (0x00000000e82c54f0) 
thrown [src/hotspot/share/interpreter/linkResolver.cpp, line 772]
Event: 12.472 Thread 0x00007f4bf401caf0 Exception <a 'java/lang/NoSuchMethodError'{0x00000000ebffcc68}: 'java.lang.Object java.lang.invoke.DirectMethodHandle$Holder.newInvokeSpecial(java.lang.Object, long, long)'> (0x00000000ebffcc68) 
thrown [src/hotspot/share/interpreter/linkResolver.cpp, line 772]

ZGC Phase Switch (0 events):
No events

VM Operations (20 events):
Event: 10.683 Executing safepoint VM operation: G1CollectForAllocation (G1 Evacuation Pause)
Event: 10.686 Executing safepoint VM operation: G1CollectForAllocation (G1 Evacuation Pause) done
Event: 10.686 Executing safepoint VM operation: G1CollectForAllocation (GCLocker Initiated GC)
Event: 10.693 Executing safepoint VM operation: G1CollectForAllocation (GCLocker Initiated GC) done
Event: 10.721 Executing non-safepoint VM operation: HandshakeAllThreads (Deoptimize)
Event: 10.721 Executing non-safepoint VM operation: HandshakeAllThreads (Deoptimize) done
Event: 10.757 Executing non-safepoint VM operation: HandshakeAllThreads (Deoptimize)
Event: 10.757 Executing non-safepoint VM operation: HandshakeAllThreads (Deoptimize) done
Event: 10.896 Executing non-safepoint VM operation: HandshakeAllThreads (Deoptimize)
Event: 10.896 Executing non-safepoint VM operation: HandshakeAllThreads (Deoptimize) done
Event: 10.971 Executing non-safepoint VM operation: HandshakeAllThreads (Deoptimize)
Event: 10.971 Executing non-safepoint VM operation: HandshakeAllThreads (Deoptimize) done
Event: 11.972 Executing safepoint VM operation: Cleanup
Event: 11.972 Executing safepoint VM operation: Cleanup done
Event: 12.348 Executing safepoint VM operation: G1CollectForAllocation (G1 Evacuation Pause)
Event: 12.356 Executing safepoint VM operation: G1CollectForAllocation (G1 Evacuation Pause) done
Event: 12.387 Executing non-safepoint VM operation: HandshakeAllThreads (Deoptimize)
Event: 12.387 Executing non-safepoint VM operation: HandshakeAllThreads (Deoptimize) done
Event: 12.471 Executing non-safepoint VM operation: HandshakeAllThreads (Deoptimize)
Event: 12.471 Executing non-safepoint VM operation: HandshakeAllThreads (Deoptimize) done

Memory protections (20 events):
Event: 8.498 Protecting memory [0x00007f4c2af00000,0x00007f4c2af04000] with protection modes 0
Event: 8.499 Protecting memory [0x00007f4c2a900000,0x00007f4c2a904000] with protection modes 0
Event: 9.004 Protecting memory [0x00007f4c2a800000,0x00007f4c2a804000] with protection modes 0
Event: 9.087 Protecting memory [0x00007f4c2a700000,0x00007f4c2a704000] with protection modes 0
Event: 9.569 Protecting memory [0x00007f4c2a600000,0x00007f4c2a604000] with protection modes 0
Event: 9.699 Protecting memory [0x00007f4c2a500000,0x00007f4c2a504000] with protection modes 0
Event: 10.411 Protecting memory [0x00007f4c2a400000,0x00007f4c2a404000] with protection modes 0
Event: 10.442 Protecting memory [0x00007f4c2a300000,0x00007f4c2a304000] with protection modes 0
Event: 10.445 Protecting memory [0x00007f4c2a200000,0x00007f4c2a204000] with protection modes 0
Event: 10.458 Protecting memory [0x00007f4c2a100000,0x00007f4c2a104000] with protection modes 0
Event: 10.926 Protecting memory [0x00007f4c2a100000,0x00007f4c2a104000] with protection modes 0
Event: 11.048 Protecting memory [0x00007f4c2a100000,0x00007f4c2a104000] with protection modes 0
Event: 12.389 Protecting memory [0x00007f4c7c540000,0x00007f4c7c544000] with protection modes 0
Event: 12.405 Protecting memory [0x00007f4c2a100000,0x00007f4c2a104000] with protection modes 0
Event: 12.408 Protecting memory [0x00007f4c28f00000,0x00007f4c28f04000] with protection modes 0
Event: 12.411 Protecting memory [0x00007f4c29000000,0x00007f4c29004000] with protection modes 0
Event: 12.415 Protecting memory [0x00007f4c28e00000,0x00007f4c28e04000] with protection modes 0
Event: 12.417 Protecting memory [0x00007f4c28d00000,0x00007f4c28d04000] with protection modes 0
Event: 12.421 Protecting memory [0x00007f4c28c00000,0x00007f4c28c04000] with protection modes 0
Event: 12.468 Protecting memory [0x00007f4c28f00000,0x00007f4c28f04000] with protection modes 0

Nmethod flushes (20 events):
Event: 9.935 Thread 0x00007f4ca41484a0 flushing  nmethod 0x00007f4c8ca36990
Event: 9.935 Thread 0x00007f4ca41484a0 flushing  nmethod 0x00007f4c8ca3f690
Event: 9.935 Thread 0x00007f4ca41484a0 flushing  nmethod 0x00007f4c8ca7b690
Event: 9.935 Thread 0x00007f4ca41484a0 flushing  nmethod 0x00007f4c8ca7d010
Event: 9.935 Thread 0x00007f4ca41484a0 flushing  nmethod 0x00007f4c8caad090
Event: 9.935 Thread 0x00007f4ca41484a0 flushing  nmethod 0x00007f4c8cae5390
Event: 9.935 Thread 0x00007f4ca41484a0 flushing  nmethod 0x00007f4c8cb76c10
Event: 9.935 Thread 0x00007f4ca41484a0 flushing  nmethod 0x00007f4c8cbff290
Event: 9.935 Thread 0x00007f4ca41484a0 flushing  nmethod 0x00007f4c8cc5fc90
Event: 9.935 Thread 0x00007f4ca41484a0 flushing  nmethod 0x00007f4c8ccbd890
Event: 9.935 Thread 0x00007f4ca41484a0 flushing  nmethod 0x00007f4c8cd4ab90
Event: 9.935 Thread 0x00007f4ca41484a0 flushing  nmethod 0x00007f4c8cd4eb10
Event: 9.935 Thread 0x00007f4ca41484a0 flushing  nmethod 0x00007f4c8cd4f790
Event: 9.935 Thread 0x00007f4ca41484a0 flushing  nmethod 0x00007f4c8cd50110
Event: 9.935 Thread 0x00007f4ca41484a0 flushing  nmethod 0x00007f4c8cd82410
Event: 9.935 Thread 0x00007f4ca41484a0 flushing  nmethod 0x00007f4c8cd89a10
Event: 9.935 Thread 0x00007f4ca41484a0 flushing  nmethod 0x00007f4c8cdafd10
Event: 9.935 Thread 0x00007f4ca41484a0 flushing  nmethod 0x00007f4c8cdb2490
Event: 9.935 Thread 0x00007f4ca41484a0 flushing  nmethod 0x00007f4c8cdb3b10
Event: 9.935 Thread 0x00007f4ca41484a0 flushing  nmethod 0x00007f4c8cebef90

Events (20 events):
Event: 10.443 Thread 0x00007f4ca49e3430 Thread added: 0x00007f4c00140630
Event: 10.458 Thread 0x00007f4c009efc30 Thread added: 0x00007f4bd8419060
Event: 10.761 Thread 0x00007f4bd8419060 Thread exited: 0x00007f4bd8419060
Event: 10.926 Thread 0x00007f4c00140630 Thread added: 0x00007f4be00d6650
Event: 10.979 Thread 0x00007f4be00d6650 Thread exited: 0x00007f4be00d6650
Event: 11.048 Thread 0x00007f4c00140630 Thread added: 0x00007f4be00d6650
Event: 11.266 Thread 0x00007f4c044f38b0 Thread exited: 0x00007f4c044f38b0
Event: 12.389 Thread 0x00007f4bc41e7fd0 Thread added: 0x00007f4bc4272210
Event: 12.404 Thread 0x00007f4be00d6650 Thread exited: 0x00007f4be00d6650
Event: 12.405 Thread 0x00007f4bc4272210 Thread added: 0x00007f4bf000cc90
Event: 12.407 Thread 0x00007f4bf000cc90 Thread added: 0x00007f4bec014870
Event: 12.408 Thread 0x00007f4bc41e7fd0 Thread added: 0x00007f4bc42731d0
Event: 12.413 Thread 0x00007f4bc42731d0 Thread added: 0x00007f4bf401caf0
Event: 12.416 Thread 0x00007f4bc4272210 Thread added: 0x00007f4bf000d9b0
Event: 12.418 Thread 0x00007f4bc4272210 Thread exited: 0x00007f4bc4272210
Event: 12.419 Thread 0x00007f4bf000cc90 Thread exited: 0x00007f4bf000cc90
Event: 12.419 Thread 0x00007f4bc41e7fd0 Thread exited: 0x00007f4bc41e7fd0
Event: 12.419 Thread 0x00007f4ca415a360 Thread added: 0x00007f4c047f8110
Event: 12.422 Thread 0x00007f4bc42731d0 Thread exited: 0x00007f4bc42731d0
Event: 12.468 Thread 0x00007f4bcc17def0 Thread added: 0x00007f4bd00017e0


Dynamic libraries:
e0000000-e8700000 rw-p 00000000 00:00 0 
e8700000-ebf00000 ---p 00000000 00:00 0 
ebf00000-ec000000 rw-p 00000000 00:00 0 
ec000000-ffc00000 ---p 00000000 00:00 0 
ffc00000-ffe00000 rw-p 00000000 00:00 0 
ffe00000-fff0d000 rw-p 00cdb000 00:1e 982                                /usr/lib/jvm/temurin-21-jdk-amd64/lib/server/classes.jsa
fff0d000-100000000 rw-p 00000000 00:00 0 
562f40aaf000-562f40ab0000 r-xp 00000000 00:1e 962                        /usr/lib/jvm/temurin-21-jdk-amd64/bin/java
562f40ab1000-562f40ab2000 r--p 00001000 00:1e 962                        /usr/lib/jvm/temurin-21-jdk-amd64/bin/java
562f40ab2000-562f40ab3000 rw-p 00002000 00:1e 962                        /usr/lib/jvm/temurin-21-jdk-amd64/bin/java
562f40ab3000-562f40c36000 rw-p 00000000 00:00 0                          [heap]
7f16b56d4000-7f16b5ed4000 rw-p 00000000 00:00 0                          [stack]
7f4bc276d000-7f4bc4000000 r--p 00000000 00:18 492                        /tmp/robolectric-nativeruntime7249822636499081606/icu/icudt68l.dat
7f4bc4000000-7f4bc4277000 rw-p 00000000 00:00 0 
7f4bc4277000-7f4bc8000000 ---p 00000000 00:00 0 
7f4bc8000000-7f4bc83f0000 rw-p 00000000 00:00 0 
7f4bc83f0000-7f4bc8400000 ---p 00000000 00:00 0 
7f4bc8400000-7f4bc85a0000 rw-p 00000000 00:00 0 
7f4bc85a0000-7f4bcc000000 ---p 00000000 00:00 0 
7f4bcc000000-7f4bcc21d000 rw-p 00000000 00:00 0 
7f4bcc21d000-7f4bd0000000 ---p 00000000 00:00 0 
7f4bd0000000-7f4bd0021000 rw-p 00000000 00:00 0 
7f4bd0021000-7f4bd4000000 ---p 00000000 00:00 0 
7f4bd4000000-7f4bd40c1000 rw-p 00000000 00:00 0 
7f4bd40c1000-7f4bd8000000 ---p 00000000 00:00 0 
7f4bd8000000-7f4bd915f000 rw-p 00000000 00:00 0 
7f4bd915f000-7f4bdc000000 ---p 00000000 00:00 0 
7f4bdc000000-7f4bdc1bb000 rw-p 00000000 00:00 0 
7f4bdc1bb000-7f4be0000000 ---p 00000000 00:00 0 
7f4be0000000-7f4be00fe000 rw-p 00000000 00:00 0 
7f4be00fe000-7f4be4000000 ---p 00000000 00:00 0 
7f4be4000000-7f4be41b5000 rw-p 00000000 00:00 0 
7f4be41b5000-7f4be8000000 ---p 00000000 00:00 0 
7f4be8000000-7f4be8069000 rw-p 00000000 00:00 0 
7f4be8069000-7f4bec000000 ---p 00000000 00:00 0 
7f4bec000000-7f4bec021000 rw-p 00000000 00:00 0 
7f4bec021000-7f4bf0000000 ---p 00000000 00:00 0 
7f4bf0000000-7f4bf0021000 rw-p 00000000 00:00 0 
7f4bf0021000-7f4bf4000000 ---p 00000000 00:00 0 
7f4bf4000000-7f4bf4024000 rw-p 00000000 00:00 0 
7f4bf4024000-7f4bf8000000 ---p 00000000 00:00 0 
7f4bf8000000-7f4bf8021000 rw-p 00000000 00:00 0 
7f4bf8021000-7f4bfc000000 ---p 00000000 00:00 0 
7f4bfc000000-7f4bfc021000 rw-p 00000000 00:00 0 
7f4bfc021000-7f4c00000000 ---p 00000000 00:00 0 
7f4c00000000-7f4c028b3000 rw-p 00000000 00:00 0 
7f4c028b3000-7f4c04000000 ---p 00000000 00:00 0 
7f4c04000000-7f4c0480a000 rw-p 00000000 00:00 0 
7f4c0480a000-7f4c08000000 ---p 00000000 00:00 0 
7f4c08000000-7f4c0819e000 rw-p 00000000 00:00 0 
7f4c0819e000-7f4c0c000000 ---p 00000000 00:00 0 
7f4c0c000000-7f4c0c021000 rw-p 00000000 00:00 0 
7f4c0c021000-7f4c10000000 ---p 00000000 00:00 0 
7f4c10000000-7f4c11a0a000 rw-p 00000000 00:00 0 
7f4c11a0a000-7f4c14000000 ---p 00000000 00:00 0 
7f4c14000000-7f4c14021000 rw-p 00000000 00:00 0 
7f4c14021000-7f4c18000000 ---p 00000000 00:00 0 
7f4c18000000-7f4c18021000 rw-p 00000000 00:00 0 
7f4c18021000-7f4c1c000000 ---p 00000000 00:00 0 
7f4c1c000000-7f4c1c021000 rw-p 00000000 00:00 0 
7f4c1c021000-7f4c20000000 ---p 00000000 00:00 0 
7f4c20000000-7f4c20021000 rw-p 00000000 00:00 0 
7f4c20021000-7f4c24000000 ---p 00000000 00:00 0 
7f4c24000000-7f4c24021000 rw-p 00000000 00:00 0 
7f4c24021000-7f4c28000000 ---p 00000000 00:00 0 
7f4c28c00000-7f4c28c04000 ---p 00000000 00:00 0 
7f4c28c04000-7f4c28d00000 rw-p 00000000 00:00 0 
7f4c28d00000-7f4c28d04000 ---p 00000000 00:00 0 
7f4c28d04000-7f4c28e00000 rw-p 00000000 00:00 0 
7f4c28e00000-7f4c28e04000 ---p 00000000 00:00 0 
7f4c28e04000-7f4c28f00000 rw-p 00000000 00:00 0 
7f4c28f00000-7f4c28f04000 ---p 00000000 00:00 0 
7f4c28f04000-7f4c29000000 rw-p 00000000 00:00 0 
7f4c29000000-7f4c29004000 ---p 00000000 00:00 0 
7f4c29004000-7f4c29100000 rw-p 00000000 00:00 0 
7f4c29100000-7f4c2953a000 r--p 00000000 00:18 493                        /tmp/robolectric-nativeruntime7249822636499081606/librobolectric-nativeruntime.so
7f4c2953a000-7f4c29da4000 r-xp 00439000 00:18 493                        /tmp/robolectric-nativeruntime7249822636499081606/librobolectric-nativeruntime.so
7f4c29da4000-7f4c29dea000 r--p 00ca2000 00:18 493                        /tmp/robolectric-nativeruntime7249822636499081606/librobolectric-nativeruntime.so
7f4c29dea000-7f4c29df6000 rw-p 00ce7000 00:18 493                        /tmp/robolectric-nativeruntime7249822636499081606/librobolectric-nativeruntime.so
7f4c29df6000-7f4c29e00000 rw-p 00000000 00:00 0 
7f4c29e00000-7f4c29ec4000 r-xp 00000000 00:18 380                        /tmp/16854219240377988879/libsqlite4java.so
7f4c29ec4000-7f4c2a0c4000 ---p 000c4000 00:18 380                        /tmp/16854219240377988879/libsqlite4java.so
7f4c2a0c4000-7f4c2a0c6000 r--p 000c4000 00:18 380                        /tmp/16854219240377988879/libsqlite4java.so
7f4c2a0c6000-7f4c2a0c9000 rw-p 000c6000 00:18 380                        /tmp/16854219240377988879/libsqlite4java.so
7f4c2a100000-7f4c2a104000 ---p 00000000 00:00 0 
7f4c2a104000-7f4c2a200000 rw-p 00000000 00:00 0 
7f4c2a200000-7f4c2a204000 ---p 00000000 00:00 0 
7f4c2a204000-7f4c2a300000 rw-p 00000000 00:00 0 
7f4c2a300000-7f4c2a304000 ---p 00000000 00:00 0 
7f4c2a304000-7f4c2a400000 rw-p 00000000 00:00 0 
7f4c2a400000-7f4c2a404000 ---p 00000000 00:00 0 
7f4c2a404000-7f4c2a500000 rw-p 00000000 00:00 0 
7f4c2a500000-7f4c2a504000 ---p 00000000 00:00 0 
7f4c2a504000-7f4c2a600000 rw-p 00000000 00:00 0 
7f4c2a600000-7f4c2a604000 ---p 00000000 00:00 0 
7f4c2a604000-7f4c2a700000 rw-p 00000000 00:00 0 
7f4c2a700000-7f4c2a704000 ---p 00000000 00:00 0 
7f4c2a704000-7f4c2a800000 rw-p 00000000 00:00 0 
7f4c2a800000-7f4c2a804000 ---p 00000000 00:00 0 
7f4c2a804000-7f4c2a900000 rw-p 00000000 00:00 0 
7f4c2a900000-7f4c2a904000 ---p 00000000 00:00 0 
7f4c2a904000-7f4c2aa00000 rw-p 00000000 00:00 0 
7f4c2aa00000-7f4c2ac44000 r-xp 00000000 00:18 161                        /tmp/libconscrypt_openjdk_jni-linux-x86_6417878624731280000.so (deleted)
7f4c2ac44000-7f4c2ae43000 ---p 00244000 00:18 161                        /tmp/libconscrypt_openjdk_jni-linux-x86_6417878624731280000.so (deleted)
7f4c2ae43000-7f4c2ae54000 r--p 00243000 00:18 161                        /tmp/libconscrypt_openjdk_jni-linux-x86_6417878624731280000.so (deleted)
7f4c2ae54000-7f4c2ae57000 rw-p 00254000 00:18 161                        /tmp/libconscrypt_openjdk_jni-linux-x86_6417878624731280000.so (deleted)
7f4c2ae57000-7f4c2ae58000 rw-p 00000000 00:00 0 
7f4c2af00000-7f4c2af04000 ---p 00000000 00:00 0 
7f4c2af04000-7f4c2b000000 rw-p 00000000 00:00 0 
7f4c2b000000-7f4c2f000000 rw-p 00000000 00:00 0 
7f4c2f000000-7f4c2fc9c000 rw-p 00001000 00:1e 982                        /usr/lib/jvm/temurin-21-jdk-amd64/lib/server/classes.jsa
7f4c2fc9c000-7f4c30000000 ---p 00000000 00:00 0 
7f4c30000000-7f4c30270000 rw-p 00000000 00:00 0 
7f4c30270000-7f4c30280000 ---p 00000000 00:00 0 
7f4c30280000-7f4c30940000 rw-p 00000000 00:00 0 
7f4c30940000-7f4c70000000 ---p 00000000 00:00 0 
7f4c70000000-7f4c70021000 rw-p 00000000 00:00 0 
7f4c70021000-7f4c74000000 ---p 00000000 00:00 0 
7f4c74000000-7f4c74021000 rw-p 00000000 00:00 0 
7f4c74021000-7f4c78000000 ---p 00000000 00:00 0 
7f4c78000000-7f4c78021000 rw-p 00000000 00:00 0 
7f4c78021000-7f4c7c000000 ---p 00000000 00:00 0 
7f4c7c0cf000-7f4c7c0d3000 ---p 00000000 00:00 0 
7f4c7c0d3000-7f4c7c1cf000 rw-p 00000000 00:00 0 
7f4c7c1cf000-7f4c7c268000 r--p 00000000 00:1e 1631                       /usr/lib/x86_64-linux-gnu/libstdc++.so.6.0.30
7f4c7c268000-7f4c7c369000 r-xp 00099000 00:1e 1631                       /usr/lib/x86_64-linux-gnu/libstdc++.so.6.0.30
7f4c7c369000-7f4c7c3e3000 r--p 0019a000 00:1e 1631                       /usr/lib/x86_64-linux-gnu/libstdc++.so.6.0.30
7f4c7c3e3000-7f4c7c3e6000 rw-p 00214000 00:1e 1631                       /usr/lib/x86_64-linux-gnu/libstdc++.so.6.0.30
7f4c7c3e6000-7f4c7c3e9000 rw-p 00000000 00:00 0 
7f4c7c3e9000-7f4c7c3ed000 ---p 00000000 00:00 0 
7f4c7c3ed000-7f4c7c4e9000 rw-p 00000000 00:00 0 
7f4c7c520000-7f4c7c523000 r--p 00000000 00:1e 145                        /usr/lib/x86_64-linux-gnu/libgcc_s.so.1
7f4c7c523000-7f4c7c53a000 r-xp 00003000 00:1e 145                        /usr/lib/x86_64-linux-gnu/libgcc_s.so.1
7f4c7c53a000-7f4c7c53e000 r--p 0001a000 00:1e 145                        /usr/lib/x86_64-linux-gnu/libgcc_s.so.1
7f4c7c53e000-7f4c7c53f000 r--p 0001d000 00:1e 145                        /usr/lib/x86_64-linux-gnu/libgcc_s.so.1
7f4c7c53f000-7f4c7c540000 rw-p 0001e000 00:1e 145                        /usr/lib/x86_64-linux-gnu/libgcc_s.so.1
7f4c7c540000-7f4c7c544000 ---p 00000000 00:00 0 
7f4c7c544000-7f4c7c640000 rw-p 00000000 00:00 0 
7f4c7c640000-7f4c7c644000 ---p 00000000 00:00 0 
7f4c7c644000-7f4c7c740000 rw-p 00000000 00:00 0 
7f4c7c740000-7f4c7c744000 ---p 00000000 00:00 0 
7f4c7c744000-7f4c7c840000 rw-p 00000000 00:00 0 
7f4c7c840000-7f4c7c844000 ---p 00000000 00:00 0 
7f4c7c844000-7f4c7c940000 rw-p 00000000 00:00 0 
7f4c7c940000-7f4c7c944000 ---p 00000000 00:00 0 
7f4c7c944000-7f4c7ca40000 rw-p 00000000 00:00 0 
7f4c7ca40000-7f4c7ca44000 ---p 00000000 00:00 0 
7f4c7ca44000-7f4c7cb40000 rw-p 00000000 00:00 0 
7f4c7cb40000-7f4c7cb41000 ---p 00000000 00:00 0 
7f4c7cb41000-7f4c7cc41000 rw-p 00000000 00:00 0 
7f4c7cc41000-7f4c7cc42000 ---p 00000000 00:00 0 
7f4c7cc42000-7f4c7cd42000 rw-p 00000000 00:00 0 
7f4c7cd42000-7f4c7cd43000 ---p 00000000 00:00 0 
7f4c7cd43000-7f4c7ce43000 rw-p 00000000 00:00 0 
7f4c7ce43000-7f4c7ce47000 ---p 00000000 00:00 0 
7f4c7ce47000-7f4c7cf43000 rw-p 00000000 00:00 0 
7f4c7cf43000-7f4c7cf47000 ---p 00000000 00:00 0 
7f4c7cf47000-7f4c7d043000 rw-p 00000000 00:00 0 
7f4c7d043000-7f4c7d047000 ---p 00000000 00:00 0 
7f4c7d047000-7f4c7d143000 rw-p 00000000 00:00 0 
7f4c7d143000-7f4c7d211000 r-xp 00000000 00:1e 983                        /usr/lib/jvm/temurin-21-jdk-amd64/lib/libjsvml.so
7f4c7d211000-7f4c7d212000 r--p 000cd000 00:1e 983                        /usr/lib/jvm/temurin-21-jdk-amd64/lib/libjsvml.so
7f4c7d212000-7f4c7d213000 rw-p 000ce000 00:1e 983                        /usr/lib/jvm/temurin-21-jdk-amd64/lib/libjsvml.so
7f4c7d213000-7f4c7d217000 ---p 00000000 00:00 0 
7f4c7d217000-7f4c7d313000 rw-p 00000000 00:00 0 
7f4c7d313000-7f4c7d317000 ---p 00000000 00:00 0 
7f4c7d317000-7f4c7d413000 rw-p 00000000 00:00 0 
7f4c7d413000-7f4c7d417000 ---p 00000000 00:00 0 
7f4c7d417000-7f4c7d513000 rw-p 00000000 00:00 0 
7f4c7d513000-7f4c7d517000 ---p 00000000 00:00 0 
7f4c7d517000-7f4c7d613000 rw-p 00000000 00:00 0 
7f4c7d613000-7f4c7d617000 ---p 00000000 00:00 0 
7f4c7d617000-7f4c7d713000 rw-p 00000000 00:00 0 
7f4c7d713000-7f4c7d717000 ---p 00000000 00:00 0 
7f4c7d717000-7f4c7d813000 rw-p 00000000 00:00 0 
7f4c7d813000-7f4c7d817000 ---p 00000000 00:00 0 
7f4c7d817000-7f4c7d913000 rw-p 00000000 00:00 0 
7f4c7d913000-7f4c7dbfc000 r--p 00000000 00:1e 34                         /usr/lib/locale/locale-archive
7f4c7dbfc000-7f4c7dbfd000 ---p 00000000 00:00 0 
7f4c7dbfd000-7f4c7dcfd000 rw-p 00000000 00:00 0 
7f4c7dcfd000-7f4c7dcfe000 ---p 00000000 00:00 0 
7f4c7dcfe000-7f4c7ddfe000 rw-p 00000000 00:00 0 
7f4c7ddfe000-7f4c7ddff000 ---p 00000000 00:00 0 
7f4c7ddff000-7f4c7deff000 rw-p 00000000 00:00 0 
7f4c7deff000-7f4c7df00000 ---p 00000000 00:00 0 
7f4c7df00000-7f4c7e000000 rw-p 00000000 00:00 0 
7f4c7e000000-7f4c80021000 rw-p 00000000 00:00 0 
7f4c80021000-7f4c84000000 ---p 00000000 00:00 0 
7f4c84000000-7f4c84021000 rw-p 00000000 00:00 0 
7f4c84021000-7f4c88000000 ---p 00000000 00:00 0 
7f4c88000000-7f4c88021000 rw-p 00000000 00:00 0 
7f4c88021000-7f4c8c000000 ---p 00000000 00:00 0 
7f4c8c016000-7f4c8c01d000 r--s 00000000 00:1e 36                         /usr/lib/x86_64-linux-gnu/gconv/gconv-modules.cache
7f4c8c01d000-7f4c8c4fd000 rw-p 00000000 00:00 0 
7f4c8c4fd000-7f4c8c4fe000 ---p 00000000 00:00 0 
7f4c8c4fe000-7f4c8c5fe000 rw-p 00000000 00:00 0 
7f4c8c5fe000-7f4c8c5ff000 ---p 00000000 00:00 0 
7f4c8c5ff000-7f4c8c6ff000 rw-p 00000000 00:00 0 
7f4c8c6ff000-7f4c8c700000 ---p 00000000 00:00 0 
7f4c8c700000-7f4c8c800000 rw-p 00000000 00:00 0 
7f4c8c800000-7f4c8d430000 rwxp 00000000 00:00 0 
7f4c8d430000-7f4c93d37000 ---p 00000000 00:00 0 
7f4c93d37000-7f4c93fa7000 rwxp 00000000 00:00 0 
7f4c93fa7000-7f4c942c8000 ---p 00000000 00:00 0 
7f4c942c8000-7f4c94768000 rwxp 00000000 00:00 0 
7f4c94768000-7f4c9b800000 ---p 00000000 00:00 0 
7f4c9b805000-7f4c9b812000 r-xp 00000000 00:1e 1644                       /usr/lib/jvm/temurin-21-jdk-amd64/lib/libverify.so
7f4c9b812000-7f4c9b814000 r--p 0000c000 00:1e 1644                       /usr/lib/jvm/temurin-21-jdk-amd64/lib/libverify.so
7f4c9b814000-7f4c9b815000 rw-p 0000e000 00:1e 1644                       /usr/lib/jvm/temurin-21-jdk-amd64/lib/libverify.so
7f4c9b815000-7f4c9b830000 r-xp 00000000 00:1e 984                        /usr/lib/jvm/temurin-21-jdk-amd64/lib/libzip.so
7f4c9b830000-7f4c9b831000 r--p 0001a000 00:1e 984                        /usr/lib/jvm/temurin-21-jdk-amd64/lib/libzip.so
7f4c9b831000-7f4c9b832000 rw-p 0001b000 00:1e 984                        /usr/lib/jvm/temurin-21-jdk-amd64/lib/libzip.so
7f4c9b832000-7f4c9b83e000 r-xp 00000000 00:1e 986                        /usr/lib/jvm/temurin-21-jdk-amd64/lib/libnet.so
7f4c9b83e000-7f4c9b83f000 r--p 0000b000 00:1e 986                        /usr/lib/jvm/temurin-21-jdk-amd64/lib/libnet.so
7f4c9b83f000-7f4c9b840000 rw-p 0000c000 00:1e 986                        /usr/lib/jvm/temurin-21-jdk-amd64/lib/libnet.so
7f4c9b840000-7f4c9b854000 r-xp 00000000 00:1e 985                        /usr/lib/jvm/temurin-21-jdk-amd64/lib/libnio.so
7f4c9b854000-7f4c9b855000 r--p 00013000 00:1e 985                        /usr/lib/jvm/temurin-21-jdk-amd64/lib/libnio.so
7f4c9b855000-7f4c9b856000 rw-p 00014000 00:1e 985                        /usr/lib/jvm/temurin-21-jdk-amd64/lib/libnio.so
7f4c9b856000-7f4ca4000000 r--s 00000000 00:1e 977                        /usr/lib/jvm/temurin-21-jdk-amd64/lib/modules
7f4ca4000000-7f4ca4a9d000 rw-p 00000000 00:00 0 
7f4ca4a9d000-7f4ca8000000 ---p 00000000 00:00 0 
7f4ca8000000-7f4ca821c000 rw-p 00000000 00:00 0 
7f4ca821c000-7f4ca82fc000 ---p 00000000 00:00 0 
7f4ca82fc000-7f4ca8300000 rw-p 00000000 00:00 0 
7f4ca8300000-7f4ca87f0000 ---p 00000000 00:00 0 
7f4ca87f0000-7f4ca8800000 rw-p 00000000 00:00 0 
7f4ca8804000-7f4ca8806000 r-xp 00000000 00:1e 1638                       /usr/lib/jvm/temurin-21-jdk-amd64/lib/libextnet.so
7f4ca8806000-7f4ca8807000 r--p 00001000 00:1e 1638                       /usr/lib/jvm/temurin-21-jdk-amd64/lib/libextnet.so
7f4ca8807000-7f4ca8808000 rw-p 00002000 00:1e 1638                       /usr/lib/jvm/temurin-21-jdk-amd64/lib/libextnet.so
7f4ca8808000-7f4ca889f000 rw-p 00000000 00:00 0 
7f4ca889f000-7f4ca88ba000 ---p 00000000 00:00 0 
7f4ca88ba000-7f4ca88bb000 rw-p 00000000 00:00 0 
7f4ca88bb000-7f4ca8959000 ---p 00000000 00:00 0 
7f4ca8959000-7f4ca899f000 rw-p 00000000 00:00 0 
7f4ca899f000-7f4ca89ba000 ---p 00000000 00:00 0 
7f4ca89ba000-7f4ca89bb000 rw-p 00000000 00:00 0 
7f4ca89bb000-7f4ca8a59000 ---p 00000000 00:00 0 
7f4ca8a59000-7f4ca8e69000 rw-p 00000000 00:00 0 
7f4ca8e69000-7f4ca8f4a000 ---p 00000000 00:00 0 
7f4ca8f4a000-7f4ca8f63000 rw-p 00000000 00:00 0 
7f4ca8f63000-7f4ca9035000 ---p 00000000 00:00 0 
7f4ca9035000-7f4ca903a000 rw-p 00000000 00:00 0 
7f4ca903a000-7f4ca9041000 ---p 00000000 00:00 0 
7f4ca9041000-7f4ca9062000 r-xp 00000000 00:1e 972                        /usr/lib/jvm/temurin-21-jdk-amd64/lib/libjava.so
7f4ca9062000-7f4ca9063000 r--p 00020000 00:1e 972                        /usr/lib/jvm/temurin-21-jdk-amd64/lib/libjava.so
7f4ca9063000-7f4ca9064000 rw-p 00021000 00:1e 972                        /usr/lib/jvm/temurin-21-jdk-amd64/lib/libjava.so
7f4ca9064000-7f4ca9065000 rw-p 00000000 00:00 0 
7f4ca9065000-7f4ca906d000 rw-s 00000000 00:18 149                        /tmp/hsperfdata_root/1101
7f4ca906d000-7f4ca9088000 r-xp 00000000 00:1e 978                        /usr/lib/jvm/temurin-21-jdk-amd64/lib/libjimage.so
7f4ca9088000-7f4ca9089000 ---p 0001b000 00:1e 978                        /usr/lib/jvm/temurin-21-jdk-amd64/lib/libjimage.so
7f4ca9089000-7f4ca908b000 r--p 0001b000 00:1e 978                        /usr/lib/jvm/temurin-21-jdk-amd64/lib/libjimage.so
7f4ca908b000-7f4ca908c000 rw-p 0001d000 00:1e 978                        /usr/lib/jvm/temurin-21-jdk-amd64/lib/libjimage.so
7f4ca908c000-7f4ca9090000 ---p 00000000 00:00 0 
7f4ca9090000-7f4ca918c000 rw-p 00000000 00:00 0 
7f4ca918c000-7f4ca919c000 r--p 00000000 00:1e 144                        /usr/lib/x86_64-linux-gnu/libm.so.6
7f4ca919c000-7f4ca9210000 r-xp 00010000 00:1e 144                        /usr/lib/x86_64-linux-gnu/libm.so.6
7f4ca9210000-7f4ca926a000 r--p 00084000 00:1e 144                        /usr/lib/x86_64-linux-gnu/libm.so.6
7f4ca926a000-7f4ca926b000 r--p 000dd000 00:1e 144                        /usr/lib/x86_64-linux-gnu/libm.so.6
7f4ca926b000-7f4ca926c000 rw-p 000de000 00:1e 144                        /usr/lib/x86_64-linux-gnu/libm.so.6
7f4ca926c000-7f4ca926d000 r--p 00000000 00:1e 976                        /usr/lib/x86_64-linux-gnu/librt.so.1
7f4ca926d000-7f4ca926e000 r-xp 00001000 00:1e 976                        /usr/lib/x86_64-linux-gnu/librt.so.1
7f4ca926e000-7f4ca926f000 r--p 00002000 00:1e 976                        /usr/lib/x86_64-linux-gnu/librt.so.1
7f4ca926f000-7f4ca9270000 r--p 00002000 00:1e 976                        /usr/lib/x86_64-linux-gnu/librt.so.1
7f4ca9270000-7f4ca9271000 rw-p 00003000 00:1e 976                        /usr/lib/x86_64-linux-gnu/librt.so.1
7f4ca9271000-7f4caa6ab000 r-xp 00000000 00:1e 975                        /usr/lib/jvm/temurin-21-jdk-amd64/lib/server/libjvm.so
7f4caa6ab000-7f4caa780000 r--p 01439000 00:1e 975                        /usr/lib/jvm/temurin-21-jdk-amd64/lib/server/libjvm.so
7f4caa780000-7f4caa7b0000 rw-p 0150e000 00:1e 975                        /usr/lib/jvm/temurin-21-jdk-amd64/lib/server/libjvm.so
7f4caa7b0000-7f4caa818000 rw-p 00000000 00:00 0 
7f4caa818000-7f4caa83e000 r--p 00000000 00:1e 28                         /usr/lib/x86_64-linux-gnu/libc.so.6
7f4caa83e000-7f4caa994000 r-xp 00026000 00:1e 28                         /usr/lib/x86_64-linux-gnu/libc.so.6
7f4caa994000-7f4caa9eb000 r--p 0017c000 00:1e 28                         /usr/lib/x86_64-linux-gnu/libc.so.6
7f4caa9eb000-7f4caa9ed000 rw-p 001d3000 00:1e 28                         /usr/lib/x86_64-linux-gnu/libc.so.6
7f4caa9ed000-7f4caa9fa000 rw-p 00000000 00:00 0 
7f4caa9fa000-7f4caa9fb000 r--p 00000000 00:1e 969                        /usr/lib/x86_64-linux-gnu/libdl.so.2
7f4caa9fb000-7f4caa9fc000 r-xp 00001000 00:1e 969                        /usr/lib/x86_64-linux-gnu/libdl.so.2
7f4caa9fc000-7f4caa9fd000 r--p 00002000 00:1e 969                        /usr/lib/x86_64-linux-gnu/libdl.so.2
7f4caa9fd000-7f4caa9fe000 r--p 00002000 00:1e 969                        /usr/lib/x86_64-linux-gnu/libdl.so.2
7f4caa9fe000-7f4caa9ff000 rw-p 00003000 00:1e 969                        /usr/lib/x86_64-linux-gnu/libdl.so.2
7f4caa9ff000-7f4caaa00000 r--p 00000000 00:1e 968                        /usr/lib/x86_64-linux-gnu/libpthread.so.0
7f4caaa00000-7f4caaa01000 r-xp 00001000 00:1e 968                        /usr/lib/x86_64-linux-gnu/libpthread.so.0
7f4caaa01000-7f4caaa02000 r--p 00002000 00:1e 968                        /usr/lib/x86_64-linux-gnu/libpthread.so.0
7f4caaa02000-7f4caaa03000 r--p 00002000 00:1e 968                        /usr/lib/x86_64-linux-gnu/libpthread.so.0
7f4caaa03000-7f4caaa04000 rw-p 00003000 00:1e 968                        /usr/lib/x86_64-linux-gnu/libpthread.so.0
7f4caaa04000-7f4caaa05000 ---p 00000000 00:00 0 
7f4caaa05000-7f4caaa06000 r--p 00000000 00:00 0 
7f4caaa06000-7f4caaa07000 ---p 00000000 00:00 0 
7f4caaa07000-7f4caaa20000 r-xp 00000000 00:1e 967                        /usr/lib/jvm/temurin-21-jdk-amd64/lib/libjli.so
7f4caaa20000-7f4caaa21000 r--p 00018000 00:1e 967                        /usr/lib/jvm/temurin-21-jdk-amd64/lib/libjli.so
7f4caaa21000-7f4caaa22000 rw-p 00019000 00:1e 967                        /usr/lib/jvm/temurin-21-jdk-amd64/lib/libjli.so
7f4caaa22000-7f4caaa24000 rw-p 00000000 00:00 0 
7f4caaa24000-7f4caaa25000 r--p 00000000 00:00 0                          [vvar]
7f4caaa25000-7f4caaa27000 r-xp 00000000 00:00 0 
7f4caaa27000-7f4caaa28000 r--p 00000000 00:1e 26                         /usr/lib/x86_64-linux-gnu/ld-linux-x86-64.so.2
7f4caaa28000-7f4caaa4e000 r-xp 00001000 00:1e 26                         /usr/lib/x86_64-linux-gnu/ld-linux-x86-64.so.2
7f4caaa4e000-7f4caaa5a000 r--p 00027000 00:1e 26                         /usr/lib/x86_64-linux-gnu/ld-linux-x86-64.so.2
7f4caaa5a000-7f4caaa5c000 rw-p 00033000 00:1e 26                         /usr/lib/x86_64-linux-gnu/ld-linux-x86-64.so.2
ffffffffff600000-ffffffffff601000 r-xp 00000000 00:00 0                  [vsyscall]
Total number of mappings: 297

JVMTI agents: none


VM Arguments:
jvm_args: -Djava.awt.headless=true -Djava.library.path=/usr/java/packages/lib:/usr/lib64:/lib64:/lib:/usr/lib:/app/applet/app/src/testDebug/jniLibs:/app/applet/app/src/test/jniLibs -Dorg.gradle.internal.worker.tmpdir=/app/applet/app/build/tmp/testDebugUnitTest/work --add-opens=java.base/java.io=ALL-UNNAMED -Xmx512m -Dfile.encoding=UTF-8 -Duser.country=US -Duser.language=en -Duser.variant -ea 
java_command: worker.org.gradle.process.internal.worker.GradleWorkerMain 'Gradle Test Executor 1'
java_class_path (initial): /opt/gradle/.gradle/caches/9.3.1/workerMain/gradle-worker.jar:/app/applet/app/build/intermediates/unit_test_config_directory/debugUnitTest/generateDebugUnitTestConfig/out:/app/applet/app/build/intermediates/built_in_kotlinc/debugUnitTest/compileDebugUnitTestKotlin/classes:/app/applet/app/build/intermediates/java_res/debugUnitTest/processDebugUnitTestJavaRes/out:/app/applet/app/build/intermediates/runtime_app_classes_jar/debug/bundleDebugClassesToRuntimeJar/classes.jar:/opt/gradle/.gradle/caches/9.3.1/transforms/7298fd6f35a95198603091ae626ebe06/transformed/navigation-common-2.8.9-runtime.jar:/opt/gradle/.gradle/caches/9.3.1/transforms/2db9023c3bbe3e3284582a8e3ae415eb/transformed/navigation-runtime-2.8.9-runtime.jar:/opt/gradle/.gradle/caches/9.3.1/transforms/467dc25c1aecf1abb915788ebc0e092f/transformed/navigation-common-ktx-2.8.9-runtime.jar:/opt/gradle/.gradle/caches/9.3.1/transforms/e25b602a751e85b3ba2c5efb50cc9c80/transformed/navigation-runtime-ktx-2.8.9-runtime.jar:/opt/gradle/.gradle/caches/9.3.1/transforms/c16c501cef790e804c9a24bebb0d6a0d/transformed/navigation-compose-2.8.9-runtime.jar:/opt/gradle/.gradle/caches/9.3.1/transforms/4d0fac7f1d417d7ea6fe1b0df2553f24/transformed/ui-test-junit4-release-runtime.jar:/opt/gradle/.gradle/caches/9.3.1/transforms/b44ebeb961dcbff503caf1b9b213203f/transformed/activity-1.10.1-runtime.jar:/opt/gradle/.gradle/caches/9.3.1/transforms/78575ff6774a2494fae9347a4390643c/transformed/activity-ktx-1.10.1-runtime.jar:/opt/gradle/.gradle/caches/9.3.1/transforms/32abdae2a09bb98a59b3499dd25ba083/transformed/material3-release-runtime.jar:/opt/gradle/.gradle/caches/9.3.1/transforms/02156647f000cf7fde5d2ab11dd59568/transformed/material-release-runtime.jar:/opt/gradle/.gradle/caches/9.3.1/transforms/b55c0306f09a01acfa1d593b8a064dbd/transformed/material-ripple-runtime.jar:/opt/gradle/.gradle/caches/9.3.1/transforms/671f2685cf1e5a947ce9a322e435364a/transformed/foundation-release-runtime.jar:/opt/gradle/.gradle/caches/9.3.1/transforms/d2e53db4b0a5ef36b399348e36e49cee/transformed/foundation-layout-release-runtime.jar:/opt/gradle/.gradle/caches/9.3.1/transforms/0bf7486ef5e45396d1efe1eae7e32c4c/transformed/animation-core-release-runtime.jar:/opt/gradle/.gradle/caches/9.3.1/transforms/3c7682ba52a865425b08fbb3b701c9d1/transformed/animation-runtime.jar:/opt/gradle/.gradle/caches/9.3.1/transforms/6e84d87f0437c6feb5a3d24f8b533418/transformed/ui-tooling-data-runtime.jar:/opt/gradle/.gradle/caches/9.3.1/transforms/e7d1d18570e66672cec45afa31b81401/transformed/ui-test-release-runtime.jar:/opt/gradle/.gradle/caches/9.3.1/transforms/de8e7d037baadda08199fa9d4eb6c0c5/transformed/ui-unit-release-runtime.jar:/opt/gradle/.gradle/caches/9.3.1/transforms/f4b0973e2cfeb29397f4a64a089941fa/transformed/ui-geometry-runtime.jar:/opt/gradle/.gradle/caches/9.3.1/transforms/24532feb46bee6b8fcf59d6533cf06bc/transformed/ui-util-release-runtime.jar:/opt/gradle/.gradle/caches/9.3.1/transforms/002fb431764c328d2aa99537e25a9496/transformed/ui-text-release-runtime.jar:/opt/gradle/.gradle/caches/9.3.1/transforms/596ebadcf58c49aa1a582f6b61d2a9a8/transformed/ui-tooling-preview-runtime.jar:/opt/gradle/.gradle/caches/9.3.1/transforms/f32f6feda98d3e2aa942a06d08899c1b/transformed/ui-graphics-release-runtime.jar:/opt/gradle/.gradle/caches/9.3.1/transforms/e4586474e02e9810650f9932d5a7bd56/transformed/ui-tooling-release-runtime.jar:/opt/gradle/.gradle/caches/9.3.1/transforms/80b0d86055237b08313a21c7fbbffc2a/transformed/activity-compose-1.10.1-runtime.jar:/opt/gradle/.gradle/caches/9.3.1/transforms/389e778263e4862dd6468184ec2bad0e/transformed/work-runtime-ktx-2.9.1-runtime.jar:/opt/gradle/.gradle/caches/9.3.1/transforms/16a5768e7ad7b8e5bfeb870d9c6490cb/transformed/work-runtime-2.9.1-runtime.jar:/opt/gradle/.gradle/caches/9.3.1/transforms/8f868998026a9bd8a19601a9004f846c/transformed/customview-poolingcontainer-1.0.0-runtime.jar:/opt/gradle/.gradle/caches/9.3.1/transforms/0bb8b0ae779fc702f64ff71a68fbce8f/transformed/core-ktx-1.18.0-runtime.jar:/opt/gradle/.gradle/caches/9.3.1/transforms/3a1812f9143c30c7c46c261fbc2a367f/transformed/autofill-1.0.0-runtime.jar:/opt/gradle/.gradle/caches/9.3.1/transforms/f8d726a3b50af54369348c2aee523304/transformed/graphics-path-1.0.1-runtime.jar:/opt/gradle/.gradle/caches/9.3.1/transforms/8f9df5d3597abbe7089dbe4722a2173c/transformed/emoji2-1.4.0-runtime.jar:/opt/gradle/.gradle/caches/9.3.1/transforms/5b9b1894b927e44b418a663cdd0375bf/transformed/core-1.18.0-runtime.jar:/opt/gradle/.gradle/caches/9.3.1/transforms/96721d9e8180a4055d887bd2ab1a2cbb/transformed/junit-1.3.0-runtime.jar:/opt/gradle/.gradle/caches/9.3.1/transforms/3fe306e184e5854f19b7004e2463131c/transformed/espresso-core-3.5.0-runtime.jar:/opt/gradle/.gradle/caches/9.3.1/transforms/cb96a0d62c63d0af328e5ac24b9bea3a/transformed/core-1.7.0-runtime.jar:/opt/gradle/.gradle/caches/9.3.1/transforms/9f79cae7cd1cf1b137dd55ce890b2b6e/transformed/savedstate-ktx-1.2.1-runtime.jar:/opt/gradle/.gradle/caches/9.3.1/transforms/4fca0e42575a1631a9859f703f78bcad/transformed/savedstate-1.2.1-runtime.jar:/opt/gradle/.gradle/caches/9.3.1/transforms/f2f8f98d255e78bb9fa269f3d58f32f1/transformed/lifecycle-process-2.8.7-runtime.jar:/opt/gradle/.gradle/caches/9.3.1/transforms/886236e6b07cff776197313084b482bd/transformed/lifecycle-livedata-core-ktx-2.8.7-runtime.jar:/opt/gradle/.gradle/caches/9.3.1/transforms/0769a4df05547301c163f0f5d551e71c/transformed/lifecycle-livedata-core-2.8.7-runtime.jar:/opt/gradle/.gradle/caches/9.3.1/transforms/44a226b432cf8279367daf25e75c3bf0/transformed/lifecycle-viewmodel-release-runtime.jar:/opt/gradle/.gradle/caches/modules-2/files-2.1/androidx.lifecycle/lifecycle-common-jvm/2.8.7/7174a594afb73a9ad9ac9074ce78b94af3cc52a7/lifecycle-common-jvm-2.8.7.jar:/opt/gradle/.gradle/caches/9.3.1/transforms/551d9488a1e1c875b3b2be74e0cb6cbd/transformed/lifecycle-runtime-release-runtime.jar:/opt/gradle/.gradle/caches/modules-2/files-2.1/androidx.lifecycle/lifecycle-common-java8/2.8.7/2ad14aed781c4a73ed4dbb421966d408a0a06686/lifecycle-common-java8-2.8.7.jar:/opt/gradle/.gradle/caches/9.3.1/transforms/c6fee3e8b9dbf972233ccd5ccb27fc1a/transformed/lifecycle-service-2.8.7-runtime.jar:/opt/gradle/.gradle/caches/9.3.1/transforms/77ec520704229b08721fa4fd0a24eead/transformed/lifecycle-livedata-2.8.7-runtime.jar:/opt/gradle/.gradle/caches/9.3.1/transforms/08fd051ce338ab1f0eb58398e909b3c6/transformed/lifecycle-viewmodel-savedstate-2.8.7-runtime.jar:/opt/gradle/.gradle/caches/9.3.1/transforms/1b37be39024cdccb0a24e6c5e6a26a5b/transformed/lifecycle-viewmodel-ktx-2.8.7-runtime.jar:/opt/gradle/.gradle/caches/9.3.1/transforms/fff13446c9707e0278dd26bfa319e228/transformed/lifecycle-runtime-ktx-release-runtime.jar:/opt/gradle/.gradle/caches/9.3.1/transforms/4b70b06406bf7d1c8aace7b5c77cc4f7/transformed/lifecycle-runtime-compose-release-runtime.jar:/opt/gradle/.gradle/caches/9.3.1/transforms/38ec8ffcd707fd107de5ced1ea1abb87/transformed/lifecycle-viewmodel-compose-release-runtime.jar:/opt/gradle/.gradle/caches/9.3.1/transforms/3584fb3c5d1e7d63eb1a945eb3490f25/transformed/material-icons-extended-release-runtime.jar:/opt/gradle/.gradle/caches/9.3.1/transforms/994a7459f6a46a5feca6298c24d13fa2/transformed/material-icons-core-release-runtime.jar:/opt/gradle/.gradle/caches/9.3.1/transforms/05aea88f1e59422fa55216105aae4784/transformed/ui-release-runtime.jar:/opt/gradle/.gradle/caches/9.3.1/transforms/e9a478afb0862bbb83580bffe750fbb8/transformed/ui-test-manifest-1.8.0-runtime.jar:/opt/gradle/.gradle/caches/modules-2/files-2.1/androidx.room/room-migration-jvm/2.7.0/6ea2d9759a174cf3633c585129395617c10541f6/room-migration-jvm-2.7.0.jar:/opt/gradle/.gradle/caches/modules-2/files-2.1/androidx.room/room-common-jvm/2.7.0/46a9845444d0b849131baeb85bfe4051828261ad/room-common-jvm-2.7.0.jar:/opt/gradle/.gradle/caches/9.3.1/transforms/e19960190434e84ac831b0a2f2477883/transformed/room-runtime-release-runtime.jar:/opt/gradle/.gradle/caches/9.3.1/transforms/2257d94a8ad0f172dda982132e93fef2/transformed/room-ktx-2.7.0-runtime.jar:/opt/gradle/.gradle/caches/9.3.1/transforms/7ada992e1ec8101c657b69d64a76c1e6/transformed/room-testing-release-runtime.jar:/opt/gradle/.gradle/caches/9.3.1/transforms/10348b4517273ff871e866ba595893d0/transformed/runner-1.5.0-runtime.jar:/opt/gradle/.gradle/caches/modules-2/files-2.1/junit/junit/4.13.2/8ac9e16d933b6fb43bc7f576336b8f4d7eb5ba12/junit-4.13.2.jar:/opt/gradle/.gradle/caches/9.3.1/transforms/a0cd144f360676a42b8011948be7e381/transformed/runtime-saveable-release-runtime.jar:/opt/gradle/.gradle/caches/9.3.1/transforms/83cc16af696752d4b45c87be0d7dc31d/transformed/runtime-release-runtime.jar:/opt/gradle/.gradle/caches/modules-2/files-2.1/org.jetbrains.kotlinx/kotlinx-coroutines-android/1.10.2/c8705d275d81f19e8afaf3ff9b5bf7a4b6b6c19b/kotlinx-coroutines-android-1.10.2.jar:/opt/gradle/.gradle/caches/modules-2/files-2.1/org.jetbrains.kotlinx/kotlinx-coroutines-test-jvm/1.10.2/deb87732ba15dc455f08af4b120fca0d96d6cb5f/kotlinx-coroutines-test-jvm-1.10.2.jar:/opt/gradle/.gradle/caches/modules-2/files-2.1/androidx.datastore/datastore-preferences-external-protobuf/1.1.7/ddd0a2d64e3c928359c993d1291e535d5d7fc9a3/datastore-preferences-external-protobuf-1.1.7.jar:/opt/gradle/.gradle/caches/modules-2/files-2.1/androidx.datastore/datastore-core-okio-jvm/1.1.7/ce08f132812044a9778547b299fd812e34dbd602/datastore-core-okio-jvm-1.1.7.jar:/opt/gradle/.gradle/caches/9.3.1/transforms/dc7e2cf3569042083d51f34bbd74786a/transformed/datastore-core-release-runtime.jar:/opt/gradle/.gradle/caches/modules-2/files-2.1/androidx.datastore/datastore-preferences-proto/1.1.7/6d7430ed8d2b5f2b8675dad8d196ba5dd710921b/datastore-preferences-proto-1.1.7.jar:/opt/gradle/.gradle/caches/9.3.1/transforms/bd09e0969940ee6d750f3888aa73be29/transformed/datastore-preferences-core-release-runtime.jar:/opt/gradle/.gradle/caches/9.3.1/transforms/14a6bd9e8a3cbdd098f7a7ff8cdc3620/transformed/datastore-release-runtime.jar:/opt/gradle/.gradle/caches/9.3.1/transforms/ce7c1eb1df705fc58562eb0a4406269f/transformed/datastore-preferences-release-runtime.jar:/opt/gradle/.gradle/caches/9.3.1/transforms/6e925e0e6add42c4fd556ea0333ec52e/transformed/profileinstaller-1.4.0-runtime.jar:/opt/gradle/.gradle/caches/modules-2/files-2.1/androidx.concurrent/concurrent-futures/1.2.0/6a1dfd69226e148898410721f4b14315343d1429/concurrent-futures-1.2.0.jar:/opt/gradle/.gradle/caches/modules-2/files-2.1/androidx.concurrent/concurrent-futures-ktx/1.2.0/13b49fdb58c74bdfb12eb131b5e22d6d09683e30/concurrent-futures-ktx-1.2.0.jar:/opt/gradle/.gradle/caches/modules-2/files-2.1/org.jetbrains.kotlinx/kotlinx-coroutines-core-jvm/1.10.2/4a9f78ef49483748e2c129f3d124b8fa249dafbf/kotlinx-coroutines-core-jvm-1.10.2.jar:/opt/gradle/.gradle/caches/modules-2/files-2.1/org.robolectric/robolectric/4.16.1/23d7214ddb0d3e430533cd94ae8df0deef81321c/robolectric-4.16.1.jar:/opt/gradle/.gradle/caches/9.3.1/transforms/b8cd95d843001e810cb682b92c47b0c4/transformed/core-splashscreen-1.0.1-runtime.jar:/opt/gradle/.gradle/caches/9.3.1/transforms/1a7690f0ec4d4acdc2e2102f6ea06fe7/transformed/storage-1.6.0-runtime.jar:/opt/gradle/.gradle/caches/modules-2/files-2.1/org.robolectric/shadows-framework/4.16.1/8de8daee97c18b7cb305df2155e09352c3f4784b/shadows-framework-4.16.1.jar:/opt/gradle/.gradle/caches/9.3.1/transforms/cf2f9582894a69b9536bf1a6c35b3c3c/transformed/monitor-1.8.0-runtime.jar:/opt/gradle/.gradle/caches/9.3.1/transforms/e18ff0c925bae4b59e6203490e498b8a/transformed/annotation-1.0.1-runtime.jar:/opt/gradle/.gradle/caches/9.3.1/transforms/7a34cafd3b318fca134e2d846926246a/transformed/annotation-experimental-1.4.1-runtime.jar:/opt/gradle/.gradle/caches/9.3.1/transforms/291b38d60ad9776225222a6be1b72112/transformed/core-viewtree-1.0.0-runtime.jar:/opt/gradle/.gradle/caches/9.3.1/transforms/7c698be184d5c5eaaea66ae7fb3a8334/transformed/sqlite-framework-release-runtime.jar:/opt/gradle/.gradle/caches/9.3.1/transforms/f415373077e6dd590bdd2ccd73f7f900/transformed/sqlite-release-runtime.jar:/opt/gradle/.gradle/caches/9.3.1/transforms/faf03027ccf3c95bb0c43a363c4423b7/transformed/versionedparcelable-1.1.1-runtime.jar:/opt/gradle/.gradle/caches/modules-2/files-2.1/androidx.collection/collection-ktx/1.5.0/27c78a926a16a1bf792b2285cf2834e8caae4a07/collection-ktx-1.5.0.jar:/opt/gradle/.gradle/caches/modules-2/files-2.1/androidx.collection/collection-jvm/1.5.0/7ba2c69414d46ebc2dd76598bdd0a75c54281a57/collection-jvm-1.5.0.jar:/opt/gradle/.gradle/caches/9.3.1/transforms/34b22bc95126e636933487e2542980cf/transformed/core-runtime-2.2.0-runtime.jar:/opt/gradle/.gradle/caches/modules-2/files-2.1/androidx.arch.core/core-common/2.2.0/5e1b8b81dfd5f52c56a8d53b18ca759c19a301f3/core-common-2.2.0.jar:/opt/gradle/.gradle/caches/9.3.1/transforms/9883f613c185b22751f66da553486d7f/transformed/startup-runtime-1.1.1-runtime.jar:/opt/gradle/.gradle/caches/9.3.1/transforms/b497117c4ea7fb9624b0e0af9ab597ca/transformed/tracing-1.2.0-runtime.jar:/opt/gradle/.gradle/caches/9.3.1/transforms/708737e11fc895f4168080ad16d55f8d/transformed/interpolator-1.0.0-runtime.jar:/opt/gradle/.gradle/caches/modules-2/files-2.1/androidx.annotation/annotation-jvm/1.9.1/b17951747e38bf3986a24431b9ba0d039958aa5f/annotation-jvm-1.9.1.jar:/opt/gradle/.gradle/caches/modules-2/files-2.1/org.jetbrains.kotlinx/kotlinx-serialization-core-jvm/1.6.3/6b6c17d0312ba7192893adea9d52959941d0119b/kotlinx-serialization-core-jvm-1.6.3.jar:/opt/gradle/.gradle/caches/modules-2/files-2.1/org.jetbrains.kotlinx/kotlinx-serialization-json-jvm/1.6.3/2241746853abf04073e3ab0dcd9e6729d363b313/kotlinx-serialization-json-jvm-1.6.3.jar:/opt/gradle/.gradle/caches/modules-2/files-2.1/org.jetbrains.kotlin/kotlin-parcelize-runtime/1.9.22/de4a21d6560cadd035c69ba3af3ad1afecc95299/kotlin-parcelize-runtime-1.9.22.jar:/opt/gradle/.gradle/caches/modules-2/files-2.1/com.squareup.okio/okio-jvm/3.4.0/4e8bd78a52ab935ce383d0092646922154295e54/okio-jvm-3.4.0.jar:/opt/gradle/.gradle/caches/modules-2/files-2.1/org.jetbrains.kotlin/kotlin-stdlib-jdk8/1.8.0/ed04f49e186a116753ad70d34f0ac2925d1d8020/kotlin-stdlib-jdk8-1.8.0.jar:/opt/gradle/.gradle/caches/modules-2/files-2.1/org.jetbrains.kotlin/kotlin-android-extensions-runtime/1.9.22/ee3bc0c3b55cb516ac92d6a093e1b939166b86a2/kotlin-android-extensions-runtime-1.9.22.jar:/opt/gradle/.gradle/caches/modules-2/files-2.1/org.jetbrains.kotlin/kotlin-stdlib-jdk7/1.8.0/3c91271347f678c239607abb676d4032a7898427/kotlin-stdlib-jdk7-1.8.0.jar:/opt/gradle/.gradle/caches/modules-2/files-2.1/org.jetbrains.kotlin/kotlin-stdlib/2.2.10/30de6faa127a4a012db8e71bf1b9c0a99b1402b2/kotlin-stdlib-2.2.10.jar:/opt/gradle/.gradle/caches/modules-2/files-2.1/com.google.code.gson/gson/2.10.1/b3add478d4382b78ea20b1671390a858002feb6c/gson-2.10.1.jar:/opt/gradle/.gradle/caches/modules-2/files-2.1/org.robolectric/junit/4.16.1/bf78ceb93a1ce6540d17c96667c718f6eb6b02a8/junit-4.16.1.jar:/opt/gradle/.gradle/caches/modules-2/files-2.1/org.robolectric/resources/4.16.1/63f17dcabdc665a4c6526065a6988ad91ce94a2e/resources-4.16.1.jar:/opt/gradle/.gradle/caches/modules-2/files-2.1/org.robolectric/sandbox/4.16.1/f07a594df898ddeff90f8ad1afbd2dc87d4adf57/sandbox-4.16.1.jar:/opt/gradle/.gradle/caches/modules-2/files-2.1/org.robolectric/utils-reflector/4.16.1/6981e76db63d2871ea686af2ebf93f8ec25377c/utils-reflector-4.16.1.jar:/opt/gradle/.gradle/caches/modules-2/files-2.1/org.robolectric/plugins-maven-dependency-resolver/4.16.1/35dcd628ea6a41f75583c7f4a0e3319b8568a03/plugins-maven-dependency-resolver-4.16.1.jar:/opt/gradle/.gradle/caches/modules-2/files-2.1/org.robolectric/nativeruntime/4.16.1/b3f40e562aec27ed2db7390ff4e34b57fab4bd32/nativeruntime-4.16.1.jar:/opt/gradle/.gradle/caches/modules-2/files-2.1/org.robolectric/shadowapi/4.16.1/67bd325ef7690b7afc58412bb8d412e0dec544dc/shadowapi-4.16.1.jar:/opt/gradle/.gradle/caches/modules-2/files-2.1/org.robolectric/utils/4.16.1/a1161904b408aae53d895b4cd5d0238cc1f0583c/utils-4.16.1.jar:/opt/gradle/.gradle/caches/modules-2/files-2.1/org.robolectric/pluginapi/4.16.1/c19231c5af0a4db96cf0f137f80ec7b598e1d4bc/pluginapi-4.16.1.jar:/opt/gradle/.gradle/caches/modules-2/files-2.1/com.google.errorprone/error_prone_annotation/2.41.0/e83c3036b7cd2eb35f713c73a743d85fecc487bf/error_prone_annotation-2.41.0.jar:/opt/gradle/.gradle/caches/modules-2/files-2.1/com.google.guava/guava/33.4.8-jre/cb7510a733595f02fe633ffff62d40cfc3056e9/guava-33.4.8-android.jar:/opt/gradle/.gradle/caches/modules-2/files-2.1/com.google.guava/listenablefuture/9999.0-empty-to-avoid-conflict-with-guava/b421526c5f297295adef1c886e5246c39d4ac629/listenablefuture-9999.0-empty-to-avoid-conflict-with-guava.jar:/opt/gradle/.gradle/caches/modules-2/files-2.1/org.hamcrest/hamcrest-integration/1.3/5de0c73fef18917cd85d0ab70bb23818685e4dfd/hamcrest-integration-1.3.jar:/opt/gradle/.gradle/caches/modules-2/files-2.1/org.hamcrest/hamcrest-library/1.3/4785a3c21320980282f9f33d0d1264a69040538f/hamcrest-library-1.3.jar:/opt/gradle/.gradle/caches/modules-2/files-2.1/org.hamcrest/hamcrest-core/1.3/42a25dc3219429f0e5d060061f71acb49bf010a0/hamcrest-core-1.3.jar:/opt/gradle/.gradle/caches/modules-2/files-2.1/org.conscrypt/conscrypt-openjdk-uber/2.5.2/d858f142ea189c62771c505a6548d8606ac098fe/conscrypt-openjdk-uber-2.5.2.jar:/opt/gradle/.gradle/caches/modules-2/files-2.1/org.yaml/snakeyaml/2.4/e0666b825b796f85521f02360e77f4c92c5a7a07/snakeyaml-2.4.jar:/opt/gradle/.gradle/caches/9.3.1/transforms/e552d817aa411be6a47a75e5eae4ab0f/transformed/espresso-idling-resource-3.7.0-runtime.jar:/opt/gradle/.gradle/caches/modules-2/files-2.1/com.google.testparameterinjector/test-parameter-injector/1.18/5da02ca88c55bab58071a33e3f5fb6cfcf5df270/test-parameter-injector-1.18.jar:/opt/gradle/.gradle/caches/modules-2/files-2.1/org.robolectric/annotations/4.16.1/59e6be87a183b4bd397d5f2088531b0cdb8b1155/annotations-4.16.1.jar:/opt/gradle/.gradle/caches/modules-2/files-2.1/javax.inject/javax.inject/1/6975da39a7040257bd51d21a231b76c915872d38/javax.inject-1.jar:/opt/gradle/.gradle/caches/modules-2/files-2.1/javax.annotation/javax.annotation-api/1.3.2/934c04d3cfef185a8008e7bf34331b79730a9d43/javax.annotation-api-1.3.2.jar:/opt/gradle/.gradle/caches/modules-2/files-2.1/org.bouncycastle/bcprov-jdk18on/1.81/d17c094daef57dbd80af71687a475aa6df7cbe54/bcprov-jdk18on-1.81.jar:/opt/gradle/.gradle/caches/modules-2/files-2.1/org.jetbrains/annotations/23.0.0/8cc20c07506ec18e0834947b84a864bfc094484e/annotations-23.0.0.jar:/opt/gradle/.gradle/caches/modules-2/files-2.1/com.google.auto.value/auto-value-annotations/1.11.0/f0d047931d07cfbc6fa4079854f181ff62891d6f/auto-value-annotations-1.11.0.jar:/opt/gradle/.gradle/caches/modules-2/files-2.1/org.ow2.asm/asm-commons/9.8/36e4d212970388e5bd2c5180292012502df461bb/asm-commons-9.8.jar:/opt/gradle/.gradle/caches/modules-2/files-2.1/org.ow2.asm/asm-tree/9.8/18419ca5b77a2f81097c741e7872e6ab8d2f40d/asm-tree-9.8.jar:/opt/gradle/.gradle/caches/modules-2/files-2.1/org.ow2.asm/asm/9.8/dc19ecb3f7889b7860697215cae99c0f9b6f6b4b/asm-9.8.jar:/opt/gradle/.gradle/caches/modules-2/files-2.1/com.almworks.sqlite4java/sqlite4java/1.0.392/d6234e08ff4e1607ff5321da2579571f05ff778d/sqlite4java-1.0.392.jar:/opt/gradle/.gradle/caches/modules-2/files-2.1/com.ibm.icu/icu4j/77.1/38693cf0b1d7362a8b726af74dc06026a7c23809/icu4j-77.1.jar:/opt/gradle/.gradle/caches/modules-2/files-2.1/org.jspecify/jspecify/1.0.0/7425a601c1c7ec76645a78d22b8c6a627edee507/jspecify-1.0.0.jar:/opt/gradle/.gradle/caches/modules-2/files-2.1/com.google.guava/failureaccess/1.0.3/aeaffd00d57023a2c947393ed251f0354f0985fc/failureaccess-1.0.3.jar:/opt/gradle/.gradle/caches/modules-2/files-2.1/com.google.errorprone/error_prone_annotations/2.36.0/227d4d4957ccc3dc5761bd897e3a0ee587e750a7/error_prone_annotations-2.36.0.jar:/opt/gradle/.gradle/caches/modules-2/files-2.1/com.google.j2objc/j2objc-annotations/3.0.0/7399e65dd7e9ff3404f4535b2f017093bdb134c7/j2objc-annotations-3.0.0.jar:/opt/gradle/.gradle/caches/modules-2/files-2.1/org.robolectric/nativeruntime-dist-compat/1.0.18/a966cdb1df961a0df69acec8f98bb10d3ebf5f66/nativeruntime-dist-compat-1.0.18.jar:/opt/gradle/.gradle/caches/modules-2/files-2.1/com.squareup/javawriter/2.1.1/67ff45d9ae02e583d0f9b3432a5ebbe05c30c966/javawriter-2.1.1.jar:/opt/gradle/.gradle/caches/modules-2/files-2.1/com.google.code.findbugs/jsr305/2.0.2/516c03b21d50a644d538de0f0369c620989cd8f0/jsr305-2.0.2.jar:/app/applet/app/build/intermediates/java_res/debug/processDebugJavaRes/out:/opt/gradle/.gradle/caches/9.3.1/transforms/71ff749a2b64a04842073419ff4cbb06/transformed/navigation-common-2.8.9/jars/classes.jar:/opt/gradle/.gradle/caches/9.3.1/transforms/87a074cc4ba52401c71a401f43e8b34d/transformed/navigation-runtime-2.8.9/jars/classes.jar:/opt/gradle/.gradle/caches/9.3.1/transforms/cb3321def43239e5011285b33703cfb4/transformed/navigation-common-ktx-2.8.9/jars/classes.jar:/opt/gradle/.gradle/caches/9.3.1/transforms/69d918c59f924178a4f26a39181644b9/transformed/navigation-runtime-ktx-2.8.9/jars/classes.jar:/opt/gradle/.gradle/caches/9.3.1/transforms/a1e2f2832c4cf27499a65c1826a890a7/transformed/navigation-compose-2.8.9/jars/classes.jar:/opt/gradle/.gradle/caches/9.3.1/transforms/03880d2ce080d398510a95d57e01fad3/transformed/ui-test-junit4-release/jars/classes.jar:/opt/gradle/.gradle/caches/9.3.1/transforms/ddbc95e4e7a0959342d51e398632d327/transformed/activity-1.10.1/jars/classes.jar:/opt/gradle/.gradle/caches/9.3.1/transforms/d1714fce2f082650a6696920fd3caa91/transformed/activity-ktx-1.10.1/jars/classes.jar:/opt/gradle/.gradle/caches/9.3.1/transforms/e72ded074d8688b6c2661e805d946815/transformed/material3-release/jars/classes.jar:/opt/gradle/.gradle/caches/9.3.1/transforms/3589f07397b43467554d66ca9c945e5b/transformed/material-release/jars/classes.jar:/opt/gradle/.gradle/caches/9.3.1/transforms/d32d6c305375e36292da752cce890cb2/transformed/material-ripple/jars/classes.jar:/opt/gradle/.gradle/caches/9.3.1/transforms/3c119bc55c6e0fce5186121ecb0eba25/transformed/foundation-release/jars/classes.jar:/opt/gradle/.gradle/caches/9.3.1/transforms/2808e201b31ca15d0877e296198f6c96/transformed/foundation-layout-release/jars/classes.jar:/opt/gradle/.gradle/caches/9.3.1/transforms/0bacdd0ec00387375c7e5254dba8a258/transformed/animation-core-release/jars/classes.jar:/opt/gradle/.gradle/caches/9.3.1/transforms/0475eaf2995264ed5d4994507f9945be/transformed/animation/jars/classes.jar:/opt/gradle/.gradle/caches/9.3.1/transforms/1a450dfc1eda5560f92d8c04f1053348/transformed/ui-tooling-data/jars/classes.jar:/opt/gradle/.gradle/caches/9.3.1/transforms/ec3b63b344f3638a88d8817c7430dbe5/transformed/ui-test-release/jars/classes.jar:/opt/gradle/.gradle/caches/9.3.1/transforms/cd07fead45f50b3e00390df0c665689b/transformed/ui-unit-release/jars/classes.jar:/opt/gradle/.gradle/caches/9.3.1/transforms/74d75eaf3d205f08c9538b3323583d8c/transformed/ui-geometry/jars/classes.jar:/opt/gradle/.gradle/caches/9.3.1/transforms/e4a4ca94c5e6ad8dec96df5ec4bb9ae1/transformed/ui-util-release/jars/classes.jar:/opt/gradle/.gradle/caches/9.3.1/transforms/4ed0d413dacc9285d591ed6a595ffb3d/transformed/ui-text-release/jars/classes.jar:/opt/gradle/.gradle/caches/9.3.1/transforms/d3d162c0f3d9fdd2163e36e0d3d2d3a0/transformed/ui-tooling-preview/jars/classes.jar:/opt/gradle/.gradle/caches/9.3.1/transforms/1d9c33377f55fac1d2c860ee32050c5e/transformed/ui-graphics-release/jars/classes.jar:/opt/gradle/.gradle/caches/9.3.1/transforms/1bccbb604237aea6439acd6ac64f9974/transformed/ui-tooling-release/jars/classes.jar:/opt/gradle/.gradle/caches/9.3.1/transforms/326dc125eece3ab501ed6dc1843c95ea/transformed/activity-compose-1.10.1/jars/classes.jar:/opt/gradle/.gradle/caches/9.3.1/transforms/289c71becd429ca7184d8b9487fd62c0/transformed/work-runtime-ktx-2.9.1/jars/classes.jar:/opt/gradle/.gradle/caches/9.3.1/transforms/7bd15220579f6fcc9e77fe2006e6315e/transformed/work-runtime-2.9.1/jars/classes.jar:/opt/gradle/.gradle/caches/9.3.1/transforms/6a4ec91945314e5eb81ac0042d2b839f/transformed/customview-poolingcontainer-1.0.0/jars/classes.jar:/opt/gradle/.gradle/caches/9.3.1/transforms/a43909252a3af89520556ad2f2f34f80/transformed/core-ktx-1.18.0/jars/classes.jar:/opt/gradle/.gradle/caches/9.3.1/transforms/2975ad87d8b15ba608b213da5b85766d/transformed/autofill-1.0.0/jars/classes.jar:/opt/gradle/.gradle/caches/9.3.1/transforms/bbc7d8244b90058a029de9aa58bcf6dc/transformed/graphics-path-1.0.1/jars/classes.jar:/opt/gradle/.gradle/caches/9.3.1/transforms/ee095149f9b7e62f319056a2b3ab5d8f/transformed/emoji2-1.4.0/jars/classes.jar:/opt/gradle/.gradle/caches/9.3.1/transforms/ee095149f9b7e62f319056a2b3ab5d8f/transformed/emoji2-1.4.0/jars/libs/repackaged.jar:/opt/gradle/.gradle/caches/9.3.1/transforms/f7e16338296c22a062a66d37291d7e60/transformed/core-1.18.0/jars/classes.jar:/opt/gradle/.gradle/caches/9.3.1/transforms/7a16f680cf913ec018cf110d925e49ab/transformed/junit-1.3.0/jars/classes.jar:/opt/gradle/.gradle/caches/9.3.1/transforms/26f2ae3f2380ef2267be60e658d38883/transformed/espresso-core-3.5.0/jars/classes.jar:/opt/gradle/.gradle/caches/9.3.1/transforms/8bb98aa0f1482c3560d4ec8e95d5d6ba/transformed/core-1.7.0/jars/classes.jar:/opt/gradle/.gradle/caches/9.3.1/transforms/810be5318efc6188636258d952da6fc2/transformed/savedstate-ktx-1.2.1/jars/classes.jar:/opt/gradle/.gradle/caches/9.3.1/transforms/bf1bc3c5a3f38b239c994270df7d8795/transformed/savedstate-1.2.1/jars/classes.jar:/opt/gradle/.gradle/caches/9.3.1/transforms/c22b97e9332a7bea7d35a670c0aa3e99/transformed/lifecycle-process-2.8.7/jars/classes.jar:/opt/gradle/.gradle/caches/9.3.1/transforms/acc4ad0f0f384b81eb38610040d63358/transformed/lifecycle-livedata-core-ktx-2.8.7/jars/classes.jar:/opt/gradle/.gradle/caches/9.3.1/transforms/61f9827be9ffddda40be969bf18ecfb3/transformed/lifecycle-livedata-core-2.8.7/jars/classes.jar:/opt/gradle/.gradle/caches/9.3.1/transforms/2085fc73124fd1ddc05d7dcc31f32337/transformed/lifecycle-viewmodel-release/jars/classes.jar:/opt/gradle/.gradle/caches/9.3.1/transforms/69fa35c1bc6674db7765fed2d36b30fc/transformed/lifecycle-runtime-release/jars/classes.jar:/opt/gradle/.gradle/caches/9.3.1/transforms/b25d08c3d651739322ca72520e771a73/transformed/lifecycle-service-2.8.7/jars/classes.jar:/opt/gradle/.gradle/caches/9.3.1/transforms/e947dfa8d5c3e23bea11d75fa4443cab/transformed/lifecycle-livedata-2.8.7/jars/classes.jar:/opt/gradle/.gradle/caches/9.3.1/transforms/a9c652e33052a32a82612a5ec125e6c4/transformed/lifecycle-viewmodel-savedstate-2.8.7/jars/classes.jar:/opt/gradle/.gradle/caches/9.3.1/transforms/4f3b18eb0a67c62b413fecc40d2c37e7/transformed/lifecycle-viewmodel-ktx-2.8.7/jars/classes.jar:/opt/gradle/.gradle/caches/9.3.1/transforms/d791feaf506057d0e78d388f0d04f296/transformed/lifecycle-runtime-ktx-release/jars/classes.jar:/opt/gradle/.gradle/caches/9.3.1/transforms/31641c6acd04662fc76173a94829481c/transformed/lifecycle-runtime-compose-release/jars/classes.jar:/opt/gradle/.gradle/caches/9.3.1/transforms/26f08c5e4826411565fd6dd4d383ba23/transformed/lifecycle-viewmodel-compose-release/jars/classes.jar:/opt/gradle/.gradle/caches/9.3.1/transforms/6a00bded64a52736ac6f5f7e02f3ac9e/transformed/material-icons-extended-release/jars/classes.jar:/opt/gradle/.gradle/caches/9.3.1/transforms/acd41c4634c2a499ad9f1ceac809da97/transformed/material-icons-core-release/jars/classes.jar:/opt/gradle/.gradle/caches/9.3.1/transforms/222517fd5f0c7848bede820440d4999b/transformed/ui-release/jars/classes.jar:/opt/gradle/.gradle/caches/9.3.1/transforms/e1e00e9caa5ab76602491541c221421c/transformed/ui-test-manifest-1.8.0/jars/classes.jar:/opt/gradle/.gradle/caches/9.3.1/transforms/d3448b9a83bad0f7135c35c31f045df6/transformed/room-runtime-release/jars/classes.jar:/opt/gradle/.gradle/caches/9.3.1/transforms/188784849c55d38f4e01917be573830c/transformed/room-ktx-2.7.0/jars/classes.jar:/opt/gradle/.gradle/caches/9.3.1/transforms/198518b24b9169eb2f5847628021d405/transformed/room-testing-release/jars/classes.jar:/opt/gradle/.gradle/caches/9.3.1/transforms/b3419d62713df5234599574b398cc5a4/transformed/runner-1.5.0/jars/classes.jar:/opt/gradle/.gradle/caches/9.3.1/transforms/bffa93a411a932a7c84ef47a4a049c77/transformed/runtime-saveable-release/jars/classes.jar:/opt/gradle/.gradle/caches/9.3.1/transforms/e5fb266836f640a4cdf200b0fbff21ed/transformed/runtime-release/jars/classes.jar:/opt/gradle/.gradle/caches/9.3.1/transforms/30862e71869d146ae6330576c68a1ed7/transformed/datastore-core-release/jars/classes.jar:/opt/gradle/.gradle/caches/9.3.1/transforms/c0b6a29749b9c842ec351895f3872ba3/transformed/datastore-preferences-core-release/jars/classes.jar:/opt/gradle/.gradle/caches/9.3.1/transforms/97d7491d6905f47bc437888e1b9a2e80/transformed/datastore-release/jars/classes.jar:/opt/gradle/.gradle/caches/9.3.1/transforms/f0072fe32f82a6415fdf169e0602ca18/transformed/datastore-preferences-release/jars/classes.jar:/opt/gradle/.gradle/caches/9.3.1/transforms/ffd573f6f431c7e942b5388a56105c37/transformed/profileinstaller-1.4.0/jars/classes.jar:/opt/gradle/.gradle/caches/9.3.1/transforms/1db71360c9d6d0a8bf374b937d6b1e02/transformed/core-splashscreen-1.0.1/jars/classes.jar:/opt/gradle/.gradle/caches/9.3.1/transforms/bd627f14b32a9cdefe2c91890e118261/transformed/storage-1.6.0/jars/classes.jar:/opt/gradle/.gradle/caches/9.3.1/transforms/035924ce91a0d6608851fac437b860cd/transformed/monitor-1.8.0/jars/classes.jar:/opt/gradle/.gradle/caches/9.3.1/transforms/adc93ab3c431374a196c951785bfb437/transformed/annotation-1.0.1/jars/classes.jar:/opt/gradle/.gradle/caches/9.3.1/transforms/8d6f2525b5e072f07355d65fe1cb71a0/transformed/annotation-experimental-1.4.1/jars/classes.jar:/opt/gradle/.gradle/caches/9.3.1/transforms/df83f9434f938f51c78f1b84ab0c4f92/transformed/core-viewtree-1.0.0/jars/classes.jar:/opt/gradle/.gradle/caches/9.3.1/transforms/4754710214d1f3b57b22d9e1f91c3e63/transformed/sqlite-framework-release/jars/classes.jar:/opt/gradle/.gradle/caches/9.3.1/transforms/f5d4111b938e056c789c01cc512fa88c/transformed/sqlite-release/jars/classes.jar:/opt/gradle/.gradle/caches/9.3.1/transforms/5b6bc49e7508ac40cf52787bec29e6e2/transformed/versionedparcelable-1.1.1/jars/classes.jar:/opt/gradle/.gradle/caches/9.3.1/transforms/08bf7980a0fe2c1bb268b133a9bf8f1a/transformed/core-runtime-2.2.0/jars/classes.jar:/opt/gradle/.gradle/caches/9.3.1/transforms/310ec112483bd6a978f8deda56bf75dd/transformed/startup-runtime-1.1.1/jars/classes.jar:/opt/gradle/.gradle/caches/9.3.1/transforms/db8ddf01392cf74b8aca6afc8cb81d53/transformed/tracing-1.2.0/jars/classes.jar:/opt/gradle/.gradle/caches/9.3.1/transforms/84cb9e6f8205bcf43ab28d95b41eeed0/transformed/interpolator-1.0.0/jars/classes.jar:/opt/gradle/.gradle/caches/9.3.1/transforms/1b4e25537854fd63006ac45e7de3ad41/transformed/espresso-idling-resource-3.7.0/jars/classes.jar:/app/applet/app/build/intermediates/compile_and_runtime_r_class_jar/debug/processDebugResources/R.jar:/opt/gradle/.gradle/caches/9.3.1/transforms/73201a155b2982baab319033152919cf/transformed/android.jar
Launcher Type: SUN_STANDARD

[Global flags]
     intx CICompilerCount                          = 3                                         {product} {ergonomic}
     uint ConcGCThreads                            = 1                                         {product} {ergonomic}
     uint G1ConcRefinementThreads                  = 4                                         {product} {ergonomic}
   size_t G1HeapRegionSize                         = 1048576                                   {product} {ergonomic}
    uintx GCDrainStackTargetSize                   = 64                                        {product} {ergonomic}
   size_t InitialHeapSize                          = 201326592                                 {product} {ergonomic}
   size_t MarkStackSize                            = 4194304                                   {product} {ergonomic}
   size_t MaxHeapSize                              = 536870912                                 {product} {command line}
   size_t MaxNewSize                               = 321912832                                 {product} {ergonomic}
   size_t MinHeapDeltaBytes                        = 1048576                                   {product} {ergonomic}
   size_t MinHeapSize                              = 8388608                                   {product} {ergonomic}
    uintx NonNMethodCodeHeapSize                   = 5832780                                {pd product} {ergonomic}
    uintx NonProfiledCodeHeapSize                  = 122912730                              {pd product} {ergonomic}
    uintx ProfiledCodeHeapSize                     = 122912730                              {pd product} {ergonomic}
    uintx ReservedCodeCacheSize                    = 251658240                              {pd product} {ergonomic}
     bool SegmentedCodeCache                       = true                                      {product} {ergonomic}
   size_t SoftMaxHeapSize                          = 536870912                              {manageable} {ergonomic}
     bool UseCompressedOops                        = true                           {product lp64_product} {ergonomic}
     bool UseG1GC                                  = true                                      {product} {ergonomic}

Logging:
Log output configuration:
 #0: stdout all=warning uptime,level,tags foldmultilines=false
 #1: stderr all=off uptime,level,tags foldmultilines=false

Release file:
IMPLEMENTOR="Eclipse Adoptium"
IMPLEMENTOR_VERSION="Temurin-21.0.12+8"
JAVA_RUNTIME_VERSION="21.0.12+8-LTS"
JAVA_VERSION="21.0.12"
JAVA_VERSION_DATE="2026-07-21"
LIBC="gnu"
MODULES="java.base java.compiler java.datatransfer java.xml java.prefs java.desktop java.instrument java.logging java.management java.security.sasl java.naming java.rmi java.management.rmi java.net.http java.scripting java.security.jgss java.transaction.xa java.sql java.sql.rowset java.xml.crypto java.se java.smartcardio jdk.accessibility jdk.internal.jvmstat jdk.attach jdk.charsets jdk.internal.opt jdk.zipfs jdk.compiler jdk.crypto.ec jdk.crypto.cryptoki jdk.dynalink jdk.internal.ed jdk.editpad jdk.hotspot.agent jdk.httpserver jdk.incubator.vector jdk.internal.le jdk.internal.vm.ci jdk.internal.vm.compiler jdk.internal.vm.compiler.management jdk.jartool jdk.javadoc jdk.jcmd jdk.management jdk.management.agent jdk.jconsole jdk.jdeps jdk.jdwp.agent jdk.jdi jdk.jfr jdk.jlink jdk.jpackage jdk.jshell jdk.jsobject jdk.jstatd jdk.localedata jdk.management.jfr jdk.naming.dns jdk.naming.rmi jdk.net jdk.nio.mapmode jdk.random jdk.sctp jdk.security.auth jdk.security.jgss jdk.unsupported jdk.unsupported.desktop jdk.xml.dom"
OS_ARCH="x86_64"
OS_NAME="Linux"
SOURCE=".:git:04806bcb1d50"
BUILD_SOURCE="git:e6ba7dec3d07654074559310376a3ae89da5f4ac"
BUILD_SOURCE_REPO="https://github.com/adoptium/temurin-build.git"
SOURCE_REPO="https://github.com/adoptium/jdk21u.git"
FULL_VERSION="21.0.12+8-LTS"
SEMANTIC_VERSION="21.0.12+8"
BUILD_INFO="OS: Linux Version: 6.8.0-1062-azure"
JVM_VARIANT="Hotspot"
JVM_VERSION="21.0.12+8-LTS"
IMAGE_TYPE="JDK"

Environment Variables:
PATH=/usr/local/sbin:/usr/local/bin:/usr/sbin:/usr/bin:/sbin:/bin:/opt/android/sdk/cmdline-tools/latest/bin:/opt/android/sdk/platform-tools:/opt/gradle/gradle-9.3.1/bin:/usr/local/sbin:/usr/local/bin:/usr/sbin:/usr/bin:/sbin:/bin
LANG=en_US.UTF-8
LC_ALL=en_US.UTF-8

Active Locale:
LC_ALL=LC_CTYPE=en_US.UTF-8;LC_NUMERIC=C;LC_TIME=en_US.UTF-8;LC_COLLATE=en_US.UTF-8;LC_MONETARY=en_US.UTF-8;LC_MESSAGES=en_US.UTF-8;LC_PAPER=en_US.UTF-8;LC_NAME=en_US.UTF-8;LC_ADDRESS=en_US.UTF-8;LC_TELEPHONE=en_US.UTF-8;LC_MEASUREMENT=en_US.UTF-8;LC_IDENTIFICATION=en_US.UTF-8
LC_COLLATE=en_US.UTF-8
LC_CTYPE=en_US.UTF-8
LC_MESSAGES=en_US.UTF-8
LC_MONETARY=en_US.UTF-8
LC_NUMERIC=C
LC_TIME=en_US.UTF-8

Signal Handlers:
   SIGSEGV: crash_handler in libjvm.so, mask=11100100010111111101111111111110, flags=SA_RESTART|SA_SIGINFO, unblocked
    SIGBUS: crash_handler in libjvm.so, mask=11100100010111111101111111111110, flags=SA_RESTART|SA_SIGINFO, unblocked
    SIGFPE: crash_handler in libjvm.so, mask=11100100010111111101111111111110, flags=SA_RESTART|SA_SIGINFO, unblocked
   SIGPIPE: javaSignalHandler in libjvm.so, mask=11100100010111111101111111111110, flags=SA_RESTART|SA_SIGINFO, blocked
   SIGXFSZ: javaSignalHandler in libjvm.so, mask=11100100010111111101111111111110, flags=SA_RESTART|SA_SIGINFO, blocked
    SIGILL: crash_handler in libjvm.so, mask=11100100010111111101111111111110, flags=SA_RESTART|SA_SIGINFO, unblocked
   SIGUSR2: SR_handler in libjvm.so, mask=00000000000000000000000000000000, flags=SA_RESTART|SA_SIGINFO, blocked
    SIGHUP: UserHandler in libjvm.so, mask=11100100010111111101111111111110, flags=SA_RESTART|SA_SIGINFO, blocked
    SIGINT: UserHandler in libjvm.so, mask=11100100010111111101111111111110, flags=SA_RESTART|SA_SIGINFO, blocked
   SIGTERM: UserHandler in libjvm.so, mask=11100100010111111101111111111110, flags=SA_RESTART|SA_SIGINFO, blocked
   SIGQUIT: UserHandler in libjvm.so, mask=11100100010111111101111111111110, flags=SA_RESTART|SA_SIGINFO, blocked
   SIGTRAP: crash_handler in libjvm.so, mask=11100100010111111101111111111110, flags=SA_RESTART|SA_SIGINFO, unblocked


Periodic native trim disabled

---------------  S Y S T E M  ---------------

OS:
DISTRIB_ID=Ubuntu
DISTRIB_RELEASE=22.04
DISTRIB_CODENAME=jammy
DISTRIB_DESCRIPTION="Ubuntu 22.04.5 LTS"
uname: Linux 4.19.0-gvisor #1 SMP Sun Jan 10 15:06:54 PST 2016 x86_64
OS uptime: 0 days 0:18 hours
libc: glibc 2.36 NPTL 2.36 
rlimit (soft/hard): STACK 8192k/infinity , CORE 0k/infinity , NPROC 1048576/536870911 , NOFILE 25000/25000 , AS infinity/infinity , CPU infinity/infinity , DATA infinity/infinity , FSIZE infinity/infinity , MEMLOCK infinity/infinity
load average: 0.00 0.00 0.00

/proc/meminfo:
MemTotal:       12582912 kB
MemFree:         5960016 kB
MemAvailable:    5960016 kB
Buffers:               0 kB
Cached:          1850904 kB
SwapCache:             0 kB
Active:          6322876 kB
Inactive:         300008 kB
Active(anon):    6022872 kB
Inactive(anon):        0 kB
Active(file):     300004 kB
Inactive(file):   300008 kB
Unevictable:           0 kB
Mlocked:               0 kB
SwapTotal:             0 kB
SwapFree:              0 kB
Dirty:                 0 kB
Writeback:             0 kB
AnonPages:       6022872 kB
Mapped:           600012 kB
Shmem:           1250892 kB

/sys/kernel/mm/transparent_hugepage/enabled: <Not Available>
/sys/kernel/mm/transparent_hugepage/hpage_pmd_size: <Not Available>
/sys/kernel/mm/transparent_hugepage/defrag (defrag/compaction efforts parameter): <Not Available>

Process Memory:
Virtual Size: 4323780K (peak: -1K)
Resident Set Size: 469824K (peak: -1K)
C-Heap outstanding allocations: 93296K, retained: 37343K
glibc malloc tunables: (default)

/proc/sys/kernel/threads-max (system-wide limit on the number of threads): <Not Available>
/proc/sys/vm/max_map_count (maximum number of memory map areas a process may have): 2147483647
/proc/sys/vm/swappiness (control to define how aggressively the kernel swaps out anonymous memory): <Not Available>
/proc/sys/kernel/pid_max (system-wide limit on number of process identifiers): 65536

container information not found.
Steal ticks since vm start: 0
Steal ticks percentage since vm start:  0.000

CPU: total 4 (initial active 4) (128 cores per cpu, 1 threads per core) family 25 model 1 stepping 1 microcode 0x0, cx8, cmov, fxsr, mmx, 3dnowpref, sse, sse2, sse3, ssse3, sse4a, sse4.1, sse4.2, popcnt, lzcnt, tsc, avx, avx2, aes, erms, clmul, bmi1, bmi2, adx, sha, fma, vzeroupper, clflush, clflushopt, rdtscp, rdpid, fsrm, f16c, pku, ospke, cet_ss
CPU Model and flags from /proc/cpuinfo:
model name	: unknown
flags		: fpu vme de pse tsc msr pae mce cx8 apic sep mtrr pge mca cmov pat pse36 clflush mmx fxsr sse sse2 ht syscall nx mmxext fxsr_opt pdpe1gb rdtscp lm pni pclmulqdq monitor ssse3 fma cx16 pcid sse4_1 sse4_2 x2apic movbe popcnt aes xsave avx f16c rdrand lahf_lm cmp_legacy svm extapic cr8_legacy abm sse4a misalignsse 3dnowprefetch osvw ibs skinit wdt tce topoext perfctr_core perfctr_nb bpext perfctr_llc mwaitx fsgsbase bmi1 avx2 smep bmi2 erms invpcid cqm rdt_a rdseed adx smap clwb sha_ni xsaveopt xsavec xgetbv1 xsaves umip pku ospke vaes vpclmulqdq rdpid fsrm

Online cpus: 0-3
Offline cpus: <Not Available>
BIOS frequency limitation: <Not Available>
Frequency switch latency (ns): <Not Available>
Available cpu frequencies: <Not Available>
Current governor: <Not Available>
Core performance/turbo boost: <Not Available>

Memory: 4k page, physical 12582912k(5960016k free), swap 0k(0k free)
Page Sizes: 4k

vm_info: OpenJDK 64-Bit Server VM (21.0.12+8-LTS) for linux-amd64 JRE (21.0.12+8-LTS), built on 2026-07-21T00:00:00Z by "admin" with gcc 11.3.0

END.
